,name,source,RT_Amide6min,IsomericSMILES,RT
0,1,biotree,123.0,C[C@@H]1[C@@H]([C@@H]([C@H]([C@@H](O1)O[C@H]2CC[C@]3([C@H]([C@]2(C)CO)CC[C@@]4([C@@H]3C=C[C@@]56[C@]4(C[C@H]([C@@]7([C@H]5CC(CC7)(C)C)CO6)O)C)C)C)O)O[C@H]8[C@@H]([C@H]([C@@H]([C@H](O8)CO)O)O)O)O,2.05
1,2,biotree,279.6,C(CNC(=O)N)C(=O)O,4.66
2,3,biotree,135.6,C1=CC=C(C=C1)C(C#N)OC2C(C(C(C(O2)COC3C(C(C(C(O3)CO)O)O)O)O)O)O,2.26
3,4,biotree,165.0,CC1CCC2(C(C3C(O2)CC4C3(CCC5C4CCC6C5(CCC(C6)OC7C(C(C(C(O7)CO)OC8C(C(C(C(O8)CO)O)OC9C(C(C(CO9)O)O)O)OC2C(C(C(C(O2)CO)O)O)O)O)O)C)C)C)NC1,2.75
4,5,biotree,171.0,C1=C(C(=C(C(=C1I)NC(=O)CCCCC(=O)NC2=C(C=C(C(=C2I)C(=O)O)I)I)I)C(=O)O)I,2.85
5,6,biotree,148.8,CCC(C)C1C(=O)NC(C(=O)NC(C(=O)NC(CSSCC(C(=O)NC(C(=O)N1)CC2=CC=C(C=C2)O)N)C(=O)N3CCCC3C(=O)NC(CC(C)C)C(=O)NCC(=O)N)CC(=O)N)CCC(=O)N,2.48
6,7,biotree,130.2,CC1=CC2=C(C=C1C)N(C3=NC(=O)NC(=O)C3=N2)CC(C(C(CO)O)O)O,2.17
7,8,biotree,122.4,CCOC1=CC=C(C=C1)C2=NC3=C(N2)C=C(C=C3)C4=NC5=C(N4)C=C(C=C5)N6CCN(CC6)C,2.04
8,9,biotree,145.8,CCCCC(CC)CN=C(N)NC(=NCCCCCCN=C(N)NC(=NCC(CC)CCCC)N)N,2.43
9,10,biotree,142.8,C1=CN(C(=O)N=C1N)C2C(C(C(O2)CO)O)O,2.3800000000000003
10,11,biotree,234.0,CC(=O)N(CCCCCNC(=O)CCC(=O)N(CCCCCNC(=O)CCC(=O)N(CCCCCN)O)O)O,3.9
11,12,biotree,249.6,CC(=O)SCCNC(=O)CCNC(=O)C(C(C)(C)COP(=O)(O)OP(=O)(O)OCC1C(C(C(O1)N2C=NC3=C(N=CN=C32)N)O)OP(=O)(O)O)O,4.16
12,13,biotree,199.8,CC(=O)N(CC(CN(C1=C(C(=C(C(=C1I)C(=O)NCC(CO)O)I)C(=O)NCC(CO)O)I)C(=O)C)O)C2=C(C(=C(C(=C2I)C(=O)NCC(CO)O)I)C(=O)NCC(CO)O)I,3.33
13,14,biotree,140.4,CC(=O)NC1=C(C(=C(C(=C1I)C(=O)O)I)NC(=O)C)I,2.3400000000000003
14,15,biotree,137.4,CON=C(C1=CSC(=N1)N)C(=O)NC2C3N(C2=O)C(=CCS3)C(=O)O,2.29
15,16,biotree,138.0,C1C(=C(N2[C@H](S1)[C@@H](C2=O)NC(=O)[C@@H](C3=CC=CC=C3)O)C(=O)O)CSC4=NN=NN4CS(=O)(=O)O,2.3
16,17,biotree,129.0,CC(=O)NC1=C(C(=C(C(=C1I)C(=O)O)I)C(=O)NC)I,2.15
17,18,biotree,124.8,CCCCCCCCN=C1C=CN(C=C1)CCCCCCCCCCN2C=CC(=NCCCCCCCC)C=C2,2.08
18,19,biotree,151.8,C[C@H]([C@@H](CO)NC(=O)C1CSSCC(C(=O)NC(C(=O)NC(C(=O)NC(C(=O)NC(C(=O)N1)C(C)O)CCCCN)CC2=CNC3=CC=CC=C32)CC4=CC=CC=C4)NC(=O)C(CC5=CC=CC=C5)N)O,2.5300000000000002
19,20,biotree,142.2,C[C@@H]1CC[C@@]2([C@H]([C@H]3[C@@H](O2)CC4[C@@]3(CC[C@H]5[C@H]4CC=C6[C@@]5(CC[C@@H](C6)O[C@H]7[C@@H]([C@H]([C@@H]([C@H](O7)CO)O[C@H]8[C@@H]([C@@H]([C@H]([C@@H](O8)C)O[C@H]9[C@H]([C@@H]([C@H]([C@@H](O9)C)O)O)O)O)O)O)O[C@H]2[C@@H]([C@@H](C([C@@H](O2)C)O)O)O)C)C)C)OC1,2.3699999999999997
20,21,biotree,152.4,C1=CC(=CN=C1)CC(=O)O,2.54
21,22,biotree,204.0,C(CC(=O)O)CN,3.4
22,23,biotree,199.8,C(C(=O)O)(NC(=O)N)NC(=O)N,3.33
23,24,biotree,126.0,C[C@H](CCC(=O)NCC(=O)O)[C@H]1CC[C@@H]2[C@@]1(CC[C@H]3[C@H]2[C@@H](C[C@H]4[C@@]3(CC[C@H](C4)O)C)O)C,2.1
24,25,biotree,201.6,C(CN)C(=O)O,3.36
25,26,biotree,130.8,C[C@@H]1[C@@H]([C@@H]([C@H]([C@@H](O1)O[C@H]2CC[C@]3([C@H]([C@]2(C)CO)CC[C@@]4([C@@H]3C=C[C@@]56[C@]4(C[C@@H]([C@@]7([C@H]5CC(CC7)(C)C)CO6)O)C)C)C)O)O[C@H]8[C@@H]([C@H]([C@@H]([C@H](O8)CO)O)O)O)O,2.18
26,27,biotree,141.0,CC(=CCC[C@@](C)([C@H]1CC[C@@]2([C@@H]1[C@@H](C[C@H]3[C@]2(C[C@@H]([C@@H]4[C@@]3(CC[C@@H](C4(C)C)O)C)O[C@H]5[C@@H]([C@H]([C@@H]([C@H](O5)CO)O)O)O)C)O)C)O[C@H]6[C@@H]([C@H]([C@@H]([C@H](O6)CO)O)O)O)C,2.35
27,28,biotree,139.8,CC(=CCC[C@@](C)([C@H]1CC[C@@]2([C@@H]1[C@@H](C[C@H]3[C@]2(C[C@@H]([C@@H]4[C@@]3(CC[C@@H](C4(C)C)O)C)O[C@H]5[C@@H]([C@H]([C@@H]([C@H](O5)CO)O)O)O[C@H]6[C@@H]([C@H]([C@@H]([C@H](O6)CO)O)O)O)C)O)C)O)C,2.33
28,29,biotree,148.2,C[C@@H]1CC[C@@]2([C@H]([C@]3([C@@H](O2)C[C@@H]4[C@@]3(CC[C@H]5[C@H]4CC=C6[C@@]5(CC[C@@H](C6)O[C@H]7[C@@H]([C@H]([C@@H]([C@H](O7)CO)O[C@H]8[C@@H]([C@@H]([C@H]([C@@H](O8)C)O[C@H]9[C@@H]([C@@H]([C@H]([C@@H](O9)C)O)O)O)O)O)O)O[C@H]2[C@@H]([C@@H]([C@H]([C@@H](O2)C)O)O)O)C)C)O)C)OC1,2.4699999999999998
29,30,biotree,208.8,C(CCN)CC(=O)O,3.48
30,31,biotree,142.2,C[C@@H]1CC[C@@]2([C@H]([C@H]3[C@@H](O2)C[C@@H]4[C@@]3(CC[C@H]5[C@H]4CC=C6[C@@]5(CC[C@@H](C6)O[C@H]7[C@@H]([C@H]([C@@H]([C@H](O7)CO)O[C@H]8[C@@H]([C@@H]([C@H]([C@@H](O8)C)O)O)O)O)O[C@H]9[C@@H]([C@@H]([C@H]([C@@H](O9)C)O)O)O)C)C)C)NC1,2.3699999999999997
31,32,biotree,157.8,C1=CC(=CC=C1NC(=NC(=NCCCCCCN=C(N)N=C(N)NC2=CC=C(C=C2)Cl)N)N)Cl,2.6300000000000003
32,33,biotree,151.8,CN1CCN(CC1)C2=CC3=C(C=C2)N=C(N3)C4=CC5=C(C=C4)N=C(N5)C6=CC=C(C=C6)O,2.5300000000000002
33,34,biotree,123.6,CC(C)(C1=CC=C(C=C1)C(CCCN2CCC(CC2)C(C3=CC=CC=C3)(C4=CC=CC=C4)O)O)C(=O)O,2.06
34,35,biotree,165.0,CC1CCC2(CCC3(C(=CCC4C3(CCC5C4(CC(C(C5(C)CO)O)O)C)C)C2C1C)C)C(=O)OC6C(C(C(C(O6)COC7C(C(C(C(O7)CO)OC8C(C(C(C(O8)C)O)O)O)O)O)O)O)O,2.75
35,36,biotree,140.4,CC1C(C(C(C(O1)OC2CC(C3(C4C(CCC3(C2)O)C5(CCC(C5(CC4O)C)C6=CC(=O)OC6)O)CO)O)O)O)O,2.3400000000000003
36,37,biotree,144.6,C[C@]12CCC34C[C@@]35CCC(C(C5[C@@H](CC4[C@@]1(C[C@H]([C@@H]2[C@]6(CC[C@H](O6)C(C)(C)O)C)O)C)O[C@H]7[C@@H]([C@H]([C@@H]([C@H](O7)CO)O)O)O)(C)C)O[C@H]8[C@@H]([C@H]([C@@H](CO8)O)O)O,2.4099999999999997
37,38,biotree,177.6,CC1CCC2(CCC3(C(=CCC4C3(CC(C5C4(CC(C(C5(C)CO)O)O)C)O)C)C2C1C)C)C(=O)OC6C(C(C(C(O6)COC7C(C(C(C(O7)CO)OC8C(C(C(C(O8)C)O)O)O)O)O)O)O)O,2.96
38,39,biotree,163.8,C[C@]12CCC[C@@]([C@@H]1CC[C@@]34[C@@H]2CC[C@@](C3)(C(=C)C4)O[C@H]5[C@@H]([C@H]([C@@H]([C@H](O5)CO)O)O)O[C@H]6[C@@H]([C@H]([C@@H]([C@H](O6)CO)O)O)O)(C)C(=O)O,2.73
39,40,biotree,167.4,CC=C(C)C(=O)O[C@H]1[C@@H]([C@@]2([C@@H](C[C@@]3(C(=CC[C@H]4[C@]3(CC[C@@H]5[C@@]4(CC[C@@H]([C@]5(C)CO)O[C@H]6[C@@H]([C@H]([C@@H]([C@H](O6)C(=O)O)O[C@H]7[C@@H]([C@H]([C@@H]([C@H](O7)CO)O)O)O)O)O[C@H]8[C@@H]([C@H]([C@@H]([C@H](O8)CO)O)O)O)C)C)[C@@H]2CC1(C)C)C)O)CO)OC(=O)C,2.79
40,41,biotree,162.6,C[C@]12CCC(C(C1CC[C@@]3(C2CC=C4[C@]3(CC[C@@]5([C@@H]4CC(CC5)(C)C)C(=O)O[C@H]6[C@@H]([C@H]([C@@H]([C@H](O6)CO)O)O)O)C)C)(C)C)O[C@H]7[C@@H]([C@H]([C@@H]([C@H](O7)C(=O)O)O)O[C@H]8[C@@H]([C@H]([C@@H](CO8)O)O)O)O,2.71
41,42,biotree,130.2,CC(C)C[C@@](CC(=O)OCC1=CC=C(C=C1)O[C@H]2[C@@H]([C@H]([C@@H]([C@H](O2)CO)O)O)O)(C(=O)OCC3=CC=C(C=C3)O[C@H]4[C@@H]([C@H]([C@@H]([C@H](O4)CO)O)O)O)O,2.17
42,43,biotree,160.8,C[C@@]1(CC[C@@]23CO[C@]4([C@@H]2C1)CC[C@@H]5[C@]6(CCC(C([C@@H]6CC[C@]5([C@@]4(C[C@H]3O)C)C)(C)C)O[C@H]7[C@@H]([C@H]([C@H](CO7)O[C@H]8[C@@H]([C@H]([C@@H]([C@H](O8)CO)O)O)O[C@H]9[C@@H]([C@H]([C@@H](CO9)O)O)O)O)O[C@H]1[C@@H]([C@H]([C@@H]([C@H](O1)CO)O)O)O)C)C=O,2.68
43,44,biotree,163.2,C[C@H]1CC[C@@]2([C@H]([C@H]3[C@@H](O2)C[C@@H]4[C@@]3(CC[C@H]5[C@H]4CC=C6[C@@]5(CC[C@@H](C6)O[C@H]7[C@@H]([C@H]([C@H]([C@H](O7)CO)O)O[C@H]8[C@@H]([C@H]([C@@H]([C@H](O8)CO)O)O)O)O[C@H]9[C@@H]([C@@H]([C@H]([C@@H](O9)C)O)O)O)C)C)C)NC1,2.7199999999999998
44,45,biotree,153.0,COC1=CC(=CC(=C1OC2C(C(C(C(O2)CO)O)O)O)OC)C3C4COC(C4CO3)C5=CC(=C(C(=C5)OC)OC6C(C(C(C(O6)CO)O)O)O)OC,2.55
45,46,biotree,150.6,C[C@H]1[C@@H]([C@H]([C@H]([C@@H](O1)O[C@@H]2[C@H]([C@@H]([C@H](O[C@H]2O[C@@H]3[C@H]([C@H](CO[C@H]3O[C@H]4CC[C@]5([C@H](C4(C)C)CC[C@@]6([C@@H]5CC=C7[C@]6(CC[C@@]8([C@H]7CC(CC8)(C)C)C(=O)O)C)C)C)O)O)CO)O)O)O)O)O,2.51
46,47,biotree,208.8,C(CCC(=O)O)CC(=O)O,3.48
47,48,biotree,217.8,CC1=CC2=C(C=C1C)N(C3=NC(=O)NC(=O)C3=N2)C[C@@H]([C@@H]([C@@H](COP(=O)(O)OP(=O)(O)OC[C@@H]4[C@H]([C@H]([C@@H](O4)N5C=NC6=C(N=CN=C65)N)O)O)O)O)O,3.6300000000000003
48,49,biotree,145.8,CN=C(N)N,2.43
49,50,biotree,209.4,C(CCC(=O)O)CCN,3.49
50,51,biotree,196.8,C(CC(=O)O)CN=C(N)N,3.2800000000000002
51,52,biotree,184.8,C[N+](C)(C)[O-],3.08
52,53,biotree,120.6,C[C@@H]1CC[C@@]2([C@H]([C@H]3[C@@H](O2)C[C@@H]4[C@@]3(CC[C@H]5[C@H]4CC=C6[C@@]5(CC[C@@H](C6)O[C@H]7[C@@H]([C@H]([C@@H]([C@H](O7)CO)O[C@H]8[C@@H]([C@@H]([C@H]([C@@H](O8)C)O)O)O)O)O[C@H]9[C@@H]([C@@H]([C@H]([C@@H](O9)C)O)O)O)C)C)C)OC1,2.01
53,54,biotree,153.6,C[C@H]1[C@@H]([C@H]([C@H]([C@@H](O1)O[C@@H]2[C@H]([C@H](CO[C@H]2O[C@H]3CC[C@@]4([C@H]5CC[C@@H]6[C@H]7[C@@](C[C@@H](O[C@@]78C[C@]6([C@@]5(CC[C@H]4C3(C)C)C)CO8)C=C(C)C)(C)O)C)O)O[C@H]9[C@@H]([C@H]([C@@H]([C@H](O9)CO)O)O)O[C@H]1[C@@H]([C@H]([C@@H](CO1)O)O)O)O)O)O,2.56
54,55,biotree,135.6,C[C@]12CC[C@@]34C[C@@]35CC[C@@H](C([C@@H]5[C@H](C[C@H]4[C@@]1(C[C@@H]([C@@H]2[C@]6(CC[C@H](O6)C(C)(C)O)C)O)C)O)(C)C)O[C@H]7[C@@H]([C@H]([C@@H](CO7)O)O)O[C@H]8[C@@H]([C@H]([C@@H]([C@H](O8)CO)O)O)O,2.26
55,56,biotree,136.8,C[C@]12CC[C@@H](C([C@@H]1CC[C@@]3([C@@H]2CC=C4[C@]3(CC[C@@]5([C@H]4CC(CC5)(C)C)C(=O)O)C)C)(C)C)O[C@H]6[C@@H]([C@H]([C@@H]([C@H](O6)C(=O)O)O)O)O,2.2800000000000002
56,57,biotree,174.0,C1CCNC(C1)C(=O)O,2.9
57,58,biotree,124.2,CC1C(C(C(C(O1)OC2C(C(C(OC2OC3CC4(C(CC(C5C4(CCC5C6(CCC(O6)C(C)(C)O)C)C)O)C7(C3C(C(CC7)O)(C)C)C)C)CO)O)O)O)O)O,2.07
58,59,biotree,176.4,C1=CC2=C(C(=C1)OCC(COC3=CC=CC4=C3C(=O)C=C(O4)C(=O)O)O)C(=O)C=C(O2)C(=O)O,2.94
59,60,biotree,139.8,C[C@@H](C(=O)N[C@@H](C(C)C)C(=O)NCC(=O)N[C@@H](CC1=CN=CN1)C(=O)N[C@@H](CC2=CC=CC=C2)C(=O)N[C@@H](CCSC)C(=O)N)NC(=O)[C@H](CC3=CNC4=CC=CC=C43)NC(=O)[C@H](CCC(=O)N)NC(=O)[C@@H]5CCC(=O)N5,2.33
60,61,biotree,153.0,COC1=CC(=CC(=C1O[C@H]2[C@@H]([C@H]([C@@H]([C@H](O2)CO)O)O)O)OC)[C@H]3[C@@H]4CO[C@H]([C@@H]4CO3)C5=CC(=C(C(=C5)OC)O[C@H]6[C@@H]([C@H]([C@@H]([C@H](O6)CO)O)O)O)OC,2.55
61,62,biotree,199.8,CC[C@@H]1[C@@]([C@H]2[C@H]([C@H]([C@@H](C[C@@]([C@@H]([C@H]([C@@H]([C@H](C(=O)O1)C)O[C@H]3C[C@@]([C@H]([C@@H](O3)C)O)(C)OC)C)O[C@H]4[C@@H]([C@H](C[C@H](O4)C)N(C)C)O)(C)O)C)N[C@H](O2)COCCOC)C)(C)O,3.33
62,63,biotree,163.8,C[C@]12CC[C@@H](C([C@@H]1CC[C@@]3([C@@H]2CC=C4[C@]3(CC[C@@]5([C@H]4CC(CC5)(C)C)C(=O)O)C)C)(C)C)O[C@H]6[C@@H]([C@H]([C@@H]([C@H](O6)C(=O)O)O[C@H]7[C@@H]([C@H]([C@@H](O7)CO)O)O)O)O,2.73
63,64,biotree,136.8,C[C@@H]1CC[C@@]2([C@H]([C@H]3[C@@H](O2)C[C@@H]4[C@@]3(CC[C@H]5[C@H]4CC=C6[C@@]5(CC[C@@H](C6)O[C@H]7[C@@H]([C@H]([C@@H]([C@H](O7)CO)O)O[C@H]8[C@@H]([C@H]([C@@H]([C@H](O8)CO)O)O)O)O[C@H]9[C@@H]([C@@H]([C@H]([C@@H](O9)C)O)O)O)C)C)C)OC1,2.2800000000000002
64,65,biotree,145.2,C1=CC(=CC=C1C(CC(=O)O)CN)Cl,2.42
65,66,biotree,161.4,C[C@]12CC[C@@H](C([C@@H]1CC[C@@]3([C@@H]2CC=C4[C@]3(CC[C@@]5([C@H]4CC(CC5)(C)C)C(=O)O)C)C)(C)C)O[C@H]6[C@@H]([C@H]([C@@H]([C@H](O6)C(=O)O)O)O[C@H]7[C@@H]([C@H]([C@@H](CO7)O)O)O)O,2.69
66,67,biotree,171.6,C[C@H]1[C@@H]([C@H]([C@H]([C@@H](O1)O[C@@H]2[C@H]([C@@H]([C@H](O[C@H]2OC(=O)[C@@]34CC[C@@]5(C(=CC[C@H]6[C@]5(CC[C@@H]7[C@@]6(C[C@@H]([C@@H]([C@@]7(C)CO)O[C@H]8[C@@H]([C@H]([C@@H]([C@H](O8)CO)O)O)O)O)C)C)[C@@H]3CC(CC4)(C)C)C)CO)O)O)O)O)O[C@H]9[C@@H]([C@H]([C@@H](CO9)O)O)O,2.86
67,68,biotree,154.2,C[C@]12CCC(C(C1CC[C@@]3(C2CC=C4[C@]3(CC[C@@]5([C@@H]4CC(CC5)(C)C)C(=O)O[C@H]6[C@@H]([C@H]([C@@H]([C@H](O6)CO)O)O)O)C)C)(C)C)O[C@@H]7[C@@H]([C@H]([C@@H]([C@H](O7)C(=O)O)O[C@H]8[C@@H]([C@H]([C@@H](O8)CO)O)O)O)O,2.57
68,69,biotree,177.6,C1=CC(=CC=C1COC(=O)CC(CC(=O)OCC2=CC=C(C=C2)O[C@H]3[C@@H]([C@H]([C@@H]([C@H](O3)CO)O)O)O)(C(=O)OCC4=CC=C(C=C4)O[C@H]5[C@@H]([C@H]([C@@H]([C@H](O5)CO)O)O)O)O)O[C@H]6[C@@H]([C@H]([C@@H]([C@H](O6)CO)O)O)O,2.96
69,70,biotree,168.0,C[C@H]1[C@@H]([C@H]([C@H]([C@@H](O1)O[C@@H]2[C@H](O[C@H]([C@@H]([C@H]2O)O)OC[C@@H]3[C@H]([C@@H]([C@H]([C@@H](O3)OC(=O)[C@@]45CC[C@@]6(C(=CC[C@H]7[C@]6(CC[C@@H]8[C@@]7(CC[C@@H](C8(C)C)O[C@H]9[C@@H]([C@H]([C@H](CO9)O)O)O[C@H]1[C@@H]([C@H]([C@@H]([C@H](O1)CO)O)O)O)C)C)[C@@H]4CC(CC5)(C)C)C)O)O)O)COC(=O)C)O)O)O,2.8
70,71,biotree,128.4,CC(CCC(=O)NCC(=O)O)C1CCC2C1(CCC3C2C(CC4C3(CCC(C4)O)C)O)C,2.14
71,72,biotree,126.6,CC(C)C[C@@H](C(=O)O)NC(=O)[C@H](CC1=CC=CC=C1)NC(=O)CNC(=O)CNC(=O)[C@H](CC2=CC=C(C=C2)O)N,2.11
72,73,biotree,158.4,C[C@H]1[C@@H]([C@H]([C@H]([C@@H](O1)O[C@@H]2[C@H]([C@H](CO[C@H]2O[C@H]3CC[C@@]4([C@H]5CC[C@@H]6[C@H](CC[C@]6([C@@]5(CC[C@H]4C3(C)C)C)C)[C@@](CCC=C(C)C)(CO[C@H]7[C@@H]([C@H]([C@@H]([C@H](O7)CO)O)O)O)O)C=O)O)O[C@H]8[C@@H]([C@H]([C@@H](CO8)O)O)O)O)O)O,2.64
73,74,biotree,120.0,CCN(CC)CCCC(C)NC1=C2C=CC(=CC2=NC=C1)Cl,2.0
74,75,biotree,135.6,C[C@@H]1CC[C@@]2([C@H]([C@H]3[C@@H](O2)C[C@@H]4[C@@]3(CC[C@H]5[C@H]4CC=C6[C@@]5(CC[C@@H](C6)O[C@H]7[C@@H]([C@H]([C@@H]([C@H](O7)CO)O[C@H]8[C@@H]([C@H]([C@@H]([C@H](O8)CO)O)O)O)O)O[C@H]9[C@@H]([C@@H]([C@H]([C@@H](O9)C)O)O)O)C)C)C)OC1,2.26
75,76,biotree,166.8,C/C=C(\C)/C(=O)O[C@H]1[C@@H]([C@@]2([C@@H](C[C@@]3(C(=CC[C@H]4[C@]3(CC[C@@H]5[C@@]4(CC[C@@H]([C@]5(C)CO)O[C@H]6[C@@H]([C@H]([C@@H]([C@H](O6)C(=O)O)O[C@H]7[C@@H]([C@H]([C@@H]([C@H](O7)CO)O)O)O)O)O[C@H]8[C@@H]([C@H]([C@@H]([C@H](O8)CO)O)O)O)C)C)[C@@H]2CC1(C)C)C)O)COC(=O)C)O,2.7800000000000002
76,77,biotree,127.8,CC(=CCC[C@@](C)([C@H]1CC[C@@]2([C@@H]1[C@@H](C[C@H]3[C@]2(CC[C@@H]4[C@@]3(CC[C@@H](C4(C)C)O[C@H]5[C@@H]([C@H]([C@@H]([C@H](O5)CO)O)O)O)C)C)O)C)O[C@H]6[C@@H]([C@H]([C@@H]([C@H](O6)CO)O)O)O)C,2.13
77,78,biotree,170.4,CC1C(C(C(C(O1)OC2C(OC(C(C2O)O)OCC3C(C(C(C(O3)OC(=O)C45CCC(CC4C6=CCC7C8(CCC(C(C8CCC7(C6(CC5)C)C)(C)C)OC9C(C(C(CO9)O)O)OC1C(C(C(C(O1)C)O)O)O)C)(C)C)O)O)O)CO)O)O)O,2.8400000000000003
78,79,biotree,136.2,CC(=C[C@@H]1CO[C@]23C[C@]4(CO2)[C@@H]([C@H]3[C@@]1(C)O)CC[C@H]5[C@]4(CC[C@@H]6[C@@]5(CC[C@@H](C6(C)C)O[C@H]7[C@@H]([C@H]([C@H](CO7)O)O[C@H]8[C@@H]([C@H]([C@@H]([C@H](O8)COS(=O)(=O)O)O)O)O)O[C@H]9[C@@H]([C@H]([C@@H](O9)CO)O)O)C)C)C,2.27
79,80,biotree,166.8,C/C=C(/C)\C(=O)O[C@H]1[C@@H]([C@@]2([C@@H](C[C@@]3(C(=CC[C@H]4[C@]3(CC[C@@H]5[C@@]4(CC[C@@H]([C@]5(C)CO)O[C@H]6[C@@H]([C@H]([C@@H]([C@H](O6)C(=O)O)O[C@H]7[C@@H]([C@H]([C@@H]([C@H](O7)CO)O)O)O)O)O[C@H]8[C@@H]([C@H]([C@@H]([C@H](O8)CO)O)O)O)C)C)[C@@H]2CC1(C)C)C)O)COC(=O)C)O,2.7800000000000002
80,81,biotree,159.6,C[C@H]1[C@@H]([C@H]([C@H]([C@@H](O1)O[C@H]2[C@@H]([C@H](O[C@H]([C@@H]2O)O[C@H]3CC[C@]4([C@H](C3(C)C)CC[C@@]5([C@@H]4CC=C6[C@]5(CC[C@@]7([C@H]6CC(CC7)(C)C)C(=O)O[C@H]8[C@@H]([C@H]([C@@H]([C@H](O8)CO)O)O)O)C)C)C)C(=O)O)O)O)O)O,2.6599999999999997
81,82,biotree,171.6,CC1C(C(C(C(O1)OC2C(OC(C(C2O)O)OCC3C(C(C(C(O3)OC(=O)C45CCC(CC4C6=CCC7C8(CCC(C(C8CCC7(C6(CC5)C)C)(C)CO)OC9C(C(C(CO9)O)O)O)C)(C)C)O)O)O)CO)O)O)O,2.86
82,83,biotree,180.0,C(CN)CS(=O)(=O)O,3.0
83,84,biotree,133.8,C1=C(NC(=O)NC1=O)C(=O)O,2.23
84,85,biotree,223.2,C(C(C(=O)O)NC(=O)N)C(=O)O,3.7199999999999998
85,86,biotree,266.4,C([C@@H]1[C@H]([C@@H]([C@H]([C@H](O1)O[C@]2([C@H]([C@@H]([C@H](O2)CO)O)O)CO[C@]3([C@H]([C@@H]([C@H](O3)CO)O)O)CO[C@]4([C@H]([C@@H]([C@H](O4)CO)O)O)CO[C@]5([C@H]([C@@H]([C@H](O5)CO)O)O)CO[C@]6([C@H]([C@@H]([C@H](O6)CO)O)O)CO[C@]7([C@H]([C@@H]([C@H](O7)CO)O)O)CO)O)O)O)O,4.4399999999999995
86,87,biotree,193.2,CN(CC(=O)O)C(=N)N,3.2199999999999998
87,88,biotree,128.4,C1=CC(=CN=C1)C(=O)O,2.14
88,89,biotree,166.8,C(CS(=O)(=O)O)N,2.7800000000000002
89,90,biotree,149.4,C[C@H](CCC(=O)NCC(=O)O)[C@H]1CC[C@@H]2[C@@]1([C@H](C[C@H]3[C@H]2[C@@H](C[C@H]4[C@@]3(CC[C@H](C4)O)C)O)O)C,2.49
90,91,biotree,171.6,CN(C)CC(=O)O,2.86
91,92,biotree,178.2,CS(=O)CCC(C(=O)O)N,2.9699999999999998
92,93,biotree,150.0,C[C@H]1[C@@H]([C@H]([C@H]([C@@H](O1)OC[C@@H]2[C@H]([C@@H]([C@H]([C@@H](O2)OC3=C(OC4=CC(=CC(=C4C3=O)O)OCCO)C5=CC(=C(C=C5)OCCO)OCCO)O)O)O)O)O)O,2.5
93,94,biotree,130.2,C[C@@H]1[C@@H]([C@@H]([C@H]([C@@H](O1)O[C@H]2CC[C@]3([C@H]([C@]2(C)CO)CC[C@@]4([C@@H]3C=CC5=C6CC(CC[C@@]6([C@H](C[C@]54C)O)CO)(C)C)C)C)O)O[C@H]7[C@@H]([C@H]([C@@H]([C@H](O7)CO)O)O)O)O,2.17
94,95,biotree,165.0,C[C@H](CC[C@H](C(C)(C)O)O[C@H]1[C@@H]([C@H]([C@@H]([C@H](O1)CO[C@H]2[C@@H]([C@H]([C@@H]([C@H](O2)CO)O)O)O)O)O)O)[C@H]3CC[C@@]4([C@@]3(C[C@H]([C@@]5([C@H]4CC=C6[C@H]5CC[C@@H](C6(C)C)O[C@H]7[C@@H]([C@H]([C@@H]([C@H](O7)CO)O)O)O)C)O)C)C,2.75
95,96,biotree,157.8,CC1(CCC2(CCC3(C(=CCC4C3(CCC5C4(CCC(C5(C)CO)OC6C(C(C(CO6)O)O)O)C)C)C2C1)C)C(=O)OC7C(C(C(C(O7)COC8C(C(C(C(O8)CO)O)O)O)O)O)O)C,2.6300000000000003
96,97,biotree,130.2,C[C@H]1[C@@H]([C@H]([C@H]([C@@H](O1)OC2=C(OC3=C(C2=O)C(=CC(=C3CC=C(C)C)O[C@H]4[C@@H]([C@H]([C@@H]([C@H](O4)CO)O)O)O)O)C5=CC=C(C=C5)OC)O[C@H]6[C@@H]([C@H]([C@@H](CO6)O)O)O)O)O,2.17
97,98,biotree,125.4,CC[C@H](C)[C@H]1C(=O)N[C@H](C(=O)N[C@H](C(=O)N[C@@H](CSCCCC(=O)N[C@H](C(=O)N1)CC2=CC=C(C=C2)OC)C(=O)N3CCC[C@H]3C(=O)N[C@@H](CC(C)C)C(=O)NCC(=O)N)CC(=O)N)CCC(=O)N,2.0900000000000003
98,99,biotree,135.0,CC(=C[C@H]1C[C@]([C@@H]2[C@H]3CC[C@@H]4[C@]5(CC[C@@H](C([C@@H]5CC[C@]4([C@]36C[C@@]2(O1)OC6)C)(C)C)O[C@H]7[C@@H]([C@H]([C@H](CO7)O)O[C@H]8[C@@H]([C@H]([C@@H]([C@H](O8)CO)O)O)O)O[C@H]9[C@@H]([C@H]([C@@H](O9)CO)O)O)C)(C)O)C,2.25
99,100,biotree,125.4,CC(=CCC[C@@](C)([C@H]1CC[C@@]2([C@@H]1[C@@H](C[C@H]3[C@]2(CC[C@@H]4[C@@]3(CC[C@@H](C4(C)C)O[C@H]5[C@@H]([C@H]([C@@H]([C@H](O5)CO)O)O)O[C@H]6[C@@H]([C@H]([C@@H]([C@H](O6)CO)O)O)O)C)C)O)C)O)C,2.0900000000000003
101,102,biotree,162.0,C[C@H]1[C@@H]([C@H]([C@H]([C@@H](O1)O[C@@H]2[C@H](O[C@H]([C@@H]([C@H]2O)O[C@H]3[C@@H]([C@@H]([C@H]([C@@H](O3)C)O)O)O)O[C@H]4CC[C@@]5([C@H]6CC[C@]7([C@H]([C@@H]6CC=C5C4)C[C@H]8[C@@H]7C(=C(O8)CC[C@@H](C)CO[C@H]9[C@@H]([C@H]([C@@H]([C@H](O9)CO)O)O)O)C)C)C)CO)O)O)O,2.7
102,103,biotree,177.6,CC(=CCCC1(CCC2(C(C1O)CCC3C2(CCC4C3(CCC(C4(C)COC5C(C(C(C(O5)CO)O)O)O)OC6C(C(C(C(O6)CO)O)O)OC7C(C(C(C(O7)CO)O)O)O)C)C)C)CO)CO,2.96
103,104,biotree,126.6,C[C@H](C(=O)N[C@@H](CC1=CC=CC=C1)C(=O)NCC(=O)N[C@@H](CC2=CC=C(C=C2)O)C(=O)N3CCC[C@H]3C(=O)N[C@@H](CO)C(=O)N)NC(=O)[C@H](CC4=CC=C(C=C4)O)N,2.11
104,105,biotree,174.6,C[C@]12CC[C@](C[C@H]1C3=CC(=O)[C@@H]4[C@]5(CC[C@@H](C([C@@H]5CC[C@]4([C@@]3(CC2)C)C)(C)C)O[C@H]6[C@@H]([C@H]([C@@H]([C@H](O6)C(=O)O)O)O)O)C)(C)C(=O)O,2.9099999999999997
105,106,biotree,151.2,C[C@H]1[C@@H]([C@H]([C@H]([C@@H](O1)O[C@@H]2[C@H]([C@H](CO[C@H]2O[C@H]3CC[C@]4([C@H](C3(C)C)CC[C@@]5([C@@H]4CC=C6[C@]5(CC[C@@]7([C@H]6CC(CC7)(C)C)C(=O)O)C)C)C)O[C@H]8[C@@H]([C@H]([C@@H]([C@H](O8)CO)O)O)O)O)O)O)O,2.52
106,107,biotree,137.4,C1=CC(=C(C=C1N)C(=O)O)O,2.29
107,108,biotree,130.8,C[C@H]1[C@@H]([C@H]([C@H]([C@@H](O1)O[C@@H]2[C@@H]([C@H]([C@@H](O[C@H]2OC3=C(OC4=C(C3=O)C(=CC(=C4CC=C(C)C)O[C@H]5[C@@H]([C@H]([C@@H]([C@H](O5)CO)O)O)O)O)C6=CC=C(C=C6)OC)C)O)O)O)O)O,2.18
108,109,biotree,136.8,CC(=C[C@@H]1CO[C@]23C[C@]4(CO2)[C@@H]([C@H]3[C@@]1(C)O)CC[C@H]5[C@]4(CC[C@@H]6[C@@]5(CC[C@@H](C6(C)C)O[C@H]7[C@@H]([C@H]([C@@H]([C@H](O7)CO)O)O[C@H]8[C@@H]([C@H]([C@@H]([C@H](O8)CO)O)O)O)O[C@H]9[C@@H]([C@H]([C@@H](O9)CO)O)O)C)C)C,2.2800000000000002
109,110,biotree,172.8,C[C@H](CO[C@H]1[C@@H]([C@H]([C@@H]([C@H](O1)CO)O)O)O)[C@H]2CC[C@@]3(CC[C@@]4([C@@H]([C@H]3O)CC[C@H]5[C@]4(CC[C@@H]6[C@@]5(CC[C@@H]([C@@]6(C)CO)O[C@H]7[C@@H]([C@H]([C@@H]([C@H](O7)CO)O)O)O[C@H]8[C@@H]([C@H]([C@@H](CO8)O)O)O)C)C)C)CO2,2.8800000000000003
110,111,biotree,147.0,CC(=O)NCCCCCC(=O)O,2.45
111,112,biotree,133.8,C[C@H](CC[C@H](C(C)(C)O)O[C@H]1[C@@H]([C@H]([C@@H]([C@H](O1)CO)O)O)O)[C@H]2CC[C@@]3([C@@]2(C[C@H]([C@@]4([C@H]3CC=C5[C@H]4CC[C@@H](C5(C)C)O[C@H]6[C@@H]([C@H]([C@@H]([C@H](O6)CO)O)O)O)C)O)C)C,2.23
112,113,biotree,123.0,CC(=CCC[C@@](C)([C@H]1CC[C@@]2([C@@H]1[C@@H](C[C@H]3[C@]2(C[C@@H]([C@@H]4[C@@]3(CC[C@@H](C4(C)C)O)C)O[C@H]5[C@@H]([C@H]([C@@H]([C@H](O5)CO)O)O)O[C@H]6[C@@H]([C@H]([C@@H](CO6)O)O)O)C)O)C)O)C,2.05
113,114,biotree,138.6,C[C@@H]1CC[C@@]2([C@H]([C@H]3[C@@H](O2)C[C@@H]4[C@@]3(CC[C@H]5[C@H]4CC=C6[C@@]5([C@@H](C[C@@H](C6)O)O[C@H]7[C@@H]([C@H]([C@H]([C@H](O7)C)O)O[C@H]8[C@@H]([C@H]([C@@H](CO8)O)O)O)O[C@H]9[C@@H]([C@H]([C@@H]([C@H](O9)CO)O)O)O)C)C)C)OC1,2.31
114,115,biotree,171.6,C[C@H]1[C@@H]([C@H]([C@H]([C@@H](O1)O[C@@H]2[C@H](O[C@H]([C@@H]([C@H]2O)O)OC[C@@H]3[C@H]([C@@H]([C@H]([C@@H](O3)OC(=O)[C@@]45CC[C@@]6(C(=CC[C@H]7[C@]6(CC[C@@H]8[C@@]7(CC[C@@H]([C@@]8(C)CO)O[C@H]9[C@@H]([C@H]([C@H](CO9)O)O)O)C)C)[C@H]4CC(CC5)(C)C)C)O)O)O)CO)O)O)O,2.86
115,116,biotree,130.8,CC(=CCC[C@@](C)([C@H]1CC[C@@]2([C@@H]1[C@@H](C[C@H]3[C@]2(C[C@@H]([C@@H]4[C@@]3(CC[C@@H](C4(C)C)O)C)O)C)O)C)O[C@H]5[C@@H]([C@H]([C@@H]([C@H](O5)CO[C@H]6[C@@H]([C@H]([C@H](CO6)O)O)O)O)O)O)C,2.18
116,117,biotree,136.2,CC(=C[C@@H]1CO[C@]23C[C@]4(CO2)[C@@H]([C@H]3[C@@]1(C)O)CC[C@H]5[C@]4(CC[C@@H]6[C@@]5(CC[C@@H](C6(C)C)O[C@H]7[C@@H]([C@H]([C@H](CO7)O)O[C@H]8[C@@H]([C@H]([C@@H]([C@H](O8)CO)O)O)O)O[C@H]9[C@@H]([C@H]([C@@H](O9)CO)O)O)C)C)C,2.27
117,118,biotree,135.6,CC(=CC/C=C(/C)\[C@H]1CC[C@@]2([C@@H]1[C@@H](C[C@H]3[C@]2(CC[C@@H]4[C@@]3(CC[C@@H](C4(C)C)O[C@H]5[C@@H]([C@H]([C@@H]([C@H](O5)CO)O)O)O[C@H]6[C@@H]([C@H]([C@@H]([C@H](O6)CO)O)O)O)C)C)O)C)C,2.26
118,119,biotree,145.8,C[C@]12CC[C@@H](C([C@@H]1CC[C@@]3([C@@H]2CC=C4[C@]3(CC[C@@]5([C@H]4CC(CC5)(C)C)C(=O)O[C@H]6[C@@H]([C@H]([C@@H]([C@H](O6)CO)O)O)O)C)C)(C)C)O[C@H]7[C@@H]([C@H]([C@@H]([C@H](O7)C(=O)O)O)O)O,2.43
119,120,biotree,126.6,CC(C)NCC(COC1=CC=C(C=C1)CC(=O)N)O,2.11
120,121,biotree,163.8,C[C@]12CC[C@@H](C([C@@H]1CC[C@@]3([C@@H]2CC=C4[C@]3(CC[C@@]5([C@H]4CC(CC5)(C)C)C(=O)O[C@H]6[C@@H]([C@H]([C@@H]([C@H](O6)CO)O)O)O)C)C)(C)C)O[C@H]7[C@@H]([C@H]([C@@H]([C@H](O7)C(=O)O)O)O)O[C@H]8[C@@H]([C@H]([C@@H](CO8)O)O)O,2.73
121,122,biotree,169.8,CC(CCC(C(C)(C)O)OC1C(C(C(C(O1)CO)O)O)OC2C(C(C(C(O2)CO)O)O)O)C3CCC4(C3(CC(C5(C4CC=C6C5CCC(C6(C)C)OC7C(C(C(C(O7)CO)O)O)O)C)O)C)C,2.83
122,123,biotree,157.8,CC1CCC2(C(C3C(O2)CC4C3(C(=O)CC5C4CCC6C5(CCC(C6)OC7C(C(C(C(O7)CO)OC8C(C(C(C(O8)CO)O)OC9C(C(C(CO9)O)O)O)OC2C(C(C(C(O2)CO)O)O)O)O)O)C)C)C)OC1,2.6300000000000003
123,124,biotree,193.2,C(CCCC(=O)O)CCCC(=O)O,3.2199999999999998
124,125,biotree,145.8,COC1=C(C(=C2C(=C1)OC(=CC2=O)C3=CC=C(C=C3)O)O)[C@H]4[C@@H]([C@H]([C@@H]([C@H](O4)CO)O)O)O[C@H]5[C@@H]([C@H]([C@@H]([C@H](O5)CO)O)O)O,2.43
125,126,biotree,132.6,C[C@@H]1[C@@H]([C@@H]([C@H]([C@@H](O1)O[C@H]2CC[C@]3([C@H]([C@]2(C)CO)CC[C@@]4([C@@H]3C=CC5=C6CC(CC[C@@]6([C@@H](C[C@]54C)O)CO)(C)C)C)C)O)O[C@H]7[C@@H]([C@H]([C@@H]([C@H](O7)CO)O)O)O)O,2.21
126,127,biotree,147.0,C[C@H]1[C@@H]([C@H]([C@H]([C@@H](O1)O[C@@H]2[C@H](O[C@H]([C@@H]([C@H]2O)O)O[C@H]3CC[C@]4([C@H](C3(C)C)CC[C@@]5([C@@H]4C=C[C@@]67[C@]5(C[C@@H]([C@@]8([C@H]6CC(CC8)(C)C)CO7)O)C)C)C)CO[C@H]9[C@@H]([C@H]([C@@H]([C@H](O9)CO)O)O)O)O)O)O,2.45
127,128,biotree,144.6,C[C@H]1[C@@H]([C@H]([C@H]([C@@H](O1)O[C@@H]2[C@H](O[C@H]([C@@H]([C@H]2O)O)O[C@H]3CC[C@]4([C@H](C3(C)C)CC[C@@]5([C@@H]4CC=C6[C@]5(C[C@@H]([C@@]7([C@H]6CC(CC7)(C)C)CO)O)C)C)C)CO[C@H]8[C@@H]([C@H]([C@@H]([C@H](O8)CO)O)O)O)O)O)O,2.4099999999999997
128,129,biotree,176.4,C1C[C@@H](NC1)C(=O)O,2.94
129,130,biotree,195.6,CC1(CCC2(CCC3(C(=CCC4C3(CCC5C4(CC(C(C5(C)C(=O)O)OC6C(C(C(C(O6)CO)O)O)O)O)C)C)C2C1)CO)C(=O)O)C,3.26
130,131,biotree,192.0,CCN1C[C@@]2([C@@H](C[C@@H]([C@@]34[C@@H]2[C@H]([C@@H](C31)[C@]5(C[C@@H]([C@]6(C[C@@H]4[C@@H]5[C@H]6OC(=O)C7=CC=CC=C7)O)OC)OC(=O)C)OC)OC)O)COC,3.2
131,132,biotree,132.6,CC1=C(SC=N1)/C=C/C2=C(N3[C@@H]([C@@H](C3=O)NC(=O)/C(=N/OC)/C4=CSC(=N4)N)SC2)C(=O)O,2.21
132,133,biotree,133.2,C[C@@H]1[C@@H]([C@@H]([C@H]([C@@H](O1)O[C@H]2CC[C@]3([C@H]([C@]2(C)CO)CC[C@@]4([C@@H]3[C@@H](C=C5[C@]4(C[C@H]([C@@]6([C@H]5CC(CC6)(C)C)CO)O)C)OC)C)C)O)O[C@H]7[C@@H]([C@H]([C@@H]([C@H](O7)CO)O)O)O)O,2.2199999999999998
133,134,biotree,139.8,C[C@@H]([C@H]1CC[C@@]2([C@@]1(CC[C@@]3([C@H]2CC=C4[C@H]3CC[C@@H](C4(C)C)O[C@H]5[C@@H]([C@H]([C@@H]([C@H](O5)CO[C@H]6[C@@H]([C@H]([C@@H]([C@H](O6)CO)O)O)O)O)O)O)C)C)C)[C@@H]([C@H]([C@H](C(C)(C)O)O)O)O,2.33
134,135,biotree,126.6,CC(CCC(C(C)(C)O)OC1C(C(C(C(O1)COC2C(C(C(C(O2)CO)O)O)O)O)O)O)C3CCC4(C3(CC(C5(C4CC=C6C5CCC(C6(C)C)O)C)O)C)C,2.11
135,136,biotree,142.2,C[C@]12CC[C@@H]([C@@]([C@@H]1CC[C@@]3([C@@H]2CC=C4[C@]3(CC[C@@]5([C@H]4CC(CC5)(C)C)C(=O)O)C)C)(C)CO)O[C@H]6[C@@H]([C@H]([C@H](CO6)O)O)O[C@H]7[C@@H]([C@H]([C@@H]([C@H](O7)CO)O)O)O,2.3699999999999997
136,137,biotree,289.8,C1=CC(=CC(=C1)N)C(=O)N,4.83
137,138,biotree,126.0,COC1=C(C=CC(=C1)/C=C/C(=O)OC[C@@H]2[C@H]([C@@H]([C@H]([C@@H](O2)O[C@@H]3[C@H]([C@@H]([C@H](O[C@H]3C4=C(C=C5C(=C4O)C(=O)C=C(O5)C6=CC=C(C=C6)O)OC)CO)O)O)O)O)O)O,2.1
138,139,biotree,129.0,C[C@@H]1CC[C@@]2([C@H]([C@]3([C@@H](O2)C[C@@H]4[C@@]3(CC[C@H]5[C@H]4CC=C6[C@@]5(CC[C@@H](C6)O[C@H]7[C@@H]([C@H]([C@@H]([C@H](O7)CO)O[C@H]8[C@@H]([C@@H]([C@H]([C@@H](O8)C)O)O)O)O)O[C@H]9[C@@H]([C@@H]([C@H]([C@@H](O9)C)O)O)O)C)C)O)C)OC1,2.15
139,140,biotree,155.4,CC(=CCC[C@@](C)([C@H]1CC[C@@]2([C@@H]1[C@@H](C[C@H]3[C@]2(CC[C@@H]4[C@@]3(CC[C@@H](C4(C)C)O[C@H]5[C@@H]([C@H]([C@@H]([C@H](O5)CO)O)O)O)C)C)O)C)O[C@H]6[C@@H]([C@H]([C@@H]([C@H](O6)CO[C@H]7[C@@H]([C@H]([C@@H](CO7)O)O)O)O)O)O)C,2.5900000000000003
140,141,biotree,139.2,C[C@H]1[C@H]2[C@H]([C@@H]([C@@H]3[C@@]2(CC[C@H]4[C@H]3CC[C@H]5[C@@]4(CC[C@@H](C5)O[C@H]6[C@@H]([C@H]([C@H]([C@H](O6)CO)O)O)O[C@H]7[C@@H]([C@H]([C@@H]([C@H](O7)CO)O)O)O)C)C)O)OC1(CCC(C)C)O,2.32
141,142,biotree,175.8,C[C@H]1[C@@H]([C@H]([C@H]([C@@H](O1)O[C@@H]2[C@H](O[C@H]([C@@H]([C@H]2O)O)OC[C@@H]3[C@H]([C@@H]([C@H]([C@@H](O3)OC(=O)[C@@]45CC[C@@]6(C(=CC[C@H]7[C@]6(C[C@H]([C@@H]8[C@@]7(C[C@H]([C@@H]([C@@]8(C)CO)O)O)C)O)C)[C@@H]4CC(CC5)(C)C)C)O)O)O)CO)O)O)O,2.93
142,143,biotree,159.0,C[C@@H]1[C@@H]([C@@H]([C@H]([C@@H](O1)O[C@H]2CC[C@]3([C@H]([C@]2(C)CO)CC[C@@]4([C@@H]3C=CC5=C6CC(CC[C@@]6([C@H](C[C@]54C)O)CO)(C)C)C)C)O[C@H]7[C@@H]([C@H]([C@@H]([C@H](O7)CO)O)O)O)O[C@H]8[C@@H]([C@H]([C@@H]([C@H](O8)CO)O)O)O)O,2.65
143,144,biotree,195.6,CC(=O)NC(CC1=CC=CC=C1)C(=O)O,3.26
144,145,biotree,136.2,CC(=CCC[C@](C)([C@H]1CC[C@@]2([C@@H]1[C@@H](C[C@H]3[C@]2(CC[C@@H]4[C@@]3(C[C@H]([C@@H](C4(C)C)O[C@H]5[C@@H]([C@H]([C@@H]([C@H](O5)CO)O)O)O[C@H]6[C@@H]([C@H]([C@@H]([C@H](O6)CO)O)O)O)O)C)C)O)C)O)C,2.27
145,146,biotree,136.8,CC(C)CC(=O)O[C@@H]1[C@H]([C@@H]([C@H](O[C@H]1O[C@H]2C[C@]3([C@@H]4CC[C@@H]5C[C@@]4(CC[C@@H]3C(C2)(C(=O)O)C(=O)O)[C@H](C5=C)O)C)CO)OS(=O)(=O)O)OS(=O)(=O)O,2.2800000000000002
146,147,biotree,136.2,CC(=CCC[C@@](C)([C@H]1CC[C@@]2([C@@H]1[C@@H](C[C@H]3[C@]2(CC[C@@H]4[C@@]3(C[C@H]([C@@H](C4(C)C)O[C@H]5[C@@H]([C@H]([C@@H]([C@H](O5)CO)O)O)O[C@H]6[C@@H]([C@H]([C@@H]([C@H](O6)CO)O)O)O)O)C)C)O)C)O)C,2.27
147,148,biotree,129.0,C[C@H]1CC[C@@]2(CC[C@@]3(C(=CC[C@H]4[C@]3(CC[C@@H]5[C@@]4(CC[C@@H](C5(C)C)O[C@H]6[C@@H]([C@H]([C@@H](CO6)O)O)O[C@H]7[C@@H]([C@H]([C@@H]([C@H](O7)CO)O)O)O)C)C)[C@@H]2[C@]1(C)O)C)C(=O)O,2.15
148,149,biotree,132.0,C[C@@H]1CC[C@@]2([C@H]([C@H]3[C@@H](O2)C[C@@H]4[C@@]3(CC[C@H]5[C@H]4CC=C6[C@@]5([C@@H](C[C@@H](C6)O)O[C@H]7[C@@H]([C@H]([C@H]([C@H](O7)C)O)O[C@H]8[C@@H]([C@H]([C@@H](CO8)O)O)O)O[C@H]9[C@@H]([C@@H]([C@H]([C@@H](O9)C)O)O)O)C)C)C)OC1,2.2
149,150,biotree,138.6,C1=CC(=CC=C1C(=O)NCC(=O)O)N,2.31
150,151,biotree,136.2,CC(=C[C@H]1C[C@]([C@@H]2[C@H]3CC[C@@H]4[C@]5(CC[C@@H](C([C@@H]5CC[C@]4([C@]36C[C@@]2(O1)OC6)C)(C)C)O[C@H]7[C@@H]([C@H]([C@@H]([C@H](O7)CO)O)O[C@H]8[C@@H]([C@H]([C@@H]([C@H](O8)CO)O)O)O)O[C@H]9[C@@H]([C@H]([C@@H](O9)CO)O)O)C)(C)O)C,2.27
151,152,biotree,158.4,C[C@H]1CC[C@H]2[C@@]([C@H]3CC[C@@H]4[C@H]([C@@H]3CN2C1)C[C@H]5[C@H]4CC(=O)[C@@H]6[C@@]5(CC[C@@H](C6)O[C@H]7[C@@H]([C@H]([C@@H]([C@H](O7)CO)O)O)O)C)(C)O,2.64
152,153,biotree,152.4,C1=CC(=CC=C1NC(=O)CCC(=O)O)S(=O)(=O)NC2=NC=CS2,2.54
153,154,biotree,126.6,CC(=CCCC(=C)[C@H]1CC[C@@]2([C@@H]1[C@@H](C[C@H]3[C@]2(CC[C@@H]4[C@@]3(C[C@H]([C@@H](C4(C)C)O[C@H]5[C@@H]([C@H]([C@@H]([C@H](O5)CO)O)O)O[C@H]6[C@@H]([C@H]([C@@H]([C@H](O6)CO)O)O)O)O)C)C)O)C)C,2.11
154,155,biotree,130.8,CC(=O)NC1=CC=C(C=C1)CC(=O)O,2.18
155,156,biotree,155.4,CC(C)CCCCCCCCCC/C=C/C(=O)N[C@@H]1[C@H]([C@H]([C@H](O[C@H]1O[C@@H]2[C@@H]([C@H]([C@@H]([C@H](O2)CO)O)O)NC(=O)C)C[C@H]([C@@H]3[C@H]([C@H]([C@@H](O3)N4C=CC(=O)NC4=O)O)O)O)O)O,2.5900000000000003
156,157,biotree,132.0,COC(=O)C1=CO[C@H]([C@@H]([C@@H]1CCOC(=O)C2=C(C(=CC=C2)O[C@H]3[C@@H]([C@H]([C@@H]([C@H](O3)CO)O)O)O)O)C=C)O[C@H]4[C@@H]([C@H]([C@@H]([C@H](O4)CO)O)O)O,2.2
157,158,biotree,215.4,CC1C(C(C(C(O1)OC2=C(OC3=CC(=CC(=C3C2=O)O)OC4C(C(C(C(O4)C)O)O)OC5C(C(C(C(O5)CO)O)O)O)C6=CC=C(C=C6)O)O)O)O,3.5900000000000003
158,159,biotree,123.0,C1=CN=CC(=C1N)N,2.05
159,160,biotree,148.2,CC(=CCC[C@@](C)([C@H]1CC[C@@]2([C@@H]1[C@@H](C[C@H]3[C@]2(CC[C@@H]4[C@@]3(CC[C@@H](C4(C)C)O[C@H]5[C@@H]([C@H]([C@@H]([C@H](O5)CO)O)O)O)C)C)O)C)O[C@H]6[C@@H]([C@H]([C@@H]([C@H](O6)CO[C@H]7[C@@H]([C@H]([C@@H](O7)CO)O)O)O)O)O)C,2.4699999999999998
160,161,biotree,234.0,C[C@@H]([C@H]1[C@@H](C[C@@]2([C@@]1(CC[C@]34[C@H]2CC[C@@H]5[C@]3(C4)CC[C@@H](C5(C)C)NC)C)C)O)NC,3.9
161,162,biotree,171.0,C1C[C@H]2CC(C[C@@H]1N2)O,2.85
162,163,biotree,127.2,C[C@@]12CC[C@@H]3[C@@]([C@H]1CC=C4[C@]2(CC[C@@]5([C@H]4CC(CC5)(C)C)C(=O)O)C)(C[C@@H]([C@@H]([C@@]3(C)C(=O)O)O)O)C,2.12
163,164,biotree,178.2,COC1=C(C=CC(=C1)C[C@H](CO[C@H]2[C@@H]([C@H]([C@@H]([C@H](O2)CO)O)O)O)[C@H](CC3=CC(=C(C=C3)O)OC)CO[C@H]4[C@@H]([C@H]([C@@H]([C@H](O4)CO)O)O)O)O,2.9699999999999998
164,165,biotree,144.0,C[C@H](CC[C@H](C(C)(C)O)O)[C@H]1CC[C@@]2([C@@]1(C[C@H]([C@@]3([C@@H]2CC=C4[C@H]3CC[C@@H](C4(C)C)O[C@H]5[C@@H]([C@H]([C@@H]([C@H](O5)CO[C@H]6[C@@H]([C@H]([C@@H]([C@H](O6)CO)O)O)O)O)O)O)C)O)C)C,2.4
165,166,biotree,157.2,CS(=O)CCCCC(=NOS(=O)(=O)O)S[C@H]1[C@@H]([C@H]([C@@H]([C@H](O1)CO)O)O)O,2.6199999999999997
166,167,biotree,142.2,C[C@H]1[C@@H]([C@H]([C@H]([C@@H](O1)OC2=C(OC3=C(C2=O)C(=CC(=C3CC=C(C)C)O[C@H]4[C@@H]([C@H]([C@@H]([C@H](O4)CO)O)O)O)O)C5=CC=C(C=C5)OC)O)O[C@H]6[C@@H]([C@H]([C@@H]([C@H](O6)CO)O)O)O)O,2.3699999999999997
167,168,biotree,131.4,C[C@H](CC[C@H](C(C)(C)O)O[C@H]1[C@@H]([C@H]([C@@H]([C@H](O1)CO)O)O)O[C@H]2[C@@H]([C@H]([C@@H]([C@H](O2)CO)O)O)O)[C@H]3CC[C@@]4([C@@]3(C[C@H]([C@@]5([C@H]4CC=C6[C@H]5CC[C@@H](C6(C)C)O)C)O)C)C,2.19
168,169,biotree,206.4,CC(CC(=O)O)(CC(=O)O)O,3.44
169,170,biotree,169.2,C1=CC(=CC=C1C2=CC(=O)C3=C(C(=C(C=C3O2)O[C@H]4[C@@H]([C@H]([C@@H]([C@H](O4)CO)O)O)O)[C@H]5[C@@H]([C@H]([C@@H]([C@H](O5)CO)O)O)O)O)O,2.82
170,171,biotree,175.8,CC(C)[C@@H](C(=O)O)N,2.93
171,172,biotree,262.2,C1=C(NC=N1)C[C@@H](C(=O)O)N,4.37
172,173,biotree,182.4,CN1C=C(N=C1)CCN,3.04
174,175,biotree,127.2,CC(C)(C)NCC(COC1=CC=CC2=C1CC(C(C2)O)O)O,2.12
175,176,biotree,135.6,C[C@]12CC[C@@]34C[C@@]35CC[C@@H](C([C@@H]5[C@H](C[C@H]4[C@@]1(C[C@@H]([C@@H]2[C@]6(CC[C@H](O6)C(C)(C)O[C@H]7[C@@H]([C@H]([C@@H]([C@H](O7)CO)O)O)O)C)O)C)O)(C)C)O[C@H]8[C@@H]([C@H]([C@@H](CO8)O)O)O,2.26
176,177,biotree,129.0,CC1C(C(C(C(O1)OC2C(C(COC2O[C@H]3CC[C@@]4(C5CCC6C(CC[C@]6([C@@]5(CCC4C3(C)C)C)C)[C@]7(CC(OC7O)C=C(C)C)O)C=O)O)OC8C(C(C(CO8)O)O)O)O)O)O,2.15
177,178,biotree,136.8,C1CCC(CC1)(CC(=O)O)CN,2.2800000000000002
178,179,biotree,154.8,C(=NN)(N)N,2.58
179,180,biotree,201.0,CC1=C2C(CC1C3=COC=C3)OC4C2(C(C5(C6C4OC(=O)C6(C=CC5=O)C)C)CC(=O)OC)C,3.35
180,181,biotree,145.2,C[C@H]1[C@@H]([C@H]([C@H]([C@@H](O1)OC2=C(OC3=C(C2=O)C(=CC(=C3CC=C(C)C)O[C@H]4[C@@H]([C@H]([C@@H]([C@H](O4)CO)O)O)O)O)C5=CC=C(C=C5)OC)O[C@H]6[C@@H]([C@H]([C@@H]([C@H](O6)CO)O)O)O)O)O,2.42
181,182,biotree,205.8,C1=CO[C@H]([C@H]2[C@@]1([C@@H](C=C2CO)O)O[C@H]3[C@@H]([C@H]([C@@H]([C@H](O3)CO)O)O)O)O[C@H]4[C@@H]([C@H]([C@@H]([C@H](O4)CO)O)O)O,3.43
182,183,biotree,124.8,CC(=CCC[C@](C)([C@H]1CC[C@@]2([C@@H]1[C@@H](C[C@H]3[C@]2(CC[C@@H]4[C@@]3(CC[C@@H](C4(C)C)O[C@H]5[C@@H]([C@H]([C@@H]([C@H](O5)CO)O)O)O[C@H]6[C@@H]([C@H]([C@@H]([C@H](O6)CO)O)O)O)C)C)O)C)O)C,2.08
183,184,biotree,165.0,C[C@@]12CC[C@@H]3[C@@]([C@H]1CC=C4[C@]2(C[C@H]([C@@]5([C@H]4CC(CC5)(C)C)C(=O)O)O)C)(C[C@@H]([C@@H](C3(CO)CO)O[C@H]6[C@@H]([C@H]([C@@H]([C@H](O6)CO)O)O)O)O)C,2.75
184,185,biotree,145.2,CNCCC1=CC=CC=N1,2.42
185,186,biotree,120.0,C[C@H](CC[C@H](C(C)(C)O)O[C@H]1[C@@H]([C@H]([C@@H]([C@H](O1)CO)O)O)O[C@@H]2[C@H]([C@@H]([C@H]([C@@H](O2)CO)O)O)O)C3CC[C@@]4([C@@]3(CC(=O)[C@@]5(C4CC=C6C5CC[C@@H](C6(C)C)O)C)C)C,2.0
187,188,biotree,133.2,C[C@@H]1CC[C@@]2(CC[C@@]3(C(=CC[C@H]4[C@]3(CC[C@@H]5[C@@]4(CC[C@@H]([C@]5(C)C(=O)O)O)C)C)[C@@H]2[C@]1(C)O)C)C(=O)O[C@H]6[C@@H]([C@H]([C@@H]([C@H](O6)CO)O)O)O,2.2199999999999998
188,189,biotree,211.8,C(CC(=O)O)C(=O)O,3.5300000000000002
189,190,biotree,126.6,C[C@H]1CC[C@@]2([C@H]([C@H]3[C@@H](O2)C[C@@H]4[C@@]3(CC[C@H]5[C@H]4CC=C6[C@@]5(CC[C@@H](C6)O[C@H]7[C@@H]([C@H]([C@@H]([C@H](O7)CO)O)O[C@H]8[C@@H]([C@H]([C@@H](CO8)O)O)O)O[C@H]9[C@@H]([C@@H]([C@H]([C@@H](O9)C)O)O)O)C)C)C)OC1,2.11
190,191,biotree,130.8,C[C@H](CCC(=O)NCC(=O)O)[C@H]1CC[C@@H]2[C@@]1(CC[C@H]3[C@H]2C[C@@H]([C@H]4[C@@]3(CC[C@H](C4)O)C)O)C,2.18
191,192,biotree,142.2,CN(C)C(=N)N=C(N)N,2.3699999999999997
192,193,biotree,121.2,C1CN(CCN1CCOCCO)C2=NC3=CC=CC=C3SC4=CC=CC=C42,2.02
193,194,biotree,146.4,C1=CC=C(C=C1)[C@@H](C#N)O[C@H]2[C@@H]([C@H]([C@@H]([C@H](O2)CO[C@H]3[C@@H]([C@H]([C@@H]([C@H](O3)CO)O)O)O)O)O)O,2.44
194,195,biotree,126.6,C1C2CC3CC1CC(C2)(C3)N,2.11
195,196,biotree,126.0,CN1CCN(CC1)CC(=O)N2C3=CC=CC=C3C(=O)NC4=C2N=CC=C4,2.1
196,197,biotree,123.6,CSCC[C@@H](C(=O)N[C@@H](CC(=O)O)C(=O)N[C@@H](CC1=CC=CC=C1)C(=O)N)NC(=O)[C@H](CC2=CNC3=CC=CC=C32)N,2.06
197,198,biotree,221.4,C1=NC2=C(N=C(N=C2N1[C@H]3[C@H]([C@@H]([C@H](O3)COP(=O)(O)O)O)O)F)N,3.69
198,199,biotree,129.0,CCCCS(=O)(=O)N[C@@H](CC1=CC=C(C=C1)OCCCCC2CCNCC2)C(=O)O,2.15
199,200,biotree,180.6,CC1=NN(C=N1)C2=NC=C(C3=C2N(C=C3C(=O)C(=O)N4CCN(CC4)C(=O)C5=CC=CC=C5)COP(=O)(O)O)OC,3.01
201,202,biotree,147.0,CC1=C(C=C(C=C1)NC(=O)C2=CC=C(C=C2)CN3CCNCC3)NC4=NC=CC(=N4)C5=CN=CC=C5,2.45
202,203,biotree,285.0,C1COCCN1C2=CC(=O)C3=C(O2)C(=CC=C3)C4=CC=CC=C4,4.75
203,204,biotree,133.2,C([C@@H]1[C@H]([C@@H]([C@H]([C@H](O1)O[C@@H]2[C@@H]([C@H]([C@@H]([C@H](O2)CO)O)O)O)O)O)O)O,2.2199999999999998
204,205,biotree,125.4,CC1([C@@H](N2[C@H](S1)[C@@H](C2=O)NC(=O)[C@@H](C3=CC=C(C=C3)O)N)C(=O)O)C,2.0900000000000003
205,206,biotree,162.6,COC(=O)C1=CO[C@H]([C@H]2[C@@H]1CC=C2CO)O[C@H]3[C@@H]([C@H]([C@@H]([C@H](O3)CO[C@H]4[C@@H]([C@H]([C@@H]([C@H](O4)CO)O)O)O)O)O)O,2.71
206,207,biotree,124.8,C[C@H]1[C@@H]([C@H]([C@H]([C@@H](O1)O[C@@H]2[C@H]([C@@H]([C@H](O[C@H]2OC3=CC(=C4C(=C3)OC(=CC4=O)C5=CC=C(C=C5)O)O)CO)O)O)O)O)O,2.08
207,208,biotree,121.8,CC1C(C(C(C(O1)OCC2C(C(C(C(O2)OC3=CC(=C4C(=C3)OC(=CC4=O)C5=CC=C(C=C5)O)O)O)O)O)O)O)O,2.03
208,209,biotree,198.6,C1CC(CNC1)C(=O)O,3.31
209,210,biotree,136.2,CC1=CC(=O)C2=C(C3=C(C=C(C=C3C=C2O1)OC)O[C@H]4[C@@H]([C@H]([C@@H]([C@H](O4)CO[C@H]5[C@@H]([C@H]([C@@H]([C@H](O5)CO)O)O)O)O)O)O)O,2.27
210,211,biotree,242.4,C1[C@@H]([C@H]([C@@H]([C@H]([C@H]1N[C@H]2C=C([C@H]([C@@H]([C@H]2O)O)O)CO)O)O)O[C@H]3[C@@H]([C@H]([C@@H]([C@H](O3)CO)O)O)O)CO,4.04
211,212,biotree,120.0,C[C@H]1[C@@H]([C@H]([C@H]([C@@H](O1)O[C@@H]2[C@H]([C@@H]([C@H](O[C@H]2OC3=CC(=C(C(=C3)O)C(=O)CCC4=CC=C(C=C4)O)O)CO)O)O)O)O)O,2.0
212,213,biotree,124.8,CN1CCN2C(C1)C3=CC=CC=C3CC4=C2N=CC=C4,2.08
213,214,biotree,184.2,C[C@H]1C[C@]2([C@H]([C@H]1OC(=O)C3=CC=CC=C3)[C@H](C(=C)[C@@H](C[C@H]4[C@H](C4(C)C)/C=C(\C2=O)/C)OC(=O)C5=CC=CC=C5)OC(=O)C)OC(=O)C,3.07
214,215,biotree,139.8,CCN1C=C(C(=O)C2=CN=C(N=C21)N3CCNCC3)C(=O)O,2.33
215,216,biotree,168.0,C(CC(C(F)F)(C(=O)O)N)CN,2.8
216,217,biotree,231.0,C1[C@@H]([C@H](O[C@H]1N2C=NC3=C(N=CN=C32)N)COP(=O)(O)O)O,3.85
217,218,biotree,150.6,CC(=O)CC(=O)CCC(=O)O,2.51
218,219,biotree,175.8,CC(C)(C)C1=CC(=CC(=C1O)C(C)(C)C)C=C(C#N)C#N,2.93
219,220,biotree,156.6,CC(C)C[C@@H](C(=O)O)N,2.61
220,221,biotree,158.4,CC(C)(CO)[C@H](C(=O)NCCC(=O)O)O,2.64
221,222,biotree,183.0,C=CC(CCC(=O)O)N,3.05
222,223,biotree,159.0,CN1C=NC2=C(C1=N)N=CN2[C@H]3[C@@H]([C@@H]([C@H](O3)CO)O)O,2.65
223,224,biotree,166.8,C1[C@@H]2[C@H]([C@H]([C@@H](O2)N3C=NC4=C(N=CN=C43)N)O)OP(=O)(O1)O,2.7800000000000002
224,225,biotree,187.8,C(CCCCC(=O)O)CCCC(=O)O,3.1300000000000003
225,226,biotree,184.2,CC(C)(C(=O)O)N,3.07
226,227,biotree,126.0,C1=CN=CC=C1C(=O)O,2.1
227,228,biotree,122.4,CC(=O)C1=C(C=C(C=C1)OC)O[C@H]2[C@@H]([C@H]([C@@H]([C@H](O2)CO[C@H]3[C@@H]([C@H]([C@H](CO3)O)O)O)O)O)O,2.04
228,229,biotree,180.0,C[C@H]1CC[C@H]2[C@@]([C@@H]3CC[C@@H]4[C@H]([C@@H]3CN2C1)C[C@H]5[C@H]4CC(=O)[C@@H]6[C@@]5(CC[C@@H](C6)O)C)(C)O,3.0
229,230,biotree,213.6,CN(CC1=CN=C2C(=N1)C(=NC(=N2)N)N)C3=CC=C(C=C3)C(=O)N[C@@H](CCC(=O)O)C(=O)O,3.56
230,231,biotree,141.0,CCN1CC2(C(CC(C34C2C(C(C31)C5(C6C4CC(C6O)(C(C5O)OC)O)O)OC)OC)O)COC,2.35
231,232,biotree,258.0,C1[C@@H]([C@@H]([C@H]([C@@H](O1)C2=C(C(=C3C(=C2O)C(=O)C=C(O3)C4=CC=C(C=C4)O)[C@H]5[C@@H]([C@H]([C@@H]([C@H](O5)CO)O)O)O)O)O)O)O,4.3
232,233,biotree,259.2,C1CN(CC2=C1SC=C2)CC3=CC=CC=C3Cl,4.319999999999999
233,234,biotree,147.0,C[C@@]12CC[C@H]([C@@]([C@H]1CCC(=C)[C@H]2/C=C/C3=CCOC3=O)(C)COC(=O)CCC(=O)O)OC(=O)CCC(=O)O,2.45
234,235,biotree,153.0,C1=C(NN=C1)CCN,2.55
235,236,biotree,288.6,CC(C1=CC2=C(C=C1)SC3=CC=CC=C3C(=O)C2)C(=O)O,4.8100000000000005
236,237,biotree,238.8,CCC(=O)C1=C(C=C(C=C1O)O)O,3.98
237,238,biotree,259.8,CC(CN1C=NC2=C1C(=O)N(C(=O)N2C)C)O,4.33
238,239,biotree,230.4,C1CN[C@@H]1C(=O)O,3.8400000000000003
239,240,biotree,148.8,CC(C(=O)NC1=CC=C(C=C1)Cl)ONC(=O)C2=CC(=CC(=C2)C(F)(F)F)C(F)(F)F,2.48
240,241,biotree,152.4,C1=CC=C(C=C1)CC(CC(=O)O)C(=O)O,2.54
241,242,biotree,123.0,C1=CC2=C(C(=C1)O)NC(=CC2=O)C(=O)O,2.05
242,243,biotree,139.2,C[C@H](CCC(=O)O)[C@H]1CC[C@@H]2[C@@]1([C@H](C[C@H]3[C@H]2[C@H](C[C@H]4[C@@]3(CC[C@H](C4)O)C)O)O)C,2.32
243,244,biotree,135.6,C[C@H]1[C@@H]([C@H]([C@H]([C@@H](O1)O[C@@H]2[C@H]([C@@H]([C@H](O[C@H]2OC3=C(OC4=CC(=CC(=C4C3=O)O)O)C5=CC(=C(C=C5)O)OC)CO)O)O)O)O)O,2.26
244,245,biotree,198.6,CN1CCC=C(C1)C(=O)O,3.31
245,246,biotree,165.0,CCCC1=C2C(=CC3=C1OC(=CC3=O)C(=O)O)C(=O)C=C(N2CC)C(=O)O,2.75
246,247,biotree,120.6,COC1=C(C=C(C2=C1OC(=CC2=O)C3=CC=CC=C3)O)O[C@H]4[C@@H]([C@H]([C@@H]([C@H](O4)C(=O)O)O)O)O,2.01
247,248,biotree,172.8,CN1C2CCC1CC(C2)O,2.8800000000000003
248,249,biotree,142.2,COC1=CC(=C2C(=C1)OC(=C(C2=O)O[C@H]3[C@@H]([C@H]([C@@H]([C@H](O3)CO)O)O)O)C4=CC=C(C=C4)O[C@H]5[C@@H]([C@H]([C@@H]([C@H](O5)CO)O)O)O)O,2.3699999999999997
249,250,biotree,183.6,C1=CC=C2C(=C1)C(=NN2CC3=C(C=C(C=C3)Cl)Cl)C(=O)O,3.06
250,251,biotree,130.2,CC1=C(N2[C@@H]([C@@H](C2=O)NC(=O)[C@@H](C3=CC=CC=C3)N)SC1)C(=O)O,2.17
251,252,biotree,138.0,C1=CC=C(C=C1)CCC2=CC=C(C=C2)COC3=CC=CC=C3CCN(CCCCC(=O)O)CC4=CC=C(C=C4)C(=O)O,2.3
252,253,biotree,167.4,C1=CC=C2C(=C1)C(=CC(=O)C2=O)O,2.79
253,254,biotree,273.6,C1CC1C#C[C@]2(C3=C(C=CC(=C3)Cl)NC(=O)O2)C(F)(F)F,4.5600000000000005
254,255,biotree,270.0,C1=CC=C2C(=C1)C(=CN2)CCO,4.5
256,257,biotree,136.8,C1=CN(C(=O)N=C1N)[C@H]2[C@@H]([C@@H]([C@H](O2)CO)O)O,2.2800000000000002
257,258,biotree,127.2,CNC[C@@H](C1=CC(=CC=C1)O)O,2.12
258,259,biotree,141.6,C[C@H](CC(=O)O)[C@H]1CC[C@@H]2[C@@]1([C@H](C[C@H]3[C@H]2[C@@H](C[C@H]4[C@@]3(CC[C@H](C4)O)C)O)O)C,2.36
259,260,biotree,126.0,C[C@H](CCC(=O)NCC(=O)O)[C@H]1CC[C@@H]2[C@@]1([C@H](C[C@H]3[C@H]2CC[C@H]4[C@@]3(CC[C@H](C4)O)C)O)C,2.1
260,261,biotree,225.6,C1=CC2=C(C=C1C(=O)O)C3(C4=C(C=C(C=C4)O)OC5=C3C=CC(=C5)O)OC2=O,3.76
261,262,biotree,120.6,C1[C@H](OC2=C(C1=O)C=CC(=C2)O)C3=CC=C(C=C3)O[C@H]4[C@@H]([C@H]([C@@H]([C@H](O4)CO)O)O)O[C@H]5[C@@H]([C@](CO5)(CO)O)O,2.01
262,263,biotree,154.8,C1CC(N(C1)C(=O)C(CC2=CN=CN2)NC(=O)C3CCC(=O)N3)C(=O)N,2.58
263,264,biotree,138.6,CC1C(=O)CCC1=O,2.31
265,266,biotree,141.0,CC1C(C(C(C(O1)OCC2C(C(C(C(O2)OC3=C(OC4=CC(=CC(=C4C3=O)O)O)C5=CC=C(C=C5)O)O)O)O)O)O)O,2.35
266,267,biotree,195.6,CN1C=C(C(=O)C(=C1)C2=CC(=CC=C2)C(F)(F)F)C3=CC=CC=C3,3.26
267,268,biotree,233.4,C1=CC=C2C(=C1)C=CC(=N2)N,3.89
268,269,biotree,136.2,C1=CN(C(=O)N=C1N)[C@H]2[C@H]([C@@H]([C@H](O2)CO)O)O,2.27
269,270,biotree,125.4,C(CCCCCCCC(=O)O)CCCCCCC(=O)O,2.0900000000000003
270,271,biotree,171.6,C(CCCCCC(=O)O)CCCCC(=O)O,2.86
271,272,biotree,200.4,C1[C@H]2[C@@H]([C@@H](S1)CCCCC(=O)NCCCC[C@@H](C(=O)O)N)NC(=O)N2,3.3400000000000003
272,273,biotree,132.0,CNCC(C1=CC=C(C=C1)O)O,2.2
273,274,biotree,165.0,CC(=O)NCCCC(=O)O,2.75
274,275,biotree,121.8,CC1([C@@H](N2[C@H](S1)[C@@H](C2=O)N=CN3CCCCCC3)C(=O)O)C,2.03
275,276,biotree,147.0,CC1=CC(=O)OC2=C1C=CC(=C2)O[C@H]3[C@@H]([C@H]([C@@H]([C@H](O3)C(=O)O)O)O)O,2.45
276,277,biotree,172.8,COC(=O)C1=CO[C@H]([C@@H]([C@@H]1CC(=O)O)C=C)O[C@H]2[C@@H]([C@H]([C@@H]([C@H](O2)CO)O)O)O,2.8800000000000003
277,278,biotree,125.4,COC1=C(C=C2C(=C1O)C(=O)C(=CO2)C3=CC=C(C=C3)O)O[C@H]4[C@@H]([C@H]([C@@H]([C@H](O4)CO[C@H]5[C@@H]([C@H]([C@@H](CO5)O)O)O)O)O)O,2.0900000000000003
278,279,biotree,154.8,C=C[C@H]1[C@@H](OC=C2C1=CCOC2=O)O[C@H]3[C@@H]([C@H]([C@@H]([C@H](O3)CO[C@H]4[C@@H]([C@H]([C@@H]([C@H](O4)CO)O)O)O)O)O)O,2.58
279,280,biotree,120.0,C1C(OC2=C(C1=O)C=CC(=C2)OC3C(C(CO3)(CO)O)O)C4=CC=C(C=C4)OC5C(C(C(C(O5)CO)O)O)O,2.0
280,281,biotree,270.0,COC1=C(C=C(C=C1)[C@@H]2[C@H]3CO[C@@H]([C@H]3CO2)C4=CC(=C(C(=C4)OC)OC)OC)OC,4.5
281,282,biotree,129.6,C1CCC(C1)OC2=CC(=C(C=C2)C(=O)C3=CC(=C(C=C3)OCC4=CC5=C(C=C4)C(=O)NO5)CCC(=O)O)O,2.1599999999999997
282,283,biotree,121.2,C[C@@]12CC[C@@H]3[C@@]([C@H]1CCC4=C2CC[C@@]5([C@H]4CC(CC5)(C)C)C(=O)O)(C[C@@H]([C@@H]([C@@]3(C)C(=O)O)O)O)C,2.02
283,284,biotree,204.6,CC(CC(=O)O)C(=O)O,3.4099999999999997
284,285,biotree,133.2,C[C@H](CCC(=O)O)[C@H]1CC[C@@H]2[C@@]1([C@H](C[C@H]3[C@H]2[C@@H](C[C@H]4[C@@]3(CC[C@H](C4)O)C)O)O)C,2.2199999999999998
285,286,biotree,174.6,C1CCN[C@@H](C1)C(=O)O,2.9099999999999997
286,287,biotree,175.8,C1[C@@H]([C@H]([C@@H]([C@H](N1)CO)O)O)O,2.93
287,288,biotree,168.6,CC(C)(C(=O)O)NC,2.81
288,289,biotree,261.0,CC1CC2(C(C1OC(=O)C=CC3=CC=CC=C3)C=C(CCC4C(C4(C)C)C=C(C2=O)C)COC(=O)C)OC(=O)C,4.35
289,290,biotree,220.8,C1=CC2=C(C=C1C(=O)O)C(=O)OC23C4=C(C=C(C=C4)O)OC5=C3C=CC(=C5)O,3.68
290,291,biotree,183.0,C1CN=C(N1)NC2=CC=C(C=C2)C(=O)OC3=CC4=C(C=C3)C=C(C=C4)C(=N)N,3.05
291,292,biotree,142.8,CC[C@@H](CO)NCCN[C@@H](CC)CO,2.3800000000000003
292,293,biotree,178.8,C1=CC(=CC=C1C[C@@H](C(=O)N[C@@H](CCCN=C(N)N)C(=O)O)N)O,2.98
293,294,biotree,180.0,C(CCCCC(=O)O)CCCCC(=O)O,3.0
294,295,biotree,212.4,CC(=O)N[C@@H](CC(=O)O)C(=O)O,3.54
295,296,biotree,199.8,C1=CC(=CC=C1C(=O)O)C(=O)O,3.33
296,297,biotree,160.2,C(CCCCCC(=O)O)CCCCCC(=O)O,2.67
297,298,biotree,199.2,C[Se]CCC(C(=O)O)N,3.32
298,299,biotree,178.8,C1=NC2=C(N1[C@H]3[C@@H]([C@@H]([C@H](O3)CO)O)O)NC(=O)NC2=O,2.98
299,300,biotree,138.0,C1=C(C(=O)NC(=O)N1)[C@H]2[C@@H]([C@@H]([C@H](O2)CO)O)O,2.3
300,301,biotree,274.2,C[C@@H]([C@@H](C(=O)O)N)O,4.569999999999999
301,302,biotree,291.0,C[C@@]1([C@H]2[C@@H]([C@H]3[C@@H](C(=O)C(=C([C@]3(C(=O)C2=C(C4=C1C=CC=C4O)O)O)O)C(=O)N)N(C)C)O)O,4.85
302,303,biotree,195.6,CC1=CC(=O)OC2=C1C=CC(=C2)OP(=O)(O)O,3.26
303,304,biotree,159.6,C1=CN=CC(=C1N)O,2.6599999999999997
304,305,biotree,206.4,CC(CC(=O)O)CC(=O)O,3.44
305,306,biotree,157.2,C1=CC2=C(C(=C1)O[C@H]3[C@@H]([C@H]([C@@H]([C@H](O3)CO)O)O)O)C(=O)C4=C(C2=O)C=C(C=C4O)C(=O)O,2.6199999999999997
306,307,biotree,122.4,COC(=O)[C@H](CC1=CC=CC=C1)NC(=O)[C@H](CC(=O)O)N,2.04
307,308,biotree,273.0,C1=NC(=C2C(=N1)N(C=N2)[C@H]3[C@@H]([C@@H]([C@H](O3)CSCC[C@@H](C(=O)O)N)O)O)N,4.55
308,309,biotree,202.2,CC(=O)N[C@@H](CCCN=C(N)N)C(=O)O,3.3699999999999997
309,310,biotree,208.8,C1=CC=C(C=C1)C[C@@H](C(=O)O)NC(=O)CC[C@@H](C(=O)O)N,3.48
310,311,biotree,120.0,C=C[C@@H](CC(=NOS(=O)(=O)O)S[C@H]1[C@@H]([C@H]([C@@H]([C@H](O1)CO)O)O)O)O,2.0
311,312,biotree,153.6,CCCCC1=NC=C(N1CC2=CC=C(C=C2)C(=O)O)/C=C(\CC3=CC=CS3)/C(=O)O,2.56
312,313,biotree,124.2,C1[C@@H]([C@@H]([C@H]([C@@H](O1)OC[C@@H]2[C@H]([C@@H]([C@H]([C@@H](O2)OC/C=C/C3=CC=CC=C3)O)O)O)O)O)O,2.07
313,314,biotree,121.8,CC(=O)OC1(CC(C2(C1C(OC=C2)OC3C(C(C(C(O3)CO)O)O)O)O)O)C,2.03
314,315,biotree,161.4,C1CC2CC1CC2(C(=O)O)N,2.69
315,316,biotree,126.6,CCN(CC)CC1=CC2=C(C=C1)C=C(C=C2)COC(=O)NC3=CC=C(C=C3)C(=O)NO,2.11
316,317,biotree,123.0,CC(C)[C@@H](C(=O)O)NC(=O)C,2.05
317,318,biotree,172.8,CSC(=O)OCC1=C[C@@H]([C@H]2[C@@H]1[C@@H](OC=C2C(=O)O)O[C@H]3[C@@H]([C@H]([C@@H]([C@H](O3)CO)O)O)O)O,2.8800000000000003
318,319,biotree,151.8,C1CN2C[C@@H]([C@H]([C@@H]([C@H]2[C@H]1O)O)O)O,2.5300000000000002
319,320,biotree,136.2,CCNCCCC(C)NC1=C2C=CC(=CC2=NC=C1)Cl,2.27
320,321,biotree,123.0,COC1=CC(=C(C=C1C(=O)NC2CN3CCC2CC3)Cl)N,2.05
321,322,biotree,132.0,C1=CC=C(C=C1)CC(=O)N[C@@H](CCC(=O)N)C(=O)O,2.2
322,323,biotree,130.2,CC1=CN(C(=O)N=C1N)[C@H]2[C@@H]([C@@H]([C@H](O2)CO)O)O,2.17
323,324,biotree,188.4,CC1=NCC[C@H](N1)C(=O)O,3.14
324,325,biotree,165.0,CC(=O)NCCC(=O)O,2.75
325,326,biotree,177.6,C1=CC(=CC=C1CC(=O)O)OC(=O)C2=CC=C(C=C2)N=C(N)N,2.96
326,327,biotree,122.4,C1CC2=C(C=CC(=C2)Cl)C(=C3CCNCC3)C4=C1C=CC=N4,2.04
327,328,biotree,196.8,C1CN(CCN1CCS(=O)(=O)O)CCS(=O)(=O)O,3.2800000000000002
328,329,biotree,121.8,C1CNCCC1NC(=O)C2=C(C=NN2)NC(=O)C3=C(C=CC=C3Cl)Cl,2.03
330,331,biotree,126.6,CN1C2=C(C(=O)N(C1=O)C)N(C=N2)CC(=O)O,2.11
331,332,biotree,155.4,C1=CN(C=N1)CC(=O)O,2.5900000000000003
332,333,biotree,172.8,C1=CC(=O)NC=C1C(=O)O,2.8800000000000003
333,334,biotree,176.4,CC(=O)NCCCCN,2.94
334,335,biotree,163.8,CC(C)C[C@@H](C(=O)O)NC(=O)CN,2.73
335,336,biotree,157.8,CC[C@@H](C)[C@@H](C(=O)O)N,2.6300000000000003
336,337,biotree,143.4,CC(=O)N[C@@H](C=O)[C@H]([C@H]([C@@H](CO)O)O)O,2.39
337,338,biotree,212.4,CC(=O)N[C@@H](CCC(=O)O)C(=O)O,3.54
338,339,biotree,170.4,C1CN[C@@H]([C@H]([C@@H]1O)O)CO,2.8400000000000003
339,340,biotree,120.6,C/C(=C\C=C\[C@@]1([C@@H]2CC[C@@]3([C@@]2(CCC(=CC3)C(=O)O)OC(=O)C)C(=O)O1)C)/C(=O)O,2.01
341,342,biotree,159.0,C1=CC(=CN=C1)C(=O)NCC(=O)O,2.65
342,343,biotree,176.4,C1CCN[C@H](C1)C(=O)O,2.94
344,345,biotree,142.8,C1[C@@H]([C@H](O[C@H]1N2C=C(C(=NC2=O)N)CO)CO)O,2.3800000000000003
345,346,biotree,125.4,CC1=C(C=CC(=C1)C(=O)N)N2C(=CC=C2C3=CC=C(C=C3)N4C=CN=C4)CCC(=O)O,2.0900000000000003
346,347,biotree,133.2,COC1=C(C(=C2C(=C1)C=CC(=O)O2)O[C@H]3[C@@H]([C@H]([C@@H]([C@H](O3)CO)O)O)O)O,2.2199999999999998
347,348,biotree,132.0,CC1=CC=C(C=C1)/C(=C\CN2CCCC2)/C3=CC=CC(=N3)/C=C/C(=O)O,2.2
348,349,biotree,180.0,CCOC1[C@@H]([C@H]([C@@H]([C@H](O1)C(=O)O)O)O)O,3.0
349,350,biotree,236.4,CN1C=C(N=C1)C[C@@H](C(=O)O)N,3.94
350,351,biotree,132.6,CN[C@@H](CC1=CNC2=CC=CC=C21)C(=O)O,2.21
351,352,biotree,163.8,C([C@@H]1[C@H]([C@@H]([C@@H]([C@@H]2N1C(=O)C(=O)N2)O)O)O)O,2.73
352,353,biotree,176.4,CN1C=NC=C1CC(=O)O,2.94
353,354,biotree,134.4,C1[C@@H]([C@H](O[C@H]1N2C=NC3=C2NC=NC[C@H]3O)CO)O,2.24
354,355,biotree,231.0,C1[C@@H](CN[C@@H]1C(=O)O)O,3.85
355,356,biotree,164.4,C1[C@@H]([C@H]([C@@H]([C@H](N1CCO)CO)O)O)O,2.74
356,357,biotree,193.2,C[C@@]1(CC[C@H](C1(C)C)C(=O)O)C(=O)O,3.2199999999999998
357,358,biotree,229.8,C[C@@H](C(=O)O)NC(=O)CC[C@@H](C(=O)O)N,3.83
358,359,biotree,150.6,C1=CC=C(C=C1)C[C@H](C(=O)O)N,2.51
359,360,biotree,195.0,C1[C@@H]([C@@H]([C@H]([C@@H]([C@]1(CO)O)O)O)O)NC(CO)CO,3.25
360,361,biotree,180.0,CCOC(OCC)P(=O)(CCCN)O,3.0
361,362,biotree,192.6,C1=CC(=CC=C1CN)C(=O)O,3.21
362,363,biotree,146.4,C1=C(NC=C(C1=O)Cl)O,2.44
363,364,biotree,229.2,C[C@H](CN1C=NC2=C(N=CN=C21)N)OCP(=O)(O)O,3.82
364,365,biotree,242.4,CCCCC/C=C/C(=O)CCC1=CC(=C(C=C1)O)OC,4.04
365,366,biotree,238.2,C(/C(=C/C(=O)O)/C(=O)O)C(=O)O,3.9699999999999998
366,367,biotree,167.4,C1[C@H](NC(=O)NC1=O)C(=O)O,2.79
368,369,biotree,130.8,CNC1=NC(=O)C2=C(N1)N(C=N2)[C@H]3[C@@H]([C@@H]([C@H](O3)CO)O)O,2.18
369,370,biotree,123.6,CCCN[C@H]1CCC2=C(C1)SC(=N2)N,2.06
370,371,biotree,184.2,CC(=O)NCCCCNCCCNC(=O)C,3.07
371,372,biotree,238.2,C[C@H]1C[C@H]2[C@H](CC=C1/C=C/C(=O)C)C(=C)C(=O)O2,3.9699999999999998
372,373,biotree,175.2,CC(C)[C@@H](C(=O)O)NC(=O)CN,2.92
373,374,biotree,167.4,C1=COC2=CC(=C(C=C21)/C=C\C(=O)O)O[C@H]3[C@@H]([C@H]([C@@H]([C@H](O3)CO)O)O)O,2.79
374,375,biotree,180.6,CC(=O)N[C@@H](CC1=CN=CN1)C(=O)O,3.01
375,376,biotree,148.8,C[C@@H](C(=O)O)NC(=O)[C@H](C(C)C)N,2.48
376,377,biotree,229.2,C=CCSC[C@@H](C(=O)O)NC(=O)CC[C@@H](C(=O)O)N,3.82
377,378,biotree,168.0,C1=CC2=C(C=CO2)C(=C1/C=C\C(=O)O)O[C@H]3[C@@H]([C@H]([C@@H]([C@H](O3)CO)O)O)O,2.8
378,379,biotree,149.4,C[C@H]1[C@H](NC(=O)N1)CCCCCC(=O)O,2.49
379,380,biotree,147.6,CC(=O)N[C@@H]1[C@H]([C@@H]([C@H](OC1O)CO)O)O,2.46
380,381,biotree,132.0,C1[C@@H]([C@H](O[C@H]1N2C=NC3=C2NC(=NC3=O)N)CO)O,2.2
381,382,biotree,121.2,C[C@@H](C(=O)O)NC(=O)[C@H](CC1=CC=CC=C1)N,2.02
382,383,biotree,147.6,C[N+]1(CC[C@@]23C=C[C@@H](C[C@@H]2OC4=C(C=CC(=C34)C1)OC)O)[O-],2.46
383,384,biotree,146.4,C/C=C\1/C[C@@H]([C@@](C(=O)OCC2=CC[N+]3([C@H]2[C@@H](CC3)OC1=O)[O-])(CO)O)C,2.44
384,385,biotree,136.2,CN1C(=N)C=CN(C1=O)[C@H]2[C@@H]([C@@H]([C@H](O2)CO)O)O,2.27
385,386,biotree,201.0,CC=CSCC(C(=O)O)NC(=O)CCC(C(=O)O)N,3.35
386,387,biotree,136.8,CC(CCO)(CC(=O)O)O,2.2800000000000002
387,388,biotree,135.6,C([C@@H](C([C@H](CO)O)O)O)O,2.26
388,389,biotree,223.2,C[C@@H]1CC[C@H]([C@@H]2[C@H]1CCC(=C2)C)C(=C)C(=O)O,3.7199999999999998
389,390,biotree,229.8,C1C(=O)O[C@@H]([C@@]1(C(=O)O)O)C(=O)O,3.83
390,391,biotree,122.4,C1=NC(=O)C2=C(N1)N(C=N2)[C@H]3[C@@H]([C@@H]([C@H](O3)CO)O)O,2.04
391,392,biotree,166.8,C1=C(NC=N1)/C=C/C(=O)O,2.7800000000000002
392,393,biotree,172.8,C(CCCCC(=O)O)CCC/C=C/C(=O)O,2.8800000000000003
393,394,biotree,147.0,C[C@@H]([C@@H](C1=NC2=C(NC1)NC(=NC2=O)N)O)O,2.45
394,395,biotree,147.0,C[C@@H]([C@@H](C1=CN=C2C(=N1)C(=O)N=C(N2)N)O)O,2.45
395,396,biotree,149.4,C1=NC2=C(N1[C@H]3[C@@H]([C@@H]([C@H](O3)CO)O)O)NC(=NC2=O)N,2.49
396,397,biotree,235.8,[C@@H]1([C@H]([C@H](OC([C@@H]1O)O)C(=O)O)O)O,3.93
397,398,biotree,186.6,C1=C(N=C2C(=N1)NC(=NC2=O)N)[C@@H]([C@@H](CO)O)O,3.11
398,399,biotree,187.2,CC(=O)NCCC(=O)N[C@@H](CC1=CN=CN1)C(=O)O,3.1199999999999997
399,400,biotree,132.6,CNC[C@@H](C1=CC=C(C=C1)O)O,2.21
400,401,biotree,123.0,CC1(OC2C=C(CC(C2O1)O)C(=O)O)C,2.05
401,402,biotree,147.6,CNCC(C1=CC(=CC=C1)O)O,2.46
402,403,biotree,165.6,C[N+](C)(C)CC(=O)O,2.76
404,405,biotree,249.6,C[C@@H]1[C@H](C[C@@H]([C@H](O1)OC2[C@@H]([C@H](C([C@@H]([C@@H]2O)O)O)O)O)N)N=C(C(=O)O)N,4.16
405,406,biotree,230.4,CCCCCCC(O)C/C=C\CCCCCCCC(=O)OCC(OC(=O)CCCCCCC/C=C\CC(O)CCCCCC)COC(=O)CCCCCCC/C=C\CC(O)CCCCCC,3.8400000000000003
406,407,biotree,183.6,C[C@H]1[C@@H]([C@H]([C@H]([C@@H](O1)O[C@@H]2[C@H]([C@@H]([C@H](O[C@H]2O[C@H]3[C@@H]([C@H](O[C@H]([C@@H]3O)O[C@]45CC[C@H]6[C@@]7(CCC[C@@]([C@H]7CC[C@@]6(C4)CC5=C)(C)C(=O)O[C@H]8[C@@H]([C@H]([C@@H]([C@H](O8)CO)O)O)O)C)CO)O)CO)O)O)O)O)O,3.06
407,408,biotree,280.2,C([C@@H]1[C@@H]([C@@H]([C@H]([C@H](O1)OC[C@@H]2[C@@H]([C@@H]([C@H]([C@H](O2)OC[C@@H]3[C@H]([C@@H]([C@H]([C@H](O3)O[C@]4([C@H]([C@@H]([C@H](O4)CO)O)O)CO)O)O)O)O)O)O)O)O)O)O,4.67
408,409,biotree,131.4,C[N+](C)(C)CCOC(=O)/C=C/C1=CC(=C(C=C1OC)O)OC,2.19
409,410,biotree,178.8,C[C@@]1(CC[C@@]2(CC[C@@]3(C(=CC[C@H]4[C@]3(CC[C@@H]5[C@@]4(C[C@@H]([C@@H]([C@@]5(C)CO)O[C@H]6[C@@H]([C@H]([C@@H](CO6)O[C@H]7[C@@H]([C@H]([C@@H]([C@H](O7)CO)O)O)O)O)O)O)C)C)[C@@H]2C1)C)C(=O)O)C(=O)OC,2.98
410,411,biotree,225.0,C1=C(NC=N1)CCN,3.75
411,412,biotree,174.0,C[N+]1=CC=CC(=C1)C(=O)O,2.9
412,413,biotree,125.4,C1CCN2C[C@H]3C[C@@H]([C@H]2C1)CN4[C@H]3CCCC4,2.0900000000000003
413,414,biotree,220.8,C1=CO[C@H]([C@H]2[C@@H]1[C@@H]([C@H]3[C@@]2(O3)CO)O)O[C@H]4[C@@H]([C@H]([C@@H]([C@H](O4)CO[C@H]5[C@@H]([C@H]([C@H]([C@H](O5)CO)O)O)O)O)O)O,3.68
414,415,biotree,185.4,CC(=O)O[C@H](CC(=O)O)C[N+](C)(C)C,3.0900000000000003
415,416,biotree,167.4,C1=CN2[C@H]3[C@H]([C@@H]([C@H](O3)CO)O)OC2=NC1=N,2.79
416,417,biotree,276.0,C([C@@H]1[C@@H]([C@@H]([C@H]([C@H](O1)OC[C@@H]2[C@@H]([C@@H]([C@H]([C@H](O2)OC[C@@H]3[C@H]([C@@H]([C@H](C(O3)O)O)O)O)O)O)O)O)O)O)O,4.6
417,418,biotree,125.4,COC1=C(C2=C[N+]3=C(C=C2C=C1)C4=CC(=C(C=C4CC3)O)OC)OC,2.0900000000000003
418,419,biotree,255.6,C1=NC(=C2C(=N1)N(C=N2)C3C(C(C(O3)COP(=O)(O)OP(=O)(O)O)O)O)N,4.26
419,420,biotree,124.8,C1C[N+]2=C(C=C3C=CC4=C(C3=C2)OCO4)C5=CC6=C(C=C51)OCO6,2.08
420,421,biotree,150.6,C1C[N+]2=CC3=CC4=C(C=C3C5=CC(=CC1=C52)O)OCO4,2.51
422,423,biotree,189.0,C1C2C(C(C(O2)N3C=NC4=C3NC(=NC4=O)N)O)OP(=O)(O1)O,3.15
423,424,biotree,198.6,C1=CC2=C(C(=O)C=CC2=O)C(=C1)O,3.31
424,425,biotree,168.6,CC1=CC(=CC(=C1)O[C@H]2[C@@H]([C@H]([C@@H]([C@H](O2)CO[C@H]3[C@@H]([C@H]([C@@H]([C@H](O3)CO)O)O)O)O)O)O)O,2.81
425,426,biotree,159.0,C1[C@@]([C@H]([C@@H](O1)O[C@@H]2[C@H]([C@@H]([C@H](O[C@H]2C3=C(C4=C(C=C3O)OC5=C(C4=O)C=C(C=C5)O)O)CO)O)O)O)(CO)O,2.65
426,427,biotree,163.2,COC1=CC2=C(C=C1)NC=C2CC(C(=O)O)N,2.7199999999999998
427,428,biotree,177.6,CCCCCCCCCCCCCCCCCCCC(=O)OCC(COC(=O)CCCCCCCCCCCCCCCCCCC)OC(=O)CCCCCCCCCCCCCCCCCCC,2.96
428,429,biotree,154.8,CC[C@H](C)[C@H]1C(=O)N[C@H](C(=O)N[C@H](C(=O)N[C@@H](CSSC[C@@H](C(=O)N[C@H](C(=O)N1)CC2=CC=C(C=C2)O)N)C(=O)N3CCC[C@H]3C(=O)N[C@@H](CC(C)C)C(=O)NCC(=O)N)CC(=O)N)CCC(=O)N,2.58
429,430,biotree,285.6,C([C@@H]1[C@H]([C@@H]([C@H]([C@H](O1)O[C@@H]2[C@H](O[C@@H]([C@@H]([C@H]2O)O)O[C@@H]3[C@H](O[C@@H]([C@@H]([C@H]3O)O)O[C@@H]4[C@H](O[C@@H]([C@@H]([C@H]4O)O)O[C@@H]5[C@H](OC([C@@H]([C@H]5O)O)O)CO)CO)CO)CO)O)O)O)O,4.760000000000001
430,431,biotree,124.8,C[N+]1=C2C3=C(CCN2C(=O)C4=CC=CC=C41)C5=CC=CC=C5N3,2.08
431,432,biotree,256.8,C1[C@H]([C@@H]([C@H]([C@@H](O1)O[C@@H]2CO[C@H]([C@@H]([C@H]2O)O)O[C@@H]3CO[C@H]([C@@H]([C@H]3O)O)O[C@@H]4COC([C@@H]([C@H]4O)O)O)O)O)O,4.28
432,433,biotree,216.0,C([C@@H]1[C@H]([C@@H]([C@H]([C@H](O1)O[C@]2([C@H]([C@@H]([C@H](O2)CO)O)O)CO)O)O)O)O,3.6
433,434,biotree,167.4,CCC(C)C=O,2.79
434,435,biotree,226.8,C1=C(NC=N1)C[C@@H](CO)N,3.7800000000000002
435,436,biotree,177.0,C[N+]1=CC=CC(=C1)C(=O)N,2.95
436,437,biotree,210.0,C[C@H]1[C@@H]([C@H]([C@H]([C@@H](O1)O[C@@H]2[C@H]([C@H](CO[C@H]2OC(=O)[C@]34CCC(C[C@H]3C5=CC[C@H]6[C@]([C@@]5(C[C@H]4O)C)(CC[C@@H]7[C@@]6(C[C@@H]([C@@H](C7(CO)CO)O[C@H]8[C@@H]([C@H]([C@@H]([C@H](O8)CO[C@H]9[C@@H]([C@H]([C@@H]([C@H](O9)CO)O)O)O)O)O)O)O)C)C)(C)C)O)O)O)O)O[C@H]1[C@@H]([C@H]([C@@H](CO1)O)O)O,3.5
437,438,biotree,240.0,CN1C=NC=C1CC(C(=O)O)NC(=O)CCN,4.0
439,440,biotree,144.0,CC1([C@@H](N2[C@H](S1)[C@@H](C2=O)NC(=O)C(C3=CC=CC=C3)S(=O)(=O)O)C(=O)O)C,2.4
440,441,biotree,252.6,C1=CN(C(=O)NC1=O)[C@H]2[C@@H]([C@@H]([C@H](O2)COP(=O)(O)OP(=O)(O)O)O)O,4.21
441,442,biotree,193.8,C1=CC(=CC=C1[C@@H](C(=O)O)N)O,3.23
442,443,biotree,208.8,CN1C=NC=C1CCN,3.48
443,444,biotree,295.8,C(=O)C(=O)O,4.930000000000001
444,445,biotree,158.4,CC[C@H](C)[C@@H](C(=O)N1CCC[C@H]1C(=O)N2CCC[C@H]2C(=O)N[C@@H](CC3=CC=CC=C3)C(=O)N[C@@H](CC4=CNC5=CC=CC=C54)C(=O)N[C@@H](CCCCN)C(=O)N)NC(=O)[C@H](CC(C)C)N,2.64
445,446,biotree,139.2,C[N+]1(CCC2=CC(=C(C=C2[C@H]1CC3=CC=C(C=C3)O)OC)O)C,2.32
446,447,biotree,209.4,C[C@H]1[C@@H]([C@H]([C@H]([C@@H](O1)OC[C@@H]2[C@H]([C@@H]([C@H]([C@@H](O2)OC[C@@H]3[C@H]([C@@H]([C@H]([C@@H](O3)OC(=O)[C@@]45CC[C@@]6(C(=CC[C@H]7[C@]6(CC[C@@H]8[C@@]7(CC[C@@H]([C@@]8(C)CO)O[C@H]9[C@@H]([C@H]([C@H](CO9)O)O)O[C@H]1[C@@H]([C@H]([C@@H]([C@H](O1)CO)O)O)O)C)C)[C@@H]4CC(CC5)(C)C)C)O)O)O)O)O)O)O)O)O,3.49
447,448,biotree,268.2,C1=CN(C(=O)NC1=O)[C@H]2[C@@H]([C@@H]([C@H](O2)COP(=O)(O)OP(=O)(O)O[C@@H]3[C@@H]([C@H]([C@@H]([C@H](O3)C(=O)O)O)O)O)O)O,4.47
448,449,biotree,222.6,C([C@@H]1[C@H]([C@@H]([C@H]([C@H](O1)OC[C@H]([C@H]([C@@H](C(=O)CO)O)O)O)O)O)O)O,3.71
449,450,biotree,156.0,C[C@H]1[C@@H]([C@H]([C@H]([C@@H](O1)OC2=C(OC3=CC(=CC(=C3C2=O)O)O)C4=CC(=C(C=C4)O)O)O[C@H]5[C@@H]([C@H]([C@@H]([C@H](O5)CO)O)O)O)O)O,2.6
450,451,biotree,147.6,C1=CC(=NC=C1C(=O)O)N,2.46
451,452,biotree,150.0,COC(=O)C1=COC(C(C1CC(=O)O)(CC(=O)O)O)O[C@H]2[C@@H]([C@H]([C@@H]([C@H](O2)CO)O)O)O,2.5
452,453,biotree,198.0,CC(CC(=O)O)N,3.3
453,454,biotree,214.8,CC[C@H](C)[C@@H](C(=O)N[C@@H](CC(=O)N)C(=O)N[C@@H](CC(C)C)C(=O)N[C@@H](CCCCN)C(=O)N[C@@H](C)C(=O)N[C@@H]([C@@H](C)CC)C(=O)N[C@@H](C)C(=O)N[C@@H](C)C(=O)N[C@@H](CC(C)C)C(=O)N[C@@H](C)C(=O)N[C@@H](CCCCN)C(=O)N[C@@H](CCCCN)C(=O)N[C@@H](CC(C)C)C(=O)N[C@@H](CC(C)C)C(=O)N)N,3.58
454,455,biotree,138.0,C[N+]1(CCC2=CC(=C(C=C2[C@H]1CC3=CC=C(C=C3)O)O)OC)C,2.3
455,456,biotree,194.4,C[C@@H](C(=O)N[C@@H](C)C(=O)NCC(=O)N[C@@H](CCSC)C(=O)NCC(=O)N[C@@H](CC1=CC=CC=C1)C(=O)N[C@@H](CC2=CC=CC=C2)C(=O)NCC(=O)N[C@@H](C)C(=O)N[C@@H](CCCN=C(N)N)C(=O)N)N.CC(=O)O,3.24
456,457,biotree,231.6,C1=NC(=C2C(=N1)N(C=N2)[C@H]3[C@@H]([C@@H]([C@H](O3)CO)OP(=O)(O)O)O)N,3.86
457,458,biotree,209.4,C[N+](C)(C)CC(CC(=O)O)O,3.49
458,459,biotree,211.2,CC1=C2C(=CC(=C1C(=O)O)O)C(=O)C3=C(C2=O)C(=C(C(=C3O)O)[C@H]4[C@@H]([C@H]([C@@H]([C@H](O4)CO)O)O)O)O,3.52
459,460,biotree,131.4,C1CCC2=C[N+]3=C(C=C2C1)C4=C(C=C3)C5=CC=CC=C5N4,2.19
460,461,biotree,148.8,COC1=C(C=C2C(=C1)C(=O)C(=CO2)C3=CC=C(C=C3)O)O[C@H]4[C@@H]([C@H]([C@@H]([C@H](O4)CO[C@H]5[C@@H]([C@H]([C@@H](CO5)O)O)O)O)O)O,2.48
461,462,biotree,173.4,C1CO[C@H]([C@H]2C1[C@@H]([C@H]3[C@@]2(O3)CO)O)O[C@H]4[C@@H]([C@H]([C@@H]([C@H](O4)CO)O)O)O,2.89
462,463,biotree,124.2,C1=CC2=C(C=C1O)C(=O)C3=C(O2)C=C(C(=C3O)[C@H]4[C@@H]([C@H]([C@@H]([C@H](O4)CO)O)O)O)O,2.07
463,464,biotree,208.8,CC1=C(SC=[N+]1CC2=CN=C(N=C2N)C)CCO,3.48
464,465,biotree,177.6,C[C@@]12CC[C@@H]3[C@@]([C@H]1CC=C4[C@]2(CC[C@@]5([C@H]4CC(CC5)(C)C)C(=O)O[C@H]6[C@@H]([C@H]([C@@H]([C@H](O6)CO)O)O)O)C)(C[C@H]([C@H]([C@]3(C)C=O)O[C@H]7[C@@H]([C@H]([C@@H]([C@H](O7)C(=O)O)O)O[C@H]8[C@@H]([C@H]([C@@H](CO8)O)O)O)O)O)C,2.96
465,466,biotree,195.0,C(CO)N,3.25
466,467,biotree,122.4,CC1=C2C=CC3=C(C2=C[N+]4=C1C5=CC6=C(C=C5CC4)OCO6)OCO3,2.04
467,468,biotree,144.6,C[N+]1(CC[C@@]23CC(=O)C(=C[C@H]2[C@@H]1CC4=C3C(=C(C=C4)OC)O)OC)[O-],2.4099999999999997
468,469,biotree,174.6,C=C[C@@H]1[C@@H]2CC(OC(=O)C2=CO[C@H]1O[C@H]3[C@@H]([C@H]([C@@H]([C@H](O3)CO)O)O)O)O,2.9099999999999997
469,470,biotree,172.8,C[C@@H]1CC[C@@]2([C@H]([C@H]3[C@@H](O2)C[C@@H]4[C@@]3(CC[C@H]5[C@H]4CC=C6[C@@]5(CC[C@@H](C6)O[C@H]7[C@@H]([C@H]([C@@H]([C@H](O7)CO)O[C@H]8[C@@H]([C@H]([C@@H]([C@H](O8)CO)O)O[C@H]9[C@@H]([C@H]([C@@H]([C@H](O9)CO)O)O)O)O)O)O[C@H]2[C@@H]([C@@H]([C@H]([C@@H](O2)C)O)O)O)C)C)C)OC1,2.8800000000000003
470,471,biotree,239.4,C[C@H]1[C@@H]([C@H]([C@H]([C@@H](O1)O[C@@H]2[C@H]([C@H](CO[C@H]2OC(=O)[C@]34CCC(C[C@H]3C5=CC[C@H]6[C@]([C@@]5(C[C@H]4O)C)(CC[C@@H]7[C@@]6(C[C@@H]([C@@H](C7(CO)CO)O[C@H]8[C@@H]([C@H]([C@@H]([C@H](O8)CO[C@H]9[C@@H]([C@H]([C@@H]([C@H](O9)CO[C@H]1[C@@H]([C@H]([C@@H]([C@H](O1)CO)O)O)O)O)O)O)O)O)O)O)C)C)(C)C)O)O)O)O)O[C@H]1[C@@H]([C@H]([C@@H](CO1)O)O[C@H]1[C@@H]([C@](CO1)(CO)O)O)O,3.99
471,472,biotree,207.6,C1=CC(=CC=C1CSC[C@@H](C(=O)NCC(=O)O)NC(=O)CC[C@@H](C(=O)O)N)O,3.46
472,473,biotree,124.2,CC1=C(C(=O)OC2=C1C=CC(=C2)N)CC(=O)O,2.07
473,474,biotree,124.8,COC1=CC2=C(C=CN=C2C=C1)C(=O)CC[C@@H]3CCNC[C@@H]3C=C,2.08
474,475,biotree,276.0,CC(C)[C@@H](C(=O)N[C@@H](CCC(=O)N)C(=O)NCC(=O)N[C@@H](CCC(=O)O)C(=O)N[C@@H](CCC(=O)O)C(=O)N[C@@H](CO)C(=O)N[C@@H](CC(=O)N)C(=O)N[C@@H](CC(=O)O)C(=O)N[C@@H](CCCCN)C(=O)O)N,4.6
475,476,biotree,150.0,CC1=CC2=C(C=C1N(C)C)N(C3=NC(=O)NC(=O)C3=N2)C[C@@H]([C@@H]([C@@H](CO)O)O)O,2.5
476,477,biotree,241.8,C[C@H]1[C@@H]([C@H]([C@H]([C@@H](O1)OC[C@@H]2[C@H]([C@@H]([C@H]([C@@H](O2)O[C@@H]3[C@H](O[C@H]([C@@H]([C@H]3O)O)O[C@@H]4CO[C@H]([C@@H]([C@@H]4O)O)O[C@@H]5[C@H]([C@@H](O[C@H]([C@@H]5O)O[C@@H]6[C@H]([C@H](CO[C@H]6O[C@H]7CC[C@]8([C@H](C7(C)C)CC[C@@]9([C@@H]8CC=C1[C@]9(CC[C@@]2([C@H]1CC(CC2)(C)C)C(=O)O[C@H]1[C@@H]([C@H]([C@@H]([C@H](O1)CO[C@H]1[C@@H]([C@H]([C@@H]([C@H](O1)CO)O[C@H]1[C@@H]([C@@H]([C@H]([C@@H](O1)C)O)O)O)O)O)O)O)O)C)C)C)O)O)C)O)CO)O)O)O)O)O)O,4.03
477,478,biotree,145.8,C1=C(C=C(C=C1N)O)C(=O)O,2.43
478,479,biotree,148.2,C1CCC2=NCCCN2CC1,2.4699999999999998
479,480,biotree,123.0,C[C@H]1C[C@@H]2[C@H]([C@H]([C@]3(O2)CC[C@H]4[C@@H]5CC=C6C[C@H](CC[C@@]6([C@H]5C(=O)C4=C3C)C)O[C@H]7[C@@H]([C@H]([C@@H]([C@H](O7)CO)O)O)O)C)NC1,2.05
480,481,biotree,200.4,C[C@H]1[C@@H]([C@H]([C@H]([C@@H](O1)O[C@@H]2[C@H]([C@@H]([C@H](O[C@H]2O[C@H]3CC[C@@]4([C@H]5CC[C@]6([C@H]([C@@H]5CC=C4C3)C[C@H]7[C@@H]6C(=C(O7)CC[C@@H](C)CO[C@H]8[C@@H]([C@H]([C@@H]([C@H](O8)CO)O)O)O)C)C)C)CO)O)O[C@H]9[C@@H]([C@H]([C@@H]([C@H](O9)CO)O)O)O)O)O)O,3.3400000000000003
481,482,biotree,195.6,CC1=C2COC(=O)C2=C(C(=C1OC)C/C=C(\C)/CCC(=O)O)O[C@H]3[C@H](C([C@@H](C(O3)C(=O)O)O)O)O,3.26
482,483,biotree,187.8,CC(=CCC[C@@](C)([C@H]1CC[C@@]2([C@@H]1[C@@H](C[C@H]3[C@]2(C[C@@H]([C@@H]4[C@@]3(CC[C@@H](C4(C)C)O)C)O[C@H]5[C@@H]([C@H]([C@@H]([C@H](O5)CO)O)O)O[C@H]6[C@@H]([C@H]([C@@H]([C@H](O6)CO)O)O)O)C)O)C)O[C@H]7[C@@H]([C@H]([C@@H]([C@H](O7)CO)O)O)O)C,3.1300000000000003
483,484,biotree,172.8,CC(=CCC[C@@](C)([C@H]1CC[C@@]2([C@@H]1[C@@H](C[C@H]3[C@]2(CC[C@@H]4[C@@]3(CC[C@@H](C4(C)C)O[C@H]5[C@@H]([C@H]([C@@H]([C@H](O5)CO)O)O)O[C@H]6[C@@H]([C@H]([C@@H]([C@H](O6)COC(=O)C)O)O)O)C)C)O)C)O[C@H]7[C@@H]([C@H]([C@@H]([C@H](O7)CO[C@H]8[C@@H]([C@H]([C@@H](O8)CO)O)O)O)O)O)C,2.8800000000000003
484,485,biotree,154.2,C[C@H]1[C@H]2[C@H]([C@@H]([C@@H]3[C@@]2(CC[C@H]4[C@H]3CC[C@H]5[C@@]4(CC[C@@H](C5)O[C@H]6[C@@H]([C@H]([C@H]([C@H](O6)CO)O)O)O[C@H]7[C@@H]([C@H]([C@@H]([C@H](O7)CO)O)O)O)C)C)O)OC1(CCC(C)C)OC,2.57
485,486,biotree,152.4,COC1=C(C=C2C(=C1)C=CC(=O)O2)O[C@H]3[C@@H]([C@H]([C@@H]([C@H](O3)CO[C@H]4[C@@H]([C@H]([C@@H](CO4)O)O)O)O)O)O,2.54
486,487,biotree,222.0,C[C@H]1[C@@H]([C@H]([C@H]([C@@H](O1)O[C@@H]2[C@H](O[C@H]([C@@H]([C@H]2O)O)OC[C@@H]3[C@H]([C@@H]([C@H]([C@@H](O3)OC(=O)[C@@]45CC[C@@]6(C(=CC[C@H]7[C@]6(CC[C@@H]8[C@@]7(CC[C@@H]([C@@]8(C)CO)O[C@H]9[C@@H]([C@H]([C@H](CO9)O[C@H]1[C@@H]([C@H]([C@@H]([C@H](O1)CO)O)O)O)O)O[C@H]1[C@@H]([C@@H]([C@H]([C@@H](O1)C)O)O)O)C)C)[C@@H]4CC(CC5)(C)C)C)O)O)O)CO)O)O)O,3.7
487,488,biotree,290.4,C1[C@@H]([C@H](O[C@H]1N2C=CC(=O)NC2=O)COP(=O)(O)OP(=O)(O)OP(=O)(O)O)O,4.84
488,489,biotree,280.8,C1C[C@H](N(C1)C(=O)[C@@H]2CCCN2C(=O)[C@H](CCCN=C(N)N)N)C(=O)NCC(=O)N[C@@H](CC3=CC=CC=C3)C(=O)N[C@@H](CO)C(=O)N4CCC[C@H]4C(=O)N[C@@H](CC5=CC=CC=C5)C(=O)N[C@@H](CCCN=C(N)N)C(=O)O,4.680000000000001
489,490,biotree,175.8,C[C@@H](C(=O)N[C@@H](CC(=O)N)C(=O)N[C@@H](CC(C)C)C(=O)N[C@@H](CC(=O)N)C(=O)N[C@@H](CC(C)C)C(=O)O)NC(=O)CNC(=O)[C@H](CO)NC(=O)[C@H](CC(C)C)NC(=O)[C@H](CC1=CC=C(C=C1)O)N,2.93
490,491,biotree,210.6,C[C@H]([C@@H](C(=O)O)NC(=O)[C@@H]1CCCN1C(=O)[C@H](CC(C)C)NC(=O)[C@H](CC2=CC=C(C=C2)O)NC(=O)[C@H](CCCN=C(N)N)N)O,3.51
491,492,biotree,147.0,C1=CC=C(C=C1)C2=CC(=O)C3=C(C=C(C=C3O2)O[C@H]4[C@@H]([C@H]([C@@H]([C@H](O4)CO[C@H]5[C@@H]([C@H]([C@@H]([C@H](O5)CO)O)O)O)O)O)O)O,2.45
492,493,biotree,174.0,C[C@H](CC[C@H](C(C)(C)O)O[C@H]1[C@@H]([C@H]([C@@H]([C@H](O1)CO[C@H]2[C@@H]([C@H]([C@@H]([C@H](O2)CO)O)O)O)O)O)O[C@H]3[C@@H]([C@H]([C@@H]([C@H](O3)CO)O)O)O)[C@H]4CC[C@@]5([C@@]4(C[C@H]([C@@]6([C@H]5CC=C7[C@H]6CC[C@@H](C7(C)C)O)C)O)C)C,2.9
493,494,biotree,131.4,CCCCCCCC/C=C\CCCCCCCC(=O)OC[C@H](COP(=O)(O)OCC[N+](C)(C)C)O,2.19
494,495,biotree,128.4,C1C[C@@H]2CN(C(=O)C3=CC=CC(=C23)C1)[C@@H]4CN5CCC4CC5,2.14
495,496,biotree,242.4,C1=NC(=C2C(=N1)N(C=N2)[C@H]3[C@@H]([C@@H]([C@H](O3)COP(=O)(O)O)O)O)N,4.04
496,497,biotree,145.8,COC1=C(C=C2C(=C1)C(=O)C3=C(O2)C=C(C(=C3O)[C@H]4[C@@H]([C@H]([C@@H]([C@H](O4)CO)O)O)O)O)O,2.43
497,498,biotree,120.6,C[N+]1(CCC2=CC(=C(C3=C2[C@@H]1CC4=C3C(=C(C=C4)OC)O)O)OC)C,2.01
498,499,biotree,126.0,C1=CC(=CC=C1O)OC2=C(C=C(C=C2I)C[C@@H](C(=O)O)N)I,2.1
499,500,biotree,175.2,C/[N+](=N/CO[C@H]1[C@@H]([C@H]([C@@H]([C@H](O1)CO[C@H]2[C@@H]([C@H]([C@@H](CO2)O)O)O)O)O)O)/[O-],2.92
500,501,biotree,211.2,CNC(=O)CNC(=O)CN,3.52
501,502,biotree,220.8,C[N+](C)(C)CCCC(=O)O,3.68
502,503,biotree,130.8,COC1=CC2=C(C=C1)NC=C2CCN,2.18
503,504,biotree,172.8,COC1=CC(=C2C(=C1)OC(=C(C2=O)O[C@H]3[C@@H]([C@H]([C@@H]([C@H](O3)CO)O)O)O[C@H]4[C@@H]([C@](CO4)(CO)O)O)C5=CC=C(C=C5)O[C@H]6[C@@H]([C@H]([C@@H]([C@H](O6)CO)O)O)O)O,2.8800000000000003
504,505,biotree,181.2,CC(C)C[C@@](CC(=O)OCC1=CC=C(C=C1)O[C@H]2[C@@H]([C@H]([C@@H]([C@H](O2)CO)O)O)O)(C(=O)OCC3=CC=C(C=C3)O[C@H]4[C@@H]([C@H]([C@@H]([C@H](O4)CO)O)O)O)O[C@H]5[C@@H]([C@H]([C@@H]([C@H](O5)CO)O)O)O,3.02
505,506,biotree,176.4,C[C@]12CC[C@@H]([C@]([C@@H]1CC[C@@]3([C@@H]2CC=C4[C@]3(CC[C@@]5([C@H]4CC(C[C@H]5O)(C)C)C)C)C)(C)CO)O[C@H]6[C@@H]([C@H]([C@@H]([C@H](O6)C(=O)O)O)O)O[C@H]7[C@@H]([C@H]([C@H]([C@H](O7)CO)O)O)O[C@H]8[C@@H]([C@H]([C@@H]([C@H](O8)CO)O)O)O,2.94
506,507,biotree,152.4,C[C@@H](C(=O)N[C@@H](CO)C(=O)N[C@@H](CC1=CC=CC=C1)C(=O)N[C@@H](CC2=CC=C(C=C2)O)C(=O)N[C@@H](CO)C(=O)N[C@@H](CC3=CNC4=CC=CC=C43)C(=O)NCC(=O)N)NC(=O)CN,2.54
507,508,biotree,276.6,C[C@@H]1CC(=O)[C@]2([C@@H](O1)O[C@@H]3[C@H]([C@@H]([C@@H]([C@@H]([C@H]3O2)NC)O)NC)O)O,4.61
508,509,biotree,170.4,C[N+]1(CCC[C@H]1C(=O)O)C,2.8400000000000003
509,510,biotree,292.2,C([C@@H]1[C@H]([C@@H]([C@H]([C@H](O1)O[C@@H]2[C@H](O[C@@H]([C@@H]([C@H]2O)O)O[C@@H]3[C@H](O[C@@H]([C@@H]([C@H]3O)O)O[C@@H]4[C@H](O[C@@H]([C@@H]([C@H]4O)O)O[C@@H]5[C@H](O[C@@H]([C@@H]([C@H]5O)O)O[C@@H]6[C@H](O[C@@H]([C@@H]([C@H]6O)O)O[C@@H]7[C@H](O[C@@H]([C@@H]([C@H]7O)O)O)CO)CO)CO)CO)CO)CO)O)O)O)O,4.87
510,511,biotree,161.4,C[C@H]1CC[C@H]2[C@@H]([C@@H]3CC[C@@H]4[C@H]([C@@H]3CN2C1)C[C@H]5[C@H]4CC(=O)[C@@H]6[C@@]5(CC[C@@H](C6)O[C@H]7[C@@H]([C@H]([C@@H]([C@H](O7)CO)O)O)O)C)C,2.69
511,512,biotree,157.2,C[C@H](C(=O)N[C@H](CC1=CC2=CC=CC=C2C=C1)C(=O)N[C@@H](C)C(=O)N[C@@H](CC3=CNC4=CC=CC=C43)C(=O)N[C@H](CC5=CC=CC=C5)C(=O)N[C@@H](CCCCN)C(=O)N)N,2.6199999999999997
512,513,biotree,199.2,C[C@H]1[C@@H]([C@H]([C@H]([C@@H](O1)O[C@@H]2[C@H]([C@H](CO[C@H]2O[C@H]3CC[C@@]4([C@H]5CC=C6[C@H]7CC(CC[C@@]7(CC[C@]6([C@@]5(CCC4C3(C)CO)C)C)C(=O)O[C@H]8[C@@H]([C@H]([C@@H]([C@H](O8)CO)O[C@H]9[C@@H]([C@H]([C@@H]([C@H](O9)CO)O)O)O)O)O)(C)C)C)O)O[C@@H]1[C@@H]([C@H]([C@@H](CO1)O)O)O)O)O)O,3.32
513,514,biotree,211.8,C[C@@]1(C[C@H]([C@H]2[C@@H]1[C@@H](OC=C2C(=O)O)O[C@H]3[C@@H]([C@H]([C@@H]([C@H](O3)CO)O)O)O)O)O,3.5300000000000002
514,515,biotree,148.2,CC1=CC(=O)C2=C(O1)C3=C(C=C(C=C3C=C2O)OC)O[C@H]4[C@@H]([C@H]([C@@H]([C@H](O4)CO[C@H]5[C@@H]([C@H]([C@@H]([C@H](O5)CO)O)O)O)O)O)O,2.4699999999999998
515,516,biotree,200.4,C[C@H]1[C@@H]([C@H]([C@H]([C@@H](O1)O[C@@H]2[C@H](O[C@H]([C@@H]([C@H]2O)O)OC[C@@H]3[C@H]([C@@H]([C@H]([C@@H](O3)OC(=O)[C@]45CC[C@H]([C@@H]4[C@H]6C[C@H]([C@H]7[C@]([C@@]6(CC5)C)(CC[C@@H]8[C@@]7([C@H](OC8(C)C)CC(=O)O)C)C)O)C(=C)C)O)O)O)CO)O)O)O,3.3400000000000003
516,517,biotree,288.6,C[C@H]1[C@@H]([C@H]([C@H]([C@@H](O1)OC2=C(C=C3C4=C2OC(=O)C5=CC(=C(C(=C54)OC3=O)O)O)O)O)O)O,4.8100000000000005
517,518,biotree,251.4,C[C@H]1[C@H]([C@H]([C@@H]([C@@H](O1)O[C@@H]2[C@H]([C@H]([C@H](O[C@H]2O[C@@H]3[C@H](OC([C@@H]([C@H]3O)O)O)CO)CO)O)O)O)O)O,4.19
518,519,biotree,202.8,C1=CC(=CC=C1C(=O)O)NCC2=CN=C3C(=N2)C(=O)N=C(N3)N,3.3800000000000003
519,520,biotree,175.2,C1[C@@H]([C@@H]([C@H]([C@@H](O1)C2=C(C(=C3C(=C2O)C(=O)C=C(O3)C4=CC=CC=C4)[C@H]5[C@@H]([C@H]([C@@H]([C@H](O5)CO)O)O)O)O)O)O)O,2.92
520,521,biotree,150.0,CNCCC1=CC=C(C=C1)O,2.5
521,522,biotree,182.4,C[C@H]1[C@@H]([C@H]([C@H]([C@@H](O1)OC[C@@H]2[C@H]([C@@H]([C@H]([C@@H](O2)OC3=C(OC4=CC(=CC(=C4C3=O)O)O)C5=CC=C(C=C5)O)O[C@H]6[C@@H]([C@H]([C@@H](CO6)O)O)O)O)O)O)O)O,3.04
522,523,biotree,147.6,C1=CC=C(C=C1)COC(=O)C[C@@H](C(=O)O)N,2.46
523,524,biotree,242.4,C([C@@H]1[C@H]([C@@H]([C@H]([C@@H](O1)OC[C@H]([C@H]([C@@H]([C@H](C=O)O)O)O)O)O)O)O)O,4.04
524,525,biotree,164.4,CC[C@H](C)[C@@H](C(=O)N[C@@H](CC(C)C)C(=O)NCC(=O)N[C@@H](CCCCN)C(=O)N[C@@H](CC(C)C)C(=O)N[C@@H](C(C)C)C(=O)N[C@@H](CCCCN)C(=O)NCC(=O)N[C@@H](CC(C)C)C(=O)N[C@@H](CC(C)C)C(=O)N)NC(=O)[C@H](CC(C)C)NC(=O)[C@@H]1CCCN1C(=O)[C@H](CC(C)C)NC(=O)[C@H](CC2=CC=CC=C2)N,2.74
525,526,biotree,208.2,C(C(=O)O)N=C(N)N,3.4699999999999998
526,527,biotree,284.4,CC1=CN(C(=O)NC1=O)[C@H]2C[C@@H]([C@H](O2)COP(=O)(O)OP(=O)(O)OP(=O)(O)O)O,4.739999999999999
527,528,biotree,181.2,C1=CO[C@H]([C@H]2[C@@]1([C@@H](C=C2CO)O)O)O[C@H]3[C@@H]([C@H]([C@@H]([C@H](O3)CO)O)O)O,3.02
528,529,biotree,294.6,C[C@H]([C@@H](C(=O)N[C@@H](CC1=CC=C(C=C1)O)C(=O)N2CCC[C@H]2C(=O)N[C@@H](CCCNC(=N)N)C(=O)N[C@@H]([C@@H](C)O)C(=O)N[C@@H](CC(=O)N)C(=O)N[C@@H]([C@@H](C)O)C(=O)NCC(=O)N[C@@H](CO)C(=O)N[C@@H](CC(=O)N)C(=O)N[C@@H]([C@@H](C)O)C(=O)N[C@@H](CC3=CC=C(C=C3)O)C(=O)N)NC(=O)[C@H](CCC(=O)N)NC(=O)[C@H](CC(C)C)NC(=O)[C@H](CCCCN)NC(=O)[C@H](CC4=CNC=N4)NC(=O)[C@H](CC(C)C)NC(=O)[C@H](CCC(=O)O)NC(=O)[C@H](CCC(=O)N)NC(=O)[C@H](CO)NC(=O)[C@H](CC(C)C)NC(=O)[C@H](CCCCN)NC(=O)CNC(=O)[C@H](CC(C)C)NC(=O)[C@H](C(C)C)NC(=O)C)O,4.91
530,531,biotree,153.0,CN1C[C@@]2(CC[C@@H](C34[C@@H]2[C@H](C(C31)[C@]5([C@H]([C@@H]([C@@]6(C[C@@H]4C5[C@@H]6O)O)OC)O)O)OC)OC)COC,2.55
531,532,biotree,155.4,CC1C(=O)OC2CC[N+]3(C2C(=CC3)COC(=O)C(C1(C)O)(C)O)[O-],2.5900000000000003
532,533,biotree,300.0,C(CC(C(=O)O)N)C(CN)O,5.0
533,534,biotree,275.4,CC1=C(SC=[N+]1CC2=CN=C(N=C2N)C)CCOP(=O)(O)O,4.59
534,535,biotree,297.0,C1=NC2=C(N1[C@H]3[C@@H]([C@@H]([C@H](O3)COP(=O)(O)OP(=O)(O)OP(=O)(O)O)O)O)NC(=NC2=O)N,4.95
535,536,biotree,286.8,C[S+](C)CCC(C(=O)O)N,4.78
541,542,biotree,211.8,CC(C)C[C@@H](C(=O)N[C@@H](CC(C)C)C(=O)N[C@@H](CO)C(=O)N[C@@H](CC1=CN=CN1)C(=O)O)NC(=O)[C@H](CCCCN)NC(=O)[C@H](CC2=CC=CC=C2)NC(=O)[C@H](CC(=O)N)NC(=O)[C@H](C(C)C)NC(=O)[C@@H]3CCCN3,3.5300000000000002
542,543,biotree,154.8,C/C(=C\CO[C@H]1[C@@H]([C@H]([C@@H]([C@H](O1)CO)O)O)O)/CC[C@@H]2C(=C)CC[C@H]3[C@]2(CC[C@H]([C@]3(C)CO[C@H]4[C@@H]([C@H]([C@@H]([C@H](O4)CO)O)O)O)O)C,2.58
543,544,biotree,198.6,C[C@]12CCC[C@](C1[C@H]([C@H](C34C2CCC(C3)C(C4)(CO)O[C@H]5[C@@H]([C@H]([C@@H]([C@H](O5)CO)O)O)O)O)O)(C)C(=O)O,3.31
544,545,biotree,193.8,C[C@H](C1=CC2(C=C[C@H]3[C@@H]2[C@@H](OC=C3C(=O)O)O[C@H]4[C@@H]([C@H]([C@@H]([C@H](O4)CO[C@H]5[C@@H]([C@H]([C@@H]([C@H](O5)CO)O)O)O)O)O)O)OC1=O)OC(=O)/C=C/C6=CC=C(C=C6)O,3.23
545,546,biotree,194.4,CC(C(C(C)O)(C(=O)OCC1=C(C=CC(=C1)O)NC(=O)CCC(C(=O)O)N)O)O,3.24
546,547,biotree,152.4,CC12CCC(CC1=CCC3C2CCC\4(C3(CC/C4=C\5/CC(=O)OC5)O)C)OC6C(C(C(C(O6)CO)O)OC7C(C(C(C(O7)CO)O)O)O)O,2.54
547,548,biotree,141.6,C/C(=C/COC(=O)CC(=O)O)/CCC1C(=C)C(CC2C1(CCC(C2(C)C)O)C)OC3C(C(C(C(O3)CO)O)O)O,2.36
548,549,biotree,129.0,C[C@H]1[C@@H]([C@H]([C@H]([C@@H](O1)O[C@@H]2[C@H]([C@@H]([C@H](O[C@H]2OC3=CC(=C4C(=C3)OC(=CC4=O)C5=CC(=C(C=C5)O)OC)O)CO)O)O)O)O)O,2.15
549,550,biotree,143.4,C[C@H]1[C@@H]([C@H]([C@H]([C@@H](O1)OCC2C(C(C(C(O2)OC3=C(OC4=CC(=CC(=C4C3=O)O)O)C5=CC(=C(C=C5)O)OC)O)O)O)O)O)O,2.39
550,551,biotree,166.8,C1=CC(=CC=C1C2=C(C(=O)C3=C(C=C(C=C3O2)O)O)OC4C(C(C(C(O4)CO)O)O)OC5C(C(C(C(O5)CO)O)O)O)O,2.7800000000000002
551,552,biotree,148.2,CC(CCCCC(C(CO)C(=O)O)O)C/C(=C/C(=C/C(=O)O)/C)/C,2.4699999999999998
552,553,biotree,183.6,C[C@H]1[C@@H]([C@H]([C@H]([C@@H](O1)O[C@H]2[C@@H]([C@H](O[C@H]([C@@H]2O[C@H]3[C@@H]([C@H]([C@@H](CO3)O)O)O)O[C@H]4CC[C@]5(C(C4(C)C)CC[C@@]6(C5CC=C7[C@]6(CC[C@@]8(C7CC(CC8)(C)C)C(=O)O)C)C)C)C(=O)O)O)O)O)O,3.06
553,554,biotree,198.6,C[C@H]1[C@@H]([C@H]([C@H]([C@@H](O1)O[C@@H]2[C@H]([C@H]([C@H](O[C@H]2O[C@@H]3[C@H]([C@@H]([C@H](O[C@H]3O[C@H]4CC[C@]5(C([C@@]4(C)CO)CC[C@@]6(C5CC=C7[C@]6(CC[C@@]8([C@H]7CC(C[C@H]8O)(C)C)C)C)C)C)C(=O)O)O)O)C(=O)O)O)O)O)O)O,3.31
554,555,biotree,183.6,CC1C(C(C(C(O1)OC2C(C(C(OC2OC3C(C(OC(C3OC4C(C(C(C(O4)CO)O)O)O)OC5CCC6(C(C5(C)C)CCC7(C6CCC89C7(CC(C1(C8CC(CC1)(C)C(=O)O)CO9)O)C)C)C)C(=O)O)O)CO)O)O)O)O)O,3.06
555,556,biotree,147.6,C[C@]12CC[C@@H](C(C1CC[C@@]3(C2CC=C4[C@]3(CC[C@@]5(C4CC(CC5)(C)C)C(=O)O)C)C)(C)CO)O[C@H]6[C@@H]([C@H]([C@@H]([C@H](O6)C(=O)O)O)O)O,2.46
556,557,biotree,186.6,C/C=C(\C)/CC(/C=C(\C)/C(C(C)/C=C(\C)/C(C(C)/C=C/C(C/C=C/C(C(C(=O)O)O)O)O)O)O)C(=O)O,3.11
557,558,biotree,168.6,CC1C(C(C(C(O1)OC2C(C(OC(C2OC3C(C(C(CO3)O)O)O)OC4CCC5(C(C4(C)C)CCC6(C5C=CC7=C8CC(CC(C8(CCC76C)C)O)(C)C)C)C)C(=O)O)O)O)O)O,2.81
558,559,biotree,151.8,C[C@]12CC[C@@H](CC1=CC[C@@H]3[C@@H]2CC[C@]4([C@@]3(CC[C@@H]4C5=CC(=O)OC5)O)C)O[C@H]6[C@@H]([C@H]([C@@H]([C@H](O6)CO)O)O)O[C@H]7[C@@H]([C@H]([C@@H]([C@H](O7)CO)O)O)O,2.5300000000000002
559,560,biotree,139.8,CC(CCC/C=C/C1CC(CC1C(/C=C/C(=O)O)O)O)O,2.33
560,561,biotree,177.0,COC1=C(C=CC(=C1)C[C@@H]2CO[C@H]([C@@H]2CO)C3=CC(=C(C=C3)O[C@H]4[C@@H]([C@H]([C@@H]([C@H](O4)CO)O)O)O)OC)O[C@H]5[C@@H]([C@H]([C@@H]([C@H](O5)CO)O)O)O,2.95
561,562,biotree,154.8,CC1C(C(C(C(O1)OC2CCC3(C(C2)CCC45C3CCC6(C4(OC7(C6CC5)CC(=O)OC7)O)C)C)O)OC)OC8C(C(C(C(O8)CO)OC9C(C(C(C(O9)CO)O)O)O)O)O,2.58
562,563,biotree,136.2,CCC(CCO[C@H]1[C@@H]([C@H]([C@@H]([C@H](O1)CO[C@@H]2[C@@H]([C@](CO2)(CO)O)O)O)O)O)C(C)(C)O,2.27
563,564,biotree,172.2,C[C@H]1[C@@H]([C@H]([C@H]([C@@H](O1)O[C@@H]2[C@H]([C@@H]([C@H](O[C@H]2O[C@H]3CO[C@H]([C@@H]([C@H]3O)O[C@H]4[C@@H]([C@H]([C@@H]([C@H](O4)CO)O)O)O)OC5CC[C@@]6(C7CC[C@@]89C1C[C@@](CC[C@]1(CO8)[C@@H](C[C@]9([C@@]7(CCC6C5(C)C)C)C)O)(C)C=O)C)CO)O)O)O)O)O,2.8699999999999997
564,565,biotree,193.8,C[C@H]1[C@@H]([C@H]([C@H]([C@@H](O1)O[C@@H]2[C@H](O[C@H]([C@@H]([C@H]2O)O)O[C@@H]3[C@H]([C@@H]([C@H](O[C@H]3O[C@H]4CC[C@@]5(C6CC[C@]7([C@H]([C@@H]6CC=C5C4)C[C@H]8[C@@H]7C([C@]9(O8)CC[C@@](O9)(C)CO[C@H]1[C@@H]([C@H]([C@@H]([C@H](O1)CO)O)O)O)C)C)C)CO)O)O)CO)O)O)O,3.23
565,566,biotree,128.4,C1CC(C(C(C1O)O)(C(=O)OCC2=C(C=CC(=C2)O)OC3C(C(C(C(O3)COC(=O)C4=CC=CC=C4)O)O)O)O)O,2.14
566,567,biotree,145.2,CC(=CCC/C(=C/CC/C(=C/CC1=C(C=C2C(=C1O)CN(C2=O)C(CCC(=O)O)C(=O)O)O)/C)/C)C,2.42
567,568,biotree,162.0,COC1=CC(=CC(=C1O[C@H]2[C@@H]([C@H]([C@@H]([C@H](O2)CO)O)O)O)OC)[C@@H]3[C@H]4CO[C@@H]([C@H]4CO3)C5=CC(=C(C(=C5)OC)O[C@H]6[C@@H]([C@H]([C@@H]([C@H](O6)CO)O)O)O)OC,2.7
568,569,biotree,144.6,C[C@H]1[C@@H]([C@H]([C@H]([C@@H](O1)O[C@@H]2[C@H]([C@@H]([C@H](O[C@H]2OC3=CC(=C4C(=O)CC(OC4=C3)C5=CC=C(C=C5)O)O)COC(=O)CC(C)(CC(=O)O)O)O)O)O)O)O,2.4099999999999997
569,570,biotree,166.8,CC1(CCC23C4(CCCC(C4CC(C2(C1)O3)O)(C)C(=O)O)C)CCOC5C(C(C(C(O5)CO)O)O)O,2.7800000000000002
570,571,biotree,200.4,CC1C(C(C(C(O1)OC2C(C(C(OC2C3=C4C(=C(C=C3O)OC5C(C(C(C(O5)CO)O)O)O)C(=O)C=C(O4)C6=CC=C(C=C6)O)CO)O)O)O)O)O,3.3400000000000003
571,572,biotree,193.2,C[C@H]1[C@@H]([C@H]([C@H]([C@@H](O1)OC[C@@H]2[C@H]([C@@H]([C@H]([C@@H](O2)OC3=C(OC4=CC(=C(C(=C4C3=O)O)OC)O[C@H]5[C@@H]([C@@H]([C@H]([C@@H](O5)C)O)O)O)C6=CC=C(C=C6)O)O[C@H]7[C@@H]([C@@H]([C@H]([C@@H](O7)C)O)O)O)O)O)O)O)O,3.2199999999999998
572,573,biotree,166.8,C[C@H]1[C@@H]([C@H]([C@H]([C@@H](O1)OC[C@@H]2[C@H]([C@@H]([C@H]([C@@H](O2)OC3=C(C=C4C=CC(=O)OC4=C3)OC)O[C@H]5[C@@H]([C@@H]([C@H]([C@@H](O5)C)O)O)O)O)O)O)O)O,2.7800000000000002
573,574,biotree,141.0,C[C@@]12CCC3[C@@](C1CC=C4[C@]2(CC[C@@]5(C4CC(CC5)(C)C)C(=O)O[C@H]6[C@@H]([C@H]([C@@H]([C@H](O6)CO)O)O)O)C)(C[C@@H]([C@@H]([C@@]3(C)CO)O[C@H]7[C@@H]([C@H]([C@@H](CO7)O)O)O)O)C,2.35
574,575,biotree,148.8,C/C=C\1/C[N+]2(C3CC1C(C2CC4=C3NC5=C4C=C(C=C5)O)CO)C,2.48
575,576,biotree,147.6,CC1=C(C(=O)OC(C1)C(C)C2CCC3C2(CCC4C3CC=C5C4(C(CC(C5)OC6C(C(C(C(O6)COC7C(C(C(C(O7)CO)O)O)O)O)O)O)O)C)C)C,2.46
576,577,biotree,128.4,CC(=CCCC(C)(CCCC(C)(CCCC(C)(CCCC(C)(CCCC(C)(CCCC(C)(C(CC/C(=C/CC/C(=C/CO[C@H]1[C@@H]([C@H]([C@@H]([C@H](O1)CO)O)O)O)/C)/C)O)O)O)O)O)O)O)C,2.14
577,578,biotree,152.4,CC12CCC(CC1CCC3C2CCC\4(C3(CC/C4=C\5/CC(=O)OC5)O)C)OC6C(C(C(C(O6)CO)O)O)OC7C(C(C(C(O7)CO)O)O)O,2.54
578,579,biotree,162.0,C[C@H]1[C@@H]([C@H]([C@H]([C@@H](O1)OC[C@@H]2[C@H]([C@@H]([C@H]([C@@H](O2)OC3=CC(=CC4=C3C(=O)C(O4)(CC5=CC=C(C=C5)O)O)O)O)O)O)O)O)O,2.7
579,580,biotree,207.6,CCCCC(C)C(C(CC(C)CCCCCCC(CC(C(C)NC(=O)C)O)O)OC(=O)CC(CC(=O)O)C(=O)O)OC(=O)CC(CC(=O)O)C(=O)O,3.46
580,581,biotree,191.4,CC1(C(C(OC1=O)C2=C(C=C(C(=C2)CCC(=O)O)O[C@H]3[C@@H]([C@H]([C@@H]([C@H](O3)COC(=O)CCC4=CC(=C(C=C4O[C@H]5[C@@H]([C@H]([C@@H]([C@H](O5)CO)O)O)O)OC)C6C(C(C(=O)O6)(C)O)O)O)O)O)OC)O)O,3.19
581,582,biotree,156.6,CC(C(CCCCCCCCCCCCCCCCC(C(C)O)OC1C(C(C(C(O1)CO)O)O)O)O)N,2.61
582,583,biotree,174.0,C/C(=C\CCC(C)(C=C)O[C@H]1[C@@H]([C@H]([C@@H]([C@H](O1)CO)O)O)O[C@H]2[C@@H]([C@H]([C@@H]([C@H](O2)CO)O)O)O)/CC/C=C(\C)/CC(/C=C(\C)/C(=O)O)O,2.9
583,584,biotree,161.4,C[C@H]1CC[C@H]2[C@@]([C@@H]3[C@@H](CN2C1)[C@@H]4C[C@@]56[C@H]([C@@]4([C@H]([C@@H]3O)O)O)[C@@H](C[C@H]7[C@@]5(CC[C@@H]([C@@]7(O6)O)O)C)O)(C)O,2.69
584,585,biotree,153.0,COC1=C(C=CC(=C1C(=O)OCC2=CC=CC=C2O[C@H]3[C@@H]([C@H]([C@@H]([C@H](O3)CO)O)O)O)O)OC4C(C(C(C(O4)CO)O)O)O,2.55
585,586,biotree,166.8,CC(C)CCC(CCO[C@H]1[C@@H]([C@H]([C@@H]([C@H](O1)CO)O)O)O[C@H]2[C@@H]([C@H]([C@@H]([C@H](O2)CO)O)O)O)O,2.7800000000000002
586,587,biotree,127.2,C1=CC(=C(C(=C1)O)O[C@H]2[C@@H]([C@H]([C@@H]([C@H](O2)CO)O)O)O)COC(=O)C3(C4C=CC(C3=O)C5C4C=CC(=O)C5(C(=O)OCC6=C(C(=CC=C6)O)O[C@H]7[C@@H]([C@H]([C@@H]([C@H](O7)CO)O)O)O)O)O,2.12
587,588,biotree,192.6,CC(=O)N(CCCCCNC(=O)CC(CC(=O)NCCCCCN(C(=O)C)O)(C(=O)O)O)O,3.21
588,589,biotree,139.2,CCCCCCCCCCC(C(CC(=O)O)O)C(=O)O,2.32
589,590,biotree,184.8,C[C@@H]1C[C@@H]([C@@]2([C@@H]([C@@]1(C)CC[C@@](C)(C=C)O[C@H]3[C@@H]([C@H]([C@H]([C@H](O3)C)O)O)O[C@H]4[C@@H]([C@@H]([C@H]([C@@H](O4)C)O)O)O)CCC=C2C)C)O[C@H]5[C@@H]([C@@H]([C@H]([C@@H](O5)C)O)O[C@H]6[C@@H]([C@H]([C@@H]([C@H](O6)CO[C@H]7[C@@H]([C@@H]([C@H]([C@@H](O7)C)O)O)O)O)O)O)O,3.08
590,591,biotree,153.0,COC1=C(C(=C2C(=C1)OC=C(C2=O)C3=CC(=C(C=C3)OC4C(C(C(C(O4)COC5C(C(C(C(O5)CO)O)O)O)O)O)O)O)OC)O,2.55
591,592,biotree,180.6,CC1=CC2=CC3=C(C(CC(C(=O)O3)OC)OC(C(C(C(C(CO)O)O)O)O)O)C(=C2C(=O)O1)O,3.01
592,593,biotree,146.4,CC(=O)OC(C)(C)/C=C/C(=O)C(C)(C1C(CC2(C1(CC(=O)C3(C2CC=C(C3CC(=O)O)C(C)(C)C(=O)O)C)C)C)O)O,2.44
593,594,biotree,213.6,CC1(CC2(C(=CC3=C(C2(C(=O)C1O)O)C(=O)C4=C(C3=O)C(=CC=C4)O)O[C@@H]5[C@@H]([C@H]([C@@H]([C@H](O5)CO)O)O)S)O[C@@H]6[C@@H]([C@H]([C@@H]([C@H](O6)CO)O)O)O)O,3.56
594,595,biotree,168.6,C(CCC/C=C\C/C=C\CC(=O)NC(CO)C(=O)O)CCCC(=O)O,2.81
595,596,biotree,148.2,CC1=CC(=O)CC(C1(/C=C/C(C)OC2C(C(C(C(O2)COC3C(C(C(CO3)O)O)O)O)O)O)O)(C)C,2.4699999999999998
596,597,biotree,157.8,CC1=CC(=O)CC(C1(/C=C/C(C)OC2C(C(C(C(O2)CO)O)O)OC3C(C(C(C(O3)CO)O)O)O)O)(C)C,2.6300000000000003
597,598,biotree,196.8,C/C(=C\C(=O)NCCCC1C(=O)NC(C(=O)N1)CCCNC(=O)/C=C(\C)/CCOC2C(C(C(C(O2)CO)O)O)O)/CCO,3.2800000000000002
598,599,biotree,159.0,CC1=C(C(C[C@@H](C1)O[C@H]2[C@@H]([C@H]([C@@H]([C@H](O2)CO[C@H]3[C@@H]([C@H]([C@@H]([C@H](O3)CO)O)O)O)O)O)O)(C)C)CCC(C)O,2.65
599,600,biotree,145.2,C[C@]1(CCC2[C@@]([C@@H](CC(=O)[C@]2([C@@]13[C@@H](O3)C(=O)O)C)C(C)(C)O)(C)[C@H](CC(=O)OC)O)[C@H](C4=COC=C4)O[C@H]5[C@@H]([C@H]([C@@H]([C@H](O5)CO)O)O)O,2.42
600,601,biotree,149.4,CCC(C)/C=C/C=C/CC(C)CC(C)/C=C/C=C/C(C(CO)C(=O)NC(CCCCN=C(N)N)C(=O)O)O,2.49
601,602,biotree,174.0,CC(C)CC(=O)O[C@H]1[C@H]2[C@H](C[C@@H]([C@H]2CO)O)C(=CO1)CO[C@H]3[C@@H]([C@H]([C@@H]([C@H](O3)CO[C@H]4[C@@H]([C@H]([C@@H]([C@H](O4)CO)O)O)O)O)O)O,2.9
602,603,biotree,178.2,C[C@H]1[C@@H]([C@H]([C@H]([C@@H](O1)OC[C@@H]2[C@H]([C@@H]([C@H]([C@@H](O2)OC/C=C(\C)/C=C/C3=C(CC(CC3(C)C)O[C@H]4[C@@H]([C@H]([C@@H]([C@H](O4)CO)O)O)O)C)O)O)O)O)O)O,2.9699999999999998
603,604,biotree,225.6,CC(=O)N1CCCC1C(=O)O,3.76
604,605,biotree,140.4,CC(=O)CCCCCC(CCCCCC(=O)O)OC1C(C(C(C(O1)COC)O)O)O,2.3400000000000003
605,606,biotree,144.0,CC(C(=O)CCC(=O)O)NC(=O)C,2.4
606,607,biotree,165.6,C[C@]12CC[C@H](C(C1CC[C@@]3(C2CC=C4[C@]3(C[C@H]([C@@]5(C4CC(CC5)(C)C)C(=O)O[C@H]6[C@@H]([C@H]([C@@H]([C@H](O6)CO)O)O)O)O)C)C)(C)C)O[C@H]7[C@@H]([C@H]([C@@H]([C@H](O7)CO)O)O)O[C@H]8[C@@H]([C@H]([C@@H]([C@H](O8)CO)O)O)O,2.76
607,608,biotree,165.6,CC1C(C(C(C(O1)OC2C(C(COC2OC3C(C(C(OC3O[C@H]4CC[C@]5(C(C4(C)C)CC[C@@]6(C5CC=C7[C@]6(CC[C@@]8(C7CC(CC8O)(C)C)C)C)C)C)C(=O)O)O)O)O)O)O)O)O,2.76
608,609,biotree,198.0,CC1(C2CCC3(C(C2(CCC1OC4C(C(C(C(O4)C(=O)O)O)O)OC5C(C(C(C(O5)C(=O)O)O)O)O)C=O)CC=C6C3(CCC7(C6CC(CC7O)(C)CO)C)C)C)C,3.3
609,610,biotree,142.2,CC(CC(=O)O)(CC(=O)OC[C@@H]1[C@H]([C@@H]([C@H]([C@@H](O1)OC2=C(C=C(C=C2)/C=C/CO)OC)O)O)O)O,2.3699999999999997
610,611,biotree,145.2,CC(=CCCC1(C(C2=COC3=C4CN(C(=O)C4=CC(=C23)O1)C(CCC(=O)O)C(=O)O)CCC(=O)C)C)C,2.42
611,612,biotree,184.2,C[C@H]1[C@@H]([C@H]([C@H]([C@@H](O1)OC[C@@H]2[C@H]([C@@H]([C@H]([C@@H](O2)OC/C(=C\CC/C(=C/CC/C(=C/CC[C@@](C)(C=C)O[C@H]3[C@@H]([C@H]([C@@H]([C@H](O3)CO)O)O)O)/CO)/C)/C)O)O)O[C@H]4[C@@H]([C@@H]([C@H]([C@@H](O4)C)O)O)O)O)O)O,3.07
612,613,biotree,143.4,CC1C2C(CC(=C)C(C2(CC(=O)O)C(=O)OC)CC/C(=C/C(=O)O)/C)OC1=O,2.39
613,614,biotree,161.4,C[C@H]1[C@@H]([C@H]([C@H]([C@@H](O1)O[C@@H]2[C@H]([C@@H]([C@H](O[C@H]2O[C@@]34CC[C@H]5[C@@]6(CCC[C@@]([C@H]6CC[C@]5(C3)CC4=C)(C)C(=O)O[C@H]7[C@@H]([C@H]([C@@H]([C@H](O7)CO)O)O)O)C)CO)O)O)O)O)O,2.69
614,615,biotree,141.6,CC1=CC(=O)OC2=C1C=CC(=C2)OC(=O)C,2.36
615,616,biotree,147.0,CC(=O)NC(CSC1=CC2=C(C(=O)C3=C(C2=O)C(=CC=C3)O)C4(C1(CC(C(C4=O)O)(C)O)O)O)C(=O)O,2.45
616,617,biotree,172.8,CC(C1CCC2(C1(CCC34C2CCC5C3(C4)CCC(C5(C)C(=O)O)OC6C(C(C(C(O6)CO)O)O)OC7C(C(C(C(O7)CO)O)O)O)C)C)C(C/C=C(\C)/CO)O,2.8800000000000003
617,618,biotree,147.0,CCO[C@H]1[C@@H]([C@H]([C@@H]([C@H](O1)COC(=O)CC(C)(CC(=O)O)O)O)O)O,2.45
618,619,biotree,144.6,CC(C)O[C@H]1[C@@H]([C@H]([C@@H]([C@H](O1)COC(=O)CC(C)(CC(=O)O)O)O)O)O,2.4099999999999997
619,620,biotree,147.6,C(/C=C/CO)C(CO)/C=C/C=C/CO,2.46
620,621,biotree,186.6,C(CCCCCCC(C(=O)O)O)CCCCCC(CO[C@H]1[C@@H]([C@H]([C@@H]([C@H](O1)CO)O[C@H]2[C@@H]([C@H]([C@@H]([C@H](O2)CO)O)O)O)O)O)O,3.11
621,622,biotree,235.2,C/C=C(\C)/C(=O)OC[C@@H]1[C@H]([C@@H]([C@H]([C@H](O1)O[C@@H]2[C@@H]([C@H]([C@@H]([C@H](O2)CO)O)O)O[C@H]3[C@@H]([C@H]([C@@H]([C@H](O3)CO)O)O)O)O[C@H]4[C@@H]([C@H]([C@@H]([C@H](O4)CO)O)O)O)O)O,3.92
622,623,biotree,167.4,CC(C1CCC2(C1(CCC34C2CCC5C3(C4)CCC(C5(C)C)OC6C(C(C(C(O6)CO)O)OC7C(C(C(C(O7)CO)O)O)O)OC8C(C(C(C(O8)CO)O)O)O)C)C)C(C(C=C(C)C)O)O,2.79
623,624,biotree,198.6,C(CCCC(/C=C/C(=O)O)O)CCCC(=O)O,3.31
624,625,biotree,140.4,CC1CCC2C(C(CCC2(C13CC4=C(C=C5CN=C(C5=C4O3)N)O)C)O)(C)C,2.3400000000000003
625,626,biotree,136.2,C/C(=C\CO)/CCC1C2(CC(CC(C2C(CC1(C)O)O[C@H]3[C@@H]([C@H]([C@H](CO3)O)O)O)(C)CO)O)C,2.27
626,627,biotree,174.0,CC(=O)OC[C@@H]1[C@H]([C@@H]([C@H]([C@@H](O1)OCC(CCCCCCCCCCCC(CC(=O)O)O)O)O)O)O[C@H]2[C@@H]([C@H]([C@@H]([C@H](O2)CO)O)O)O,2.9
627,628,biotree,186.0,CC(C/C(=C/C(=C/C(=O)O)/C)/C)C(=O)O,3.1
628,629,biotree,142.8,C[C@]1(CCC2[C@]3(C=CC(=O)OC(C3CC(=O)[C@]2([C@@]14[C@@H](O4)C(=O)O)C)(C)C)C)[C@H](C5=COC=C5)O[C@H]6[C@@H]([C@H]([C@@H]([C@H](O6)CO)O)O)O,2.3800000000000003
629,630,biotree,145.2,CCCCC/C=C\CCCCCCCCCCC(=O)OC[C@@H](COP(=O)(O)OC1[C@@H]([C@H](C([C@H]([C@H]1O)O)O)O)O)O,2.42
630,631,biotree,145.2,C[C@]1(CCC2[C@]([C@@]13[C@H](O3)C(=O)O)(C(=O)CC4[C@@]25COC(=O)C[C@@H]5OC4(C)C)C)[C@H](C6=COC=C6)OC7C(C(C(C(O7)CO)O)O)O,2.42
631,632,biotree,171.6,C(CCCCCCC(=O)O)CCCCCC(=O)NC(CO)C(=O)O,2.86
632,633,biotree,223.2,CC(C/C=C/CC(C)C(CC(=O)O)OC(=O)CC(=O)O)C(CC(=O)O)O,3.7199999999999998
633,634,biotree,198.6,C[C@H]1[C@@H]([C@H]([C@H]([C@@H](O1)OC[C@@H]2[C@H]([C@@H]([C@H]([C@@H](O2)OC/C(=C/CC/C(=C/CC/C(=C/CCC(C)(C=C)O[C@H]3[C@@H]([C@H]([C@@H]([C@H](O3)CO)O)O)O[C@H]4[C@@H]([C@H]([C@@H]([C@H](O4)CO)O)O)O)/C)/C)/C)O)O)O[C@H]5[C@@H]([C@@H]([C@H]([C@@H](O5)C)O)O)O)O)O)O,3.31
634,635,biotree,183.6,C[C@H]1[C@@H]([C@H]([C@H]([C@@H](O1)O[C@@H]2[C@H]([C@H](CO[C@H]2O[C@H]3CC[C@]4(C([C@]3(C)CO)CC[C@@]5(C4CC=C6[C@]5(CC[C@@]7([C@H]6CC(CC7)(C)C)C(=O)O[C@H]8[C@@H]([C@H]([C@@H]([C@H](O8)CO[C@H]9[C@@H]([C@H]([C@@H]([C@H](O9)CO)O)O)O)O)O)O)C)C)C)O)O)O)O)O,3.06
635,636,biotree,126.6,CC(=O)N[C@@H]1[C@H]([C@@H]([C@H](O[C@H]1O[C@H]2CC[C@]3(C(C2(C)C)CC[C@@]4(C3CC=C5[C@]4(CC[C@@]6([C@H]5CC(CC6)(C)C)C(=O)O)C)C)C)CO)O[C@H]7[C@@H]([C@H]([C@H]([C@H](O7)CO)O)O)O)O,2.11
636,637,biotree,127.8,C[C@]1(CC[C@@]2(CC[C@@]3(C(=CCC4[C@]3(CCC5[C@@]4(C[C@H]([C@@H]([C@@]5(C)CO)O)O)C)C)[C@@H]2C1)C)C(=O)O[C@H]6[C@@H]([C@H]([C@@H]([C@H](O6)CO)O)O)O)CO,2.13
637,638,biotree,174.6,C=C(CCO)C(=O)OCC1C(C(C(CO1)OC(=O)C(=C)CCO[C@H]2[C@@H]([C@H]([C@@H]([C@H](O2)COC(=O)C(=C)CCO[C@H]3[C@@H]([C@H]([C@@H]([C@H](O3)CO)O)O)O)O)O)O)O)O,2.9099999999999997
638,639,biotree,213.6,CC1C(C(C(C(O1)OC2C(OC(C(C2O)O)OCC3C(C(C(C(O3)OC(=O)C45CCC(CC4C6=CCC7C8(CCC(C(C8CCC7(C6(CC5)C)C)(C)C)OC9C(C(C(C(O9)C(=O)O)O)OC1C(C(C(C(O1)CO)O)O)O)O)C)(C)C)O)O)O)CO)O)O)O,3.56
639,640,biotree,196.2,C[C@H]1[C@@H]([C@H]([C@H]([C@@H](O1)OC2C(C(COC2OC(=O)[C@@]34CC[C@@]5(C(=CCC6[C@]5(C[C@H](C7[C@@]6(C[C@@H]([C@@H]([C@@]7(C)CO)OC8C(C(C(C(O8)CO)O)O)O)O)C)O)C)C3CC(CC4)(C)C)C)O)O)O)O)OC9C(C(C(CO9)O)OC1C(C(C(C(O1)C)O)O)O)O,3.27
640,641,biotree,188.4,CC(C1CCC2(C1(CCC34C2CCC5C3(C4)CCC(C5(C)C(=O)O)OC6C(C(C(C(O6)C(=O)O)O)O)OC7C(C(C(C(O7)CO)O)O)O)C)C)C(C/C=C(\C)/CO)O,3.14
641,642,biotree,170.4,C[C@@]12CCC3[C@@](C1CC=C4[C@]2(CC[C@@]5(C4CC(CC5)(C)C)C(=O)O[C@H]6[C@@H]([C@H]([C@@H]([C@H](O6)CO)O)O)O)C)(C[C@@H]([C@@H]([C@@]3(C)CO)O[C@H]7[C@@H]([C@H]([C@@H]([C@H](O7)C(=O)O)O)O)O)O)C,2.8400000000000003
642,643,biotree,175.8,C[C@@H]1CC[C@@]2(CC[C@@]3(C(=CCC4[C@]3(CCC5[C@@]4(CC[C@@H]([C@]5(C)C(=O)O)O)C)C)[C@@H]2[C@]1(C)O)C)C(=O)O[C@H]6[C@@H]([C@H]([C@@H]([C@H](O6)CO[C@H]7[C@@H]([C@H]([C@@H]([C@H](O7)CO)O)O)O)O)O)O,2.93
643,644,biotree,168.6,C[C@H]1[C@@H]([C@H]([C@H]([C@@H](O1)OC2C(C(C(OC2O[C@@H]3[C@H]([C@@H]([C@H](O[C@H]3O[C@H]4CC[C@]5(C(C4(C)C)CC[C@@]6(C5CC=C7[C@]6(CC[C@@]8(C7CC(CC8O)(C)C)C)C)C)C)C(=O)O)O)O)CO)O)O)O)O)O,2.81
644,645,biotree,172.8,CC(C)(C1CC2=C(O1)C=CC(=C2O[C@H]3[C@@H]([C@H]([C@@H]([C@H](O3)CO)O)O)O)CCC(=O)O)O,2.8800000000000003
645,646,biotree,219.0,C[C@@]12CC[C@@]3(C(=CC(=O)C4[C@]3(CCC5[C@@]4(CC[C@@H](C5(C)C)O[C@H]6[C@@H]([C@H]([C@@H]([C@H](O6)C(=O)O)O)O)O[C@H]7[C@@H]([C@H]([C@@H]([C@H](O7)C(=O)O)O)O)O)C)C)[C@@H]1CC(CC2)(C)C(=O)O)C,3.65
646,647,biotree,195.6,C[C@H]1[C@H]2[C@H](CC3[C@@]2([C@@H](CC4C3CC=C5[C@@]4(CC[C@@H](C5)O[C@H]6[C@@H]([C@H]([C@@H]([C@H](O6)CO)O[C@H]7[C@@H]([C@@H]([C@H]([C@@H](O7)C)O)O)O)O)O[C@H]8[C@@H]([C@@H]([C@H]([C@@H](O8)C)O)O)O)C)O)C)O[C@]19CC[C@H](CN9)CO,3.26
647,648,biotree,201.0,CC1(CCC2(CCC3(C(=CCC4C3(CCC5C4(CCC(C5(C)C(=O)OC6C(C(C(C(O6)CO)O)O)O)O)C)C)C2C1)C)C(=O)OC7C(C(C(C(O7)COC8C(C(C(C(O8)CO)O)O)O)O)O)OC9C(C(C(C(O9)CO)O)O)O)C,3.35
648,649,biotree,180.6,C[C@H]1[C@@H]([C@H]([C@H]([C@@H](O1)OC[C@@H]2[C@H]([C@@H]([C@H]([C@@H](O2)OC3=C(C=C(C=C3)C4CC(=O)C5=C(C=C(C=C5O4)O[C@H]6[C@@H]([C@H]([C@@H]([C@H](O6)CO)O)O)O)O)OC)O)O)O)O)O)O,3.01
649,650,biotree,124.2,C[C@H]1[C@@H]([C@H]([C@H]([C@@H](O1)O[C@@H]2[C@H]([C@@H]([C@H](O[C@H]2OC3=CC=CC=C3C(=O)OC)CO)O)O)O)O)O,2.07
650,651,biotree,143.4,C[C@]12CC[C@@H](C(C1CC[C@@]3(C2CC=C4[C@]3(CC[C@@]5(C4CC(CC5)(C)C)C(=O)O[C@H]6[C@@H]([C@H]([C@@H]([C@H](O6)CO)O)O)O)C)C)(C)C)O[C@H]7[C@@H]([C@H]([C@@H]([C@H](O7)C(=O)O)O)O)O,2.39
651,652,biotree,219.0,C[C@@H]1[C@H]([C@@H]([C@@H]([C@H](O1)O[C@H]2[C@@H](CO[C@H]([C@@H]2O)O[C@H]3[C@@H](O[C@H]([C@@H]([C@@H]3O)O)O[C@@H]4[C@H]([C@H](CO[C@H]4OC(=O)[C@@]56CC[C@@]7(C(=CCC8[C@]7(C[C@H](C9[C@@]8(C[C@H]([C@H]([C@@]9(C)CO)O[C@H]1[C@@H]([C@H]([C@@H]([C@H](O1)CO)O)O)O)O)C)O)C)[C@@H]5CC(CC6)(C)C)C)O)O)C)O[C@H]1[C@@H]([C@H]([C@@H](CO1)O)O)O)O)O)O,3.65
652,653,biotree,147.6,C1=CC=C(C=C1)C(=O)OCC(CO[C@H]2[C@@H]([C@H]([C@@H]([C@H](O2)C(=O)O)O)O)O)O,2.46
653,654,biotree,159.0,C[C@H]1[C@@H]([C@H]([C@H]([C@@H](O1)O[C@@H]2[C@H](O[C@H]([C@@H]([C@H]2O)O)OC[C@@H]3[C@H]([C@@H]([C@H]([C@@H](O3)OC(=O)[C@@]45CC[C@@]6(C(=CCC7[C@]6(CCC8[C@@]7(CC[C@@H]([C@@]8(C)CO)O)C)C)[C@@H]4CC(CC5)(C)C)C)O)O)O)CO)O)O)O,2.65
654,655,biotree,150.0,CC(C(CCCCCCCCCCCCCCCCC(C(C)OC1C(C(C(C(O1)CO)O)O)O)O)OC2C(C(C(C(O2)CO)O)O)O)O,2.5
655,656,biotree,175.8,C[C@H](CC[C@H](C(C)(C)O)O[C@H]1[C@@H]([C@H]([C@@H]([C@H](O1)CO[C@H]2[C@@H]([C@H]([C@@H]([C@H](O2)CO)O)O)O)O)O)O)[C@H]3CC[C@@]4([C@@]3(C[C@H]([C@@]5([C@H]4CC=C6C5CC[C@@H](C6(C)C)O[C@H]7[C@@H]([C@H]([C@@H]([C@H](O7)CO)O)O)O)C)O)C)C,2.93
656,657,biotree,171.0,CC(=O)OC[C@@H]1[C@H]([C@@H]([C@H]([C@@H](O1)OCCC(CCCCCCCCCCCC(C(=O)O)O)O)O)O)O[C@H]2[C@@H]([C@H]([C@@H]([C@H](O2)CO)O)O)O,2.85
657,658,biotree,183.0,C[C@H]1[C@@H]([C@H]([C@H]([C@@H](O1)OC2=C(OC3=C(C2=O)C(=CC(=C3CC=C(C)C)O[C@H]4[C@@H]([C@H]([C@@H]([C@H](O4)CO)O)O)O)O)C5=CC=C(C=C5)OC)OC6C(CC(O6)C)(C(=O)O)OO)O)O,3.05
658,659,biotree,169.8,C[C@@H]1CC[C@@]2(CC[C@@]3(C(=CCC4[C@]3(CCC5[C@@]4(CC[C@@H](C5(C)C)O[C@H]6[C@@H]([C@H]([C@H](CO6)O)O[C@H]7[C@@H]([C@H]([C@@H]([C@H](O7)CO)O)O)O)O[C@H]8[C@@H]([C@@H]([C@H]([C@@H](O8)C)O)O)O)C)C)[C@@H]2[C@H]1C)C)C(=O)O[C@H]9[C@@H]([C@H]([C@@H]([C@H](O9)CO)O)O)O,2.83
659,660,biotree,175.8,C1=CC(=CC=C1/C=C/C(=O)OC[C@@H]2[C@H]([C@@H]([C@H]([C@@H](O2)OC(=O)C3=CC(=C(C(=C3)O)O)O)OC(=O)C4=CC(=C(C(=C4)O)O)O)O)O)O,2.93
660,661,biotree,153.0,C[C@@H]1CC[C@@]2(CC[C@@]3(C(=CCC4[C@]3(CCC5[C@@]4(CC[C@@H](C5(C)C)O[C@H]6[C@@H]([C@H]([C@H](CO6)O)O[C@H]7[C@@H]([C@H]([C@@H]([C@H](O7)CO)O)O)O)O)C)C)[C@@H]2[C@H]1C)C)C(=O)O[C@H]8[C@@H]([C@H]([C@@H]([C@H](O8)CO)O)O)O,2.55
661,662,biotree,168.6,C[C@]12CC[C@@H]([C@@](C1CC[C@@]3(C2CC=C4[C@]3(CC[C@@]5([C@H]4CC(CC5)(C)C)C(=O)O[C@H]6[C@@H]([C@H]([C@@H]([C@H](O6)CO[C@H]7[C@@H]([C@H]([C@@H]([C@H](O7)CO)O)O)O)O)O)O)C)C)(C)CO)O[C@H]8[C@@H]([C@H]([C@H](CO8)O)O)O,2.81
662,663,biotree,207.0,COC1=C(C=CC(=C1)/C=C/C(=O)OC2C(C(C(OC2C3=C(C4=C(C=C3O)OC(=CC4=O)C5=CC(=C(C=C5)O)OC)O)CO)O)OC6C(C(C(C(O6)CO)O)O)OC7C(C(C(C(O7)CO)O)O)O)O,3.45
663,664,biotree,198.0,C/C=C(\C)/C(=O)OC[C@@H]1[C@H]([C@@H]([C@H]([C@@H](O1)O[C@@H]2[C@H]([C@@H]([C@H](O[C@@H]2O[C@@H]3[C@@H]([C@H]([C@@H]([C@H](O3)CO)O)O)O[C@H]4[C@@H]([C@H]([C@@H]([C@H](O4)CO)O)O)O)COC(=O)/C(=C/C)/C)O)O)O)O)O,3.3
664,665,biotree,176.4,C1C(C(C(C(O1)C2=C(C(=C3C(=C2O)C(=O)C=C(O3)C4=CC=C(C=C4)O)C5C(C(C(CO5)O)O)O)O)O)O)O,2.94
665,666,biotree,159.0,C1=CC(=C(C(=C1)O)O[C@H]2[C@@H]([C@H]([C@@H]([C@H](O2)CO)O)O)O)CCC(=O)O,2.65
666,667,biotree,121.8,COC1=C(C=CC(=C1)O[C@H]2[C@@H]([C@H]([C@@H]([C@H](O2)CO)O)O)O)CC(CO)O,2.03
667,668,biotree,192.6,CC1C(C(C(C(O1)O[C@@H]2[C@H]([C@@H]([C@H](O[C@H]2OC(=O)[C@@]34CC[C@@]5(C(=CCC6[C@]5(CCC7[C@@]6(CC[C@@H](C7(C)C)O[C@H]8[C@@H]([C@H]([C@@H]([C@H](O8)CO[C@H]9[C@@H]([C@H]([C@H](CO9)O)O)O[C@H]1[C@@H]([C@H]([C@@H](CO1)O)O)O)O)O)O)C)C)C3CC(CC4)(C)C)C)CO)O)OC(=O)/C(=C/CCC(C)(C=C)O)/C)O)O)O[C@H]1[C@@H]([C@H]([C@@H](CO1)O)O[C@H]1[C@@H]([C@H]([C@@H](CO1)O)O)O)O,3.21
668,669,biotree,151.8,CCC(C)C(=O)O[C@@H]1[C@H]([C@@H]([C@H](O[C@@H]1O[C@@H]2[C@@H]([C@H]([C@@H]([C@H](O2)CO)O)O)O)CO)O)O,2.5300000000000002
669,670,biotree,193.8,C[C@H]1[C@@H]([C@H]([C@H]([C@@H](O1)OC2C(OC(C(C2O)O)OCC3C(C(C(C(O3)OC(=O)[C@@]45CC[C@@]6(C(=CCC7[C@]6(CCC8[C@@]7(CC[C@H]([C@]8(C)C(=O)O)O)C)C)C4CC(CC5)(C)C)C)O)O)O)CO)O)O)O,3.23
670,671,biotree,166.8,C[C@H]1[C@H]2[C@H](CC3[C@@]2(CCC4[C@H]3CC=C5[C@@]4(CC[C@@H](C5)O[C@H]6[C@@H]([C@H]([C@@H]([C@H](O6)CO)O[C@H]7[C@@H]([C@@H]([C@H]([C@@H](O7)C)O)O)O)O)O[C@H]8[C@@H]([C@H]([C@@H]([C@H](O8)CO)O)O)O)C)C)O[C@]19CC[C@@](O9)(C)CO,2.7800000000000002
671,672,biotree,126.0,C[C@H]1[C@@H]([C@H]([C@H]([C@@H](O1)OC[C@@H]2[C@H]([C@@H]([C@H]([C@@H](O2)OCC/C(=C/CCC(C)(C)O)/C)O)O)O)O)O)O,2.1
672,673,biotree,123.0,COC1=C(OC2=CC3=C(C(=C2C1=O)O)OCO3)C4=CC(=C(C=C4)O[C@H]5[C@@H]([C@H]([C@@H]([C@H](O5)C(=O)O)O)O)O)O,2.05
673,674,biotree,189.6,C/C=C(\C)/C(=O)OC[C@@H]1[C@H]([C@@H]([C@H]([C@H](O1)OC2[C@@H]([C@H]([C@@H]([C@H](O2)COC(=O)/C(=C/C)/C)O)O)O[C@H]3[C@@H]([C@H]([C@@H]([C@H](O3)CO)O)O)O)O[C@H]4[C@@H]([C@H]([C@@H]([C@H](O4)CO)O)O)O)O)O,3.1599999999999997
674,675,biotree,195.6,CC1C(C(C(C(O1)OC2C(C(OC(C2O)OC3CCC4(C(C3(C)C)CCC5(C4CC=C6C5(CCC7(C6CC(CC7)(C)C)C(=O)OC8C(C(C(C(O8)CO)O)O)O)C)C)C)C(=O)O)O)OC9C(C(C(C(O9)CO)O)O)O)O)O,3.26
675,676,biotree,129.6,CC(=C)C1CCC(=CC1)C(=O)O[C@H]2[C@@H]([C@H]([C@@H]([C@H](O2)CO)O)O)O,2.1599999999999997
676,677,biotree,164.4,COC1=CC(=C(C=C1)O[C@H]2[C@@H]([C@H]([C@@H]([C@H](O2)CO)O)O)O)CC(=O)O,2.74
677,678,biotree,148.8,C/C=C\1/C(C(=COC1O[C@H]2[C@@H]([C@H]([C@@H]([C@H](O2)CO)O)O)O)C(=O)OC)CC(=O)OC[C@@H]3[C@@H]([C@H](C[C@H]3C(CO)CO)OC(=O)CC\4C(=COC(/C4=C\C)O[C@H]5[C@@H]([C@H]([C@@H]([C@H](O5)CO)O)O)O)C(=O)OC)C,2.48
678,679,biotree,174.0,C1=CC(=C(C=C1O[C@H]2[C@@H]([C@H]([C@@H]([C@H](O2)CO)O)O)O)O)/C=C\C3=CC(=CC(=C3)O[C@H]4[C@@H]([C@H]([C@@H]([C@H](O4)CO)O)O)O)O,2.9
679,680,biotree,186.6,COC(=O)C(CC(=O)O)(C(C(=O)O)OC(=O)/C=C/C1=CC=C(C=C1)O)O,3.11
680,681,biotree,149.4,CC1C(C(C(C(O1)OC2C(OC(CC2OC)OC3CCC4(C5CCC6(C(CCC6(C5CC=C4C3)O)C(C)OC7C(C(C(C(O7)COC8C(C(C(C(O8)CO)O)O)O)O)O)O)C)C)C)O)OC)O,2.49
681,682,biotree,191.4,C[C@H]1[C@@H]([C@H]([C@H]([C@@H](O1)O[C@H]2[C@@H]([C@H]([C@@H](O[C@@H]2C(=O)O)O[C@H]3CC[C@]4(C(C3(C)C)CC[C@@]5(C4CC=C6[C@]5(CC[C@@]7([C@H]6CC(CC7)(C)C)C(=O)O[C@H]8[C@@H]([C@H]([C@@H]([C@H](O8)CO)O)O)O)C)C)C)O[C@H]9[C@@H]([C@H]([C@H]([C@H](O9)CO)O)O)O)O)O)O)O,3.19
682,683,biotree,129.6,CC1C(C(C(C(O1)OC2CCC3(C(C2(C)C)CCC4(C3CC=C5C4(CCC6(C5CC(CC6)(C)C)C(=O)OC7C(C(C(C(O7)CO)O)O)O)C(=O)O)C)C)O)O)O,2.1599999999999997
683,684,biotree,180.6,C1=C[C@@]([C@@H]2[C@H]1C(=CO[C@H]2O[C@H]3[C@@H]([C@H]([C@@H]([C@H](O3)CO)O)O)O)C(=O)O)(COC(=O)/C=C/C4=CC=C(C=C4)O)O,3.01
684,685,biotree,139.8,C[C@H]1[C@@H]([C@H]([C@H]([C@@H](O1)O[C@@H]2[C@H]([C@@H]([C@H](O[C@H]2OC3=CC(=C4C(=C3)OC(=C(C4=O)O)C5=CC=C(C=C5)O)O)CO)O)O)O)O)O,2.33
685,686,biotree,217.8,C1[C@H]([C@@H]([C@H]([C@@H](O1)O[C@@H]2[C@H]([C@@H]([C@H](O[C@H]2O[C@H]3[C@@H]([C@H](O[C@H]([C@@H]3O)OC4=C(OC5=CC(=CC(=C5C4=O)O)O)C6=CC(=C(C=C6)O)O)CO)O)CO)O)O)O)O)O,3.6300000000000003
686,687,biotree,154.2,C[C@H]1[C@@H]([C@H]([C@@H]([C@@H](O1)O[C@H]2CC[C@]3([C@@H](C2)CCC4C3CC[C@]5([C@@]4(CC[C@H]5C6=CC(=O)OC6)O)C)C)O)OC)O[C@H]7[C@@H]([C@H]([C@@H]([C@H](O7)CO[C@H]8[C@@H]([C@H]([C@@H]([C@H](O8)CO)O)O)O)O)O)O,2.57
687,688,biotree,179.4,CC1CCC2(C(C3(C(O2)CC4C3(C(CC5C4CC=C6C5(CCC(C6)OC7C(C(C(C(O7)CO)OC8C(C(C(C(O8)C)O)O)OC9C(C(C(C(O9)CO)O)O)O)OC2C(C(C(C(O2)C)O)O)O)O)C)O)C)O)C)OC1,2.99
688,689,biotree,169.8,CC12CCC(C1CCC3C2(CCC4C3(CCC(C4(C)CO)O[C@H]5[C@@H]([C@H]([C@@H]([C@H](O5)CO[C@H]6[C@@H]([C@H]([C@@H]([C@H](O6)CO)O)O)O)O)O)O)C)C)C(C)(CCC(C(C)(C)O)O)O,2.83
689,690,biotree,123.0,COC1=CC=C(C=C1)C2=CC(=O)C3=C(O2)C(=C(C=C3O)OC)O[C@H]4[C@@H]([C@H]([C@@H]([C@H](O4)CO)O)O)O[C@H]5[C@@H]([C@H]([C@@H]([C@H](O5)CO)O)O)O,2.05
690,691,biotree,150.0,COC(=O)C[C@H]([C@@H]1[C@H](OC(=O)C2=CC(=C(C(=C12)O)O)O)C(=O)OC)C(=O)O,2.5
691,692,biotree,198.6,CC1C(CC2C1C(OC=C2C(=O)O)O[C@H]3[C@@H]([C@H]([C@@H]([C@H](O3)CO)O)O)O)OC(=O)CC4C(C(OC=C4C(=O)OC)O[C@H]5[C@@H]([C@H]([C@@H]([C@H](O5)CO)O)O)O)C=C,3.31
692,693,biotree,137.4,C1=CC=C(C=C1)/C=C/C(=O)OC[C@@H]2[C@H]([C@@H]([C@](O2)(CO)O[C@@H]3[C@@H]([C@H]([C@@H]([C@H](O3)CO)O)O)O)O)O,2.29
693,694,biotree,155.4,CC1CCC2(CCC3(C(=CCC4C3(CCC5C4(CCC(C5(C)C)OC6C(C(C(CO6)O)O)OC7C(C(C(C(O7)CO)O)O)O)C)C)C2C1(C)O)C)C(=O)OC8C(C(C(C(O8)CO)O)O)O,2.5900000000000003
694,695,biotree,138.6,C[C@H]1[C@@H]([C@H]([C@H]([C@@H](O1)OC2=C(OC3=C(C2=O)C(=CC(=C3CC=C(C)C)O[C@H]4[C@@H]([C@H]([C@@H]([C@H](O4)CO)O)O)O)O)C5=CC=C(C=C5)OC)O)O[C@H]6[C@@H]([C@H]([C@@H]([C@H](O6)CO)O)O)O)OC(=O)C,2.31
695,696,biotree,158.4,CC1=CC(=O)C2C(C(CCC2(C1CO)C)O)(C)C,2.64
696,697,biotree,199.8,CCCCCC(CC(CC(=O)O)OC1C(C(C(C(O1)CO)O)O)O)OC(=O)CC(CC(CCCC(C)O)O)OC2C(C(C(C(O2)CO)O)O)O,3.33
697,698,biotree,220.8,CC(C/C=C/CC(C)C(CC(=O)O)O[C@H]1[C@@H]([C@H]([C@@H]([C@H](O1)CO)O)O)O)C(CC(=O)O)O,3.68
698,699,biotree,174.6,COC1=CC(=CC(=C1O)OC)C(=O)OCC(CO[C@H]2[C@@H]([C@H]([C@@H]([C@H](O2)C(=O)O)O)O)O)O,2.9099999999999997
699,700,biotree,169.8,CC1(NC2=CC=CC=C2C(=O)N1)CCC/C=C\C/C=C\CCCC(=O)NC(CCC(=O)O)C(=O)O,2.83
700,701,biotree,153.6,C[C@H]1[C@@H]([C@H]([C@H]([C@@H](O1)O[C@@H]2[C@H](O[C@H]([C@@H]([C@H]2O)O)OC[C@@H]3[C@H]([C@@H]([C@H]([C@@H](O3)OC(=O)[C@]45CCC(=C)C[C@H]4C6=CCC7[C@]8(CC[C@@H](C(C8CC[C@]7([C@@]6(CC5)C)C)(C)C)O[C@H]9[C@@H]([C@H]([C@H](CO9)O)O)O)C)O)O)O)COC(=O)C)O)O)O,2.56
701,702,biotree,148.2,CC1(CCC2(CCC3(C(=CCC4C3(CCC5C4(CCC(C5(C)CO)O[C@H]6[C@@H]([C@H]([C@H](CO6)O)O)O)C)C)C2C1)C)C(=O)O[C@H]7[C@@H]([C@H]([C@@H]([C@H](O7)CO)O)O)O)CO,2.4699999999999998
702,703,biotree,192.6,CCCCCC(CC(CC(=O)O)OC1C(C(C(C(O1)CO)O)O)O)OC(=O)CC(CC(CC(CCC)O)O)OC2C(C(C(C(O2)CO)O)O)O,3.21
703,704,biotree,151.2,C[C@H]1[C@@H]([C@H]([C@H]([C@@H](O1)OC2=CC=C(C=C2)C3C(C(C3C(=O)OC[C@@H]4[C@H]([C@@H]([C@H]([C@@H](O4)OC5=C(OC=CC5=O)C)O)O)O)C6=CC=C(C=C6)O[C@H]7[C@@H]([C@@H]([C@H]([C@@H](O7)C)O)O)O)C(=O)OC)O)O)O,2.52
704,705,biotree,144.0,C/C(=C\CC1=C(C(=CC(=C1)O)CC(=O)O)O[C@H]2[C@@H]([C@H]([C@@H]([C@H](O2)CO)O)O)O)/CC/C=C(\C)/CO,2.4
705,706,biotree,153.0,CC(=CCCC(C)(C=C)C1=C(C=C(C(=C1)C2COC3=CC(=CC(=C3C2=O)O)O)O)O)C,2.55
706,707,biotree,156.0,CC(=O)N[C@H]1[C@H]([C@@H]([C@H](O[C@H]1OC(C)(C)C2CCC(O2)(C)C(CCC(=C)C3CCC4C3(CCC5C4(CCC(O5)C(C)(C)O[C@H]6[C@H]([C@H]([C@@H]([C@H](O6)CO)O)O)O)C)C)O)CO)O)O,2.6
707,708,biotree,196.8,C[C@H]1[C@@H]([C@H]([C@H]([C@@H](O1)OC[C@@H]2[C@H]([C@@H]([C@H]([C@@H](O2)OC3=C(C(=C(C=C3)O)C)C/C=C(\C)/C(=O)O)O)O)O)O)O)O,3.2800000000000002
708,709,biotree,127.2,CC1(CCC2=C(O1)C(=O)C3=C(C=CC=C3O)C(=O)O2)C,2.12
709,710,biotree,148.8,CC(=O)NC1C(C(C(OC1OC(C)(C)C2CCC3(C=C(CCC3O2)C4CCC5C4(CC(C6C5(CCC(O6)C(C)(C)OC7C(C(C(C(O7)CO)O)O)NC(=O)C)C)O)C)C)CO)O)O,2.48
710,711,biotree,180.6,C[C@@H]1CC[C@@]2(CC[C@@]3(C(=CCC4[C@]3(CCC5[C@@]4(CC[C@@H]([C@@]5(C)COS(=O)(=O)O)O[C@H]6[C@@H]([C@H]([C@@H]([C@H](O6)C(=O)O)O)O)O)C)C)[C@@H]2[C@H]1C)C)C(=O)O[C@H]7[C@@H]([C@H]([C@@H]([C@H](O7)CO)O)O)O,3.01
711,712,biotree,145.2,C[C@@]12CCC3[C@]([C@@]14[C@H](O4)C(=O)O[C@H]2C5=COC=C5)(C(=O)C[C@H]([C@@]36COC(=O)C[C@@H]6O[C@H]7[C@@H]([C@H]([C@@H]([C@H](O7)CO)O)O)O)C(C)(C)O)C,2.42
712,713,biotree,203.4,C1[C@@H]([C@@H]([C@H]([C@@H](O1)O[C@@H]2[C@H]([C@@H]([C@H](O[C@H]2C3=C(C=C4C(=C3O)C(=O)C=C(O4)C5=CC=C(C=C5)O)O[C@H]6[C@@H]([C@H]([C@@H]([C@H](O6)CO)O)O)O)CO)O)O)O)O)O,3.39
713,714,biotree,228.0,C[C@@H]1[C@H]([C@@H]([C@@H]([C@H](O1)O[C@@H]2[C@H](O[C@H]([C@@H]([C@H]2O)O)OC[C@@H]3[C@H]([C@@H]([C@H]([C@@H](O3)OC(=O)[C@]45CC[C@@](C[C@H]4C6=CCC7[C@]8(CC[C@@H](C(C8CC[C@]7([C@@]6(CC5)C)C)(C)C)O[C@H]9[C@@H]([C@H]([C@H](CO9)O)O)O[C@H]1[C@@H]([C@@H]([C@H]([C@@H](O1)C)O)O)O)C)(C)C(=O)O)O)O)O)CO)O)O)O,3.8
714,715,biotree,171.0,C/C=C(/C)\C(=O)O[C@H]1[C@@H]([C@H](O[C@H]([C@@H]1O)OC2C[C@]3(C([C@H]([C@@H]2C)C)C4=CCC5[C@]6(CC[C@@H]([C@@](C6CC[C@]5([C@@]4(CC3=O)C)C)(C)CO)O[C@H]7[C@@H]([C@H]([C@@H]([C@H](O7)C(=O)O)O)O)OC8C(C(C(C(O8)CO)O)O)O)C)CO)CO)O,2.85
715,716,biotree,131.4,CC1C=CC2CCCCC2C1C3=CC(=C(C(=O)O3)C=O)NC(CCCCC(=O)N)C(=O)O,2.19
716,717,biotree,191.4,COC1=C2C(=CC(=C1O[C@H]3[C@@H]([C@H]([C@@H]([C@H](O3)CO)O)O)O[C@H]4[C@@H]([C@H]([C@@H]([C@H](O4)CO)O)O)O)CCC(=O)O)C=CO2,3.19
717,718,biotree,147.6,CC1(CCCC2(C1C(C=C(C2(C(=O)O)O)CO)OC(=O)CCC(=O)O)C)C,2.46
718,719,biotree,178.8,C[C@H]1[C@@H]([C@H]([C@H]([C@@H](O1)O[C@H]2[C@@H]([C@H](O[C@H]([C@@H]2O)O[C@@H]3[C@@H](C[C@]4(C([C@]3(C)C=O)CC[C@@]5(C4CC=C6[C@]5(CC[C@@]7([C@H]6CC(=C)CC7)C(=O)O[C@H]8[C@@H]([C@H]([C@@H]([C@H](O8)CO)O)O)O)C)C)C)O)C(=O)O)O)O)O)O,2.98
719,720,biotree,155.4,COC1=CC(=CC(=C1O[C@H]2[C@@H]([C@H]([C@@H]([C@H](O2)CO)O)O)O)/C=C/C(=O)O)/C=C/C3=CC=C(C=C3)O,2.5900000000000003
720,721,biotree,142.2,CC1=C(C(=O)OC(=C1)C(=O)O)C2=C(C(=CC(=C2)O)OC)C(=O)O,2.3699999999999997
721,722,biotree,153.6,C[C@H]1[C@@H]([C@H]([C@H]([C@@H](O1)OC[C@@H]2[C@H]([C@@H]([C@H]([C@@H](O2)OC3=CC(=C4C(=O)CC(OC4=C3)C5=CC=C(C=C5)O)O)O[C@H]6[C@@H]([C@@H]([C@H]([C@@H](O6)C)O)O)O)O)O)O)O)O,2.56
722,723,biotree,183.0,C[C@H]1[C@@H]([C@H]([C@H]([C@@H](O1)O[C@@H]2[C@H]([C@H]([C@H](O[C@H]2O[C@@H]3[C@H]([C@@H]([C@H](O[C@H]3O[C@H]4CC[C@]5(C([C@@]4(C)CO)CC[C@@]6(C5CC=C7[C@@]6(CC[C@@]8(C7C[C@](C[C@H]8O)(C)CO)C)C)C)C)C(=O)O)O)O)CO)O)O)O)O)O,3.05
723,724,biotree,183.6,C[C@H]1[C@@H]([C@H]([C@H]([C@@H](O1)O[C@H]2[C@@H]([C@H](O[C@H]([C@@H]2O)O[C@@H]3[C@@H](C[C@]4(C([C@]3(C)CO)CC[C@@]5(C4CC=C6[C@]5(CC[C@@]7([C@H]6CC(CC7)(C)C)C(=O)O[C@H]8[C@@H]([C@H]([C@@H]([C@H](O8)CO)O)O)O)C)C)C)O)C(=O)O)O)O)O)O,3.06
724,725,biotree,142.8,CCCCC1(C2=C(C=CC=C2O[C@H]3[C@@H]([C@H]([C@@H]([C@H](O3)CO)O)O)O)C(=O)O1)O,2.3800000000000003
725,726,biotree,171.6,C[C@H]1[C@@H]([C@H]([C@H]([C@@H](O1)O[C@@H]2[C@H]([C@@H]([C@H](O[C@H]2OC3=CC(=CC4=C3C(=O)C=C(O4)C5=CC=C(C=C5)O)O)CO)O)O)O)O)O,2.86
726,727,biotree,147.6,C[C@@H]1CC[C@@]2(CC[C@@]3(C(=CCC4[C@]3(CCC5[C@@]4(CC[C@@H]([C@@]5(C)COS(=O)(=O)O)O[C@H]6[C@@H]([C@H]([C@@H]([C@H](O6)C(=O)O)O)O)O)C)C)[C@@H]2[C@H]1C)C)C(=O)O,2.46
727,728,biotree,204.0,C[C@@]12CCC3[C@@](C1CC=C4[C@]2(CC[C@@]5([C@H]4CC(CC5)(C)C)C(=O)O[C@H]6[C@@H]([C@H]([C@@H]([C@H](O6)CO)O)O)O)C)(C[C@H]([C@H]([C@@]3(C)C(=O)O)O[C@H]7[C@@H]([C@H]([C@@H]([C@H](O7)C(=O)O)O)O)O)O)C,3.4
728,729,biotree,127.2,C[C@@H]([C@H]1CN2CC[C@@]34[C@@H]2C[C@@H]1C(=C3NC5=C4C=CC=C5OC)C(=O)OC)O,2.12
729,730,biotree,170.4,C[C@H]1[C@@H]([C@H]([C@H]([C@@H](O1)O[C@H]2[C@@H]([C@H](O[C@H]([C@@H]2O)O[C@H]3CC[C@]4(C(C3(C)C)CC[C@@]5(C4CC=C6[C@]5(CC[C@@]7([C@H]6CC(CC7)(C)C)C(=O)O[C@H]8[C@@H]([C@H]([C@@H]([C@H](O8)CO)O)O)O)C)C)C)C(=O)O)O)O)O)O,2.8400000000000003
730,731,biotree,180.0,CC1CC[C@@]2(CC[C@@]3(C(=CCC4[C@]3(CCC5[C@@]4(CC[C@@H]([C@@]5(C)COS(=O)(=O)O)O[C@H]6[C@@H]([C@H]([C@@H]([C@H](O6)C(=O)O)O)O)O)C)C)C2C1C)C)C(=O)O[C@H]7[C@@H]([C@H]([C@@H]([C@H](O7)CO)O)O)O,3.0
731,732,biotree,173.4,C[C@@H]1CC[C@@]2(CC[C@@]3(C(=CCC4[C@]3(CCC5[C@@]4(CC[C@@H]([C@@]5(C)CO)O[C@H]6[C@@H]([C@H]([C@@H]([C@H](O6)C(=O)O)O)O)O)C)C)[C@@H]2[C@]1(C)O)C)C(=O)O,2.89
732,733,biotree,213.6,C1=CC=C(C=C1)C(C(=O)O)OC2C(C(C(C(O2)COC3C(C(C(C(O3)CO)O)O)O)O)O)O,3.56
733,734,biotree,147.0,CC(C)CC(=O)O[C@@H]1[C@H]([C@@H]([C@H](O[C@H]1O[C@H]2C[C@]3([C@@H]4CC[C@@H]5C[C@@]4(CCC3C(C2)(C(=O)O)C(=O)O)[C@H](C5=C)O)C)CO)O)O,2.45
734,735,biotree,186.6,C[C@H]1[C@@H]([C@H]([C@H]([C@@H](O1)O[C@@H]2[C@H]([C@H](CO[C@H]2O[C@H]3CC[C@]4(C(C3(C)C)CC[C@@]5(C4C[C@@H](C6=C7[C@]([C@@]8(CC[C@@]7(CC[C@]65C)C(=O)O8)C)(C)O)O)C)C)O)O[C@H]9[C@@H]([C@H]([C@@H]([C@H](O9)CO)O)O)O[C@H]1[C@@H]([C@H]([C@@H]([C@H](O1)CO)O)O)O)O)O)O,3.11
735,736,biotree,207.0,COC1=C(C=CC(=C1)/C=C/C(=O)O)O/C(=C\C2=CC(=C(C=C2)O/C(=C\C3=CC(=C(C=C3)O)OC)/C(=O)O)OC)/C(=O)O,3.45
736,737,biotree,196.8,C[C@H]1[C@@H]([C@H]([C@H]([C@@H](O1)O[C@@H]2[C@H]([C@H](CO[C@H]2OC(=O)[C@@]34CC[C@@]5(C(=CCC6[C@]5(CCC7[C@@]6(C[C@@H]([C@@H]([C@@]7(C)CO)O[C@H]8[C@@H]([C@H]([C@@H]([C@H](O8)CO)O)O)O[C@H]9[C@@H]([C@H]([C@H](CO9)O)O)O)O)C)C)[C@@H]3CC(CC4)(C)C)C)O)O)O)O[C@H]1[C@@H]([C@H]([C@@H](CO1)O)O)O)OC(=O)CC(C)(CC(=O)O)O,3.2800000000000002
737,738,biotree,156.6,CC1CC[C@@]2(CC[C@@]3(C(=CCC4[C@]3(CCC5[C@@]4(CC[C@@H](C5(C)C)O[C@H]6[C@@H]([C@H]([C@H](CO6)O)O)O[C@H]7[C@@H]([C@H]([C@@H]([C@H](O7)CO)O)O)O)C)C)[C@@H]2[C@]1(C)O)C)C(=O)O[C@H]8[C@@H]([C@H]([C@@H]([C@H](O8)CO)O)O)O,2.61
738,739,biotree,168.6,C[C@H]1[C@@H]([C@H]([C@H]([C@@H](O1)O[C@@H]2[C@H]([C@H](CO[C@H]2O[C@H]3CC[C@]4(C(C3(C)C)CC[C@@]5(C4CC=C6[C@]5(CC[C@@]7([C@H]6CC(CC7)(C)C)C(=O)O[C@H]8[C@@H]([C@H]([C@@H]([C@H](O8)CO)O)O)O)C)C)C)O)O[C@H]9[C@@H]([C@H]([C@@H]([C@H](O9)CO)O)O)O)O)O)O,2.81
739,740,biotree,183.0,C[C@H]1[C@@H]([C@H]([C@H]([C@@H](O1)O[C@@H]2[C@H]([C@@H](CO[C@H]2O[C@@H]3[C@H]([C@@H]([C@H](O[C@H]3O[C@H]4CC[C@]5(C([C@@]4(C)CO)CC[C@@]6(C5CC=C7[C@]6(CC[C@@]8(C7C[C@@](CC8=O)(C)CO)C)C)C)C)C(=O)O)O)O)O)O)O)O)O,3.05
740,741,biotree,246.6,CC(C/C=C/CC(C)C(CC(=O)O)O[C@H]1[C@@H]([C@H]([C@@H]([C@H](O1)CO)O)O)O)C(CC(=O)O)O[C@H]2[C@@H]([C@H]([C@@H]([C@H](O2)CO)O)O)O,4.11
741,742,biotree,184.2,CC12CCCC(C1C(C(C34C2CC(C(C3)C(C4)(CO)O)O)O)O)(C)C(=O)O,3.07
742,743,biotree,196.2,C[C@]12CC[C@@H](C(C1CC[C@@]3(C2CC=C4[C@]3(CC[C@@]5([C@H]4CC(CC5)(C)C)C(=O)O)C)C)(C)C)O[C@H]6[C@@H]([C@H]([C@@H]([C@H](O6)C(=O)O)O)O[C@H]7[C@@H]([C@H]([C@@H](CO7)O)O)O)O[C@H]8[C@@H]([C@H]([C@@H]([C@H](O8)CO)O)O)O,3.27
743,744,biotree,143.4,C[C@@H]1CC[C@@]2(CC[C@@]3(C(=CCC4[C@]3(CCC5[C@@]4(CC([C@@H]([C@]5(C)C(=O)O)O)O)C)C)C2=C1C)C)C(=O)O[C@H]6[C@@H]([C@H]([C@@H]([C@H](O6)CO)O)O)O,2.39
744,745,biotree,141.6,CC(CCCC(C)(C1=C(C=C(C=C1)C(=O)O)O)O)(CO)O,2.36
745,746,biotree,124.8,CC1CC[C@@]2(CC[C@@]3(C(=CCC4[C@]3(CCC5[C@@]4(CC[C@@H](C5(C)C)O[C@H]6[C@@H]([C@H]([C@H](CO6)O)O)O[C@H]7[C@@H]([C@H]([C@@H]([C@H](O7)CO)O)O)O)C)C)[C@@H]2[C@]1(C)O)C)C(=O)O,2.08
746,747,biotree,196.8,CC1(C2CCC3(C(C2(CCC1O[C@H]4[C@@H]([C@H]([C@H](CO4)O[C@H]5[C@@H]([C@H]([C@@H]([C@H](O5)CO)O)O)O)O)O[C@H]6[C@@H]([C@H]([C@@H]([C@H](O6)CO)O)O)O)C)CC=C7C3(CCC8(C7CC(CC8)(C)CO)C(=O)O[C@H]9[C@@H]([C@H]([C@@H]([C@H](O9)CO)O)O)O)C)C)C,3.2800000000000002
747,748,biotree,147.6,C[C@H](CC/C=C(\C)/C(=O)O)CCO[C@H]1[C@@H]([C@H]([C@@H]([C@H](O1)CO)O)O)O,2.46
748,749,biotree,172.2,CC(=CC(C(C(CO)C1CCC2(C1(CCC34C2CCC5C3(C4)CCC(C5(C)C)OC6C(C(C(C(O6)CO)O)OC7C(C(C(C(O7)CO)O)O)O)OC8C(C(C(C(O8)CO)O)O)O)C)C)O)O)C,2.8699999999999997
749,750,biotree,168.0,CC(=O)OC[C@@H]1[C@H]([C@@H]([C@H]([C@@H](O1)OCC(CCCCCCCCCCCCC(C(=O)O)O)O)O)O)O[C@H]2[C@@H]([C@H]([C@@H]([C@H](O2)CO)O)O)O,2.8
750,751,biotree,178.2,CCCCCC(CC(CC(=O)OC(CCCCC)CC(CC(=O)O)OC1C(C(C(C(O1)CO)O)O)O)O)OC2C(C(C(C(O2)CO)O)O)O,2.9699999999999998
751,752,biotree,191.4,C[C@H]1[C@@H]([C@H]([C@H]([C@@H](O1)OC2C(C(C(OC2OC3=C(OC4=CC(=CC(=C4C3=O)O)OC5C(C(C(C(O5)CO)O)O)O)C6=CC=C(C=C6)O)CO)O)O)O)O)O,3.19
752,753,biotree,135.0,CC(C)(C1=CCC23C1CCC(C(C2)OC3)(C(=O)O)O)O,2.25
753,754,biotree,153.0,COC(=O)C(C1=CC=CC=C1)OC2C(C(C(C(O2)COC3C(C(C(C(O3)CO)O)O)O)O)O)O,2.55
754,755,biotree,206.4,C(CCC(=O)O)C/C=C/CC(C(CCCC(=O)O)O)O,3.44
755,756,biotree,144.6,CC1CCC2(CCC3(C(=CCC4C3(CCC5C4(CCC(C5(C)C)O[C@H]6[C@@H]([C@H]([C@@H]([C@H](O6)C(=O)O)O)O)O)C)C)C2C1C)C)C(=O)O[C@H]7[C@@H]([C@H]([C@@H]([C@H](O7)CO)O)O)O,2.4099999999999997
756,757,biotree,120.6,CC(C)(C1CC2=C(O1)C=C3C(=C2)C=CC(=O)O3)O[C@H]4[C@@H]([C@H]([C@@H]([C@H](O4)CO[C@H]5[C@@H]([C@](CO5)(CO)O)O)O)O)O,2.01
757,758,biotree,226.2,CC(C/C=C/C=C(\C)/C(=O)O)C(CC(=O)O)O[C@H]1[C@@H]([C@H]([C@@H]([C@H](O1)CO)O)O)O,3.77
758,759,biotree,146.4,C[C@@]12CC[C@@H]([C@@]([C@H]1[C@@H]([C@]34[C@H]2CC[C@H](C3)C(=C)C4)C(=O)O)(C)C(=O)O)O,2.44
759,760,biotree,147.0,C1=CC=C(C(=C1)C(=O)O)NC(=O)CCCCC(=O)O,2.45
760,761,biotree,123.6,C[C@@]1(C[C@H]([C@H]2[C@@H]1[C@@H](OC=C2C(=O)OC)O[C@H]3[C@@H]([C@H]([C@@H]([C@H](O3)CO)O)O)O)O)O,2.06
761,762,biotree,151.8,CC1C2CC(C(C1(C(O2)C(=O)C)C(=O)O)OCC(C(C(C(CO)O)O)O)O)O,2.5300000000000002
762,763,biotree,179.4,C[C@@H]1[C@@H]([C@H]([C@H]([C@@H](O1)O[C@@H]2[C@H]([C@@H]([C@H](O[C@H]2OC3=C(OC4=C(C3=O)C(=CC(=C4OC)O)O)C5=CC=C(C=C5)O)COC(=O)CC(C)(CC(=O)O)O)O)O)O)O)O,2.99
763,764,biotree,208.2,C(CCCC(C(CCCC(=O)O)O)O)CCCC(=O)O,3.4699999999999998
764,765,biotree,147.6,COC(=O)[C@@H]1[C@H](C2=C(C(=C(C=C2C(=O)O1)O)O)O)[C@@H](CC(=O)O)C(=O)OC,2.46
765,766,biotree,151.2,CCC(C)CCCCCCCCCCC1CC(=O)NC(C(=O)NC(C(=O)NC(C(=O)NC(C(=O)N2CCCC2C(=O)NC(C(=O)NC(C(=O)N1)CO)CC(=O)N)CCC(=O)N)CC(=O)N)CC3=CC=C(C=C3)O)CC(=O)N,2.52
766,767,biotree,199.2,C[C@]12CC[C@@H](C(C1CC[C@@]3(C2CC=C4[C@]3(CC[C@@]5([C@H]4CC(CC5)(C)C)C(=O)O[C@H]6[C@@H]([C@H]([C@@H]([C@H](O6)CO[C@H]7[C@@H]([C@H]([C@@H]([C@H](O7)CO)O)O)O)O)O)O)C)C)(C)C)O[C@H]8[C@@H]([C@H]([C@@H]([C@H](O8)C(=O)O)O)O[C@H]9[C@@H]([C@H]([C@H](CO9)O)O)O)O,3.32
767,768,biotree,161.4,C[C@@H]1CC[C@@]2(CC[C@@]3(C(=CCC4[C@]3(CCC5[C@@]4(CC[C@@H]([C@@]5(C)CO)O[C@H]6[C@@H]([C@H]([C@@H]([C@H](O6)C(=O)O)O)O)O)C)C)[C@@H]2[C@H]1C)C)C(=O)O[C@H]7[C@@H]([C@H]([C@@H]([C@H](O7)CO)O)O)O,2.69
768,769,biotree,161.4,C=CCC1=CC(=C(C=C1)O[C@H]2[C@@H]([C@H]([C@@H]([C@H](O2)CO)O)O)O)O[C@H]3[C@@H]([C@H]([C@@H]([C@H](O3)CO)O)O)O,2.69
769,770,biotree,153.0,CCCCCC(CC(CC(=O)OC(CCCCC)CC(CC(=O)OC(CCCCC)CC(CC(=O)OC)OC1C(C(C(C(O1)CO)O)O)O)OC2C(C(C(C(O2)CO)O)O)O)O)OC3C(C(C(C(O3)CO)O)O)O,2.55
770,771,biotree,136.2,COC1=C(C=C(C2=C1OC3=C(C=CC(=C3C2=O)O)O)O)O[C@H]4[C@@H]([C@H]([C@@H]([C@H](O4)CO)O)O)O,2.27
771,772,biotree,122.4,CC1(CCC2(CCC3(C(=CCC4C3(CCC5C4(CCC(C5(C)CO)O[C@H]6[C@@H]([C@H]([C@H](CO6)O)O)O)C)C)C2C1)C)C(=O)O)CO,2.04
772,773,biotree,214.8,C[C@H]1[C@H]2[C@H](CC3[C@@]2([C@@H](CC4C3CC=C5[C@@]4(CC[C@@H](C5)O[C@H]6[C@@H]([C@H]([C@@H]([C@H](O6)CO)O)O[C@H]7[C@@H]([C@H]([C@H]([C@H](O7)CO)O)O)O)O[C@H]8[C@@H]([C@@H]([C@H]([C@@H](O8)C)O)O)O)C)O)C)O[C@]19CC[C@H](CN9)CO,3.58
773,774,biotree,160.8,C[C@H]1[C@@H]([C@H]([C@H]([C@@H](O1)O[C@H]2[C@@H](O[C@H]([C@@H]([C@@H]2O)O)O[C@H]3[C@@H](O[C@H]([C@@H]([C@@H]3O)O)O[C@@H]4[C@H](O[C@H]([C@@H]([C@H]4O)O)O[C@H]5CC[C@@]6(C7CC[C@]8(C(C7CC=C6C5)CC=C8C(=O)C)C)C)CO)C)C)O)O)O,2.68
774,775,biotree,132.0,C/C=C(/C)\C(=O)O[C@@H]1[C@H](O[C@H]([C@@H]([C@H]1OC(=O)/C(=C\C)/C)O)O[C@H]2[C@@H]([C@@]3(C(C[C@@]4(C(=CCC5[C@]4(CCC6[C@@]5(CC[C@@H]([C@@]6(C)CO)O[C@H]7[C@@H]([C@H]([C@@H]([C@H](O7)C(=O)O)O)O)O[C@H]8[C@@H]([C@H]([C@@H]([C@H](O8)CO)O)O)O)C)C)C3CC2(C)C)C)O)COC(=O)C)O)C,2.2
775,776,biotree,157.8,C[C@H]1[C@@H]([C@H]([C@H]([C@@H](O1)OC2CC[C@]3(C(C2)CCC4C3CC[C@]5([C@@]4(CC[C@@H]5C6=COC(=O)C=C6)O)C)C)O)O)O[C@H]7[C@@H]([C@H]([C@@H]([C@H](O7)CO)O[C@H]8[C@@H]([C@H]([C@@H]([C@H](O8)CO)O)O)O)O)O,2.6300000000000003
776,777,biotree,174.6,COC1=C(C=CC(=C1)/C=C/C(=O)O)O/C(=C/C2=CC(=C(C=C2)O)OC)/C(=O)O,2.9099999999999997
777,778,biotree,220.8,C[C@H]1[C@@H]([C@H]([C@H]([C@@H](O1)OC[C@@H]2[C@H]([C@@H]([C@H]([C@@H](O2)OC(=O)[C@]34CCC(C[C@H]3C5=CCC6[C@]7(CC[C@@H](C(C7CC[C@]6([C@@]5(C[C@H]4O)C)C)(C)C)O[C@H]8[C@@H]([C@H]([C@@H]([C@H](O8)CO[C@H]9[C@@H]([C@H]([C@H](CO9)O)O)O[C@H]1[C@@H]([C@H]([C@@H](CO1)O)O)O)O)O)O)C)(C)C)O[C@H]1[C@@H]([C@@H]([C@H]([C@@H](O1)C)O[C@H]1[C@@H]([C@H]([C@@H](CO1)O)O[C@H]1[C@@H]([C@H]([C@@H](CO1)O)O)O)O)O)O)O)O)O)O)O,3.68
778,779,biotree,225.6,C[C@@H]1[C@H]([C@@H]([C@H]([C@@H](O1)O[C@@H]2[C@H](O[C@H]([C@@H]([C@H]2O)O)OC[C@@H]3[C@H]([C@@H]([C@H]([C@@H](O3)OC(=O)[C@@]45CC[C@@]6(C(=CCC7[C@]6(CCC8[C@@]7(C[C@@H]([C@@H]([C@@]8(C)C(=O)O)O)O)C)C)[C@@H]4CC(CC5)(C)C)C)O[C@H]9[C@@H]([C@H]([C@@H]([C@H](O9)CO)O)O)O)O)O)CO)O)O)O,3.76
779,780,biotree,148.2,CC(=O)NCCC1=CC=CC=C1,2.4699999999999998
780,781,biotree,159.6,C[C@H]1[C@@H]([C@H]([C@H]([C@@H](O1)O[C@H]2CC[C@@]3(C4CC[C@@]5([C@H](CC[C@@]5([C@@H]4CCC3=C2)O)C6=COC(=O)C=C6)C)C)O)O)O[C@H]7[C@@H]([C@H]([C@@H]([C@H](O7)CO)O[C@H]8[C@@H]([C@H]([C@@H]([C@H](O8)CO)O)O)O)O)O,2.6599999999999997
781,782,biotree,148.2,C/C=C/C1=CC2=C(C(=C1)OC)OC(=C2C)C3=CC(=C(C=C3)OC)OC,2.4699999999999998
782,783,biotree,145.2,C[C@]12CC[C@@H](C(C1CC[C@@]3(C2CC=C4[C@]3(CC[C@@]5([C@H]4CC(CC5)(C)C)C(=O)O[C@H]6[C@@H]([C@H]([C@@H]([C@H](O6)CO)O)O)O)C)C)(C)C)O[C@H]7[C@@H]([C@H]([C@H]([C@H](O7)C(=O)O)O)O)O,2.42
783,784,biotree,187.2,C[C@H]1[C@@H]([C@H]([C@H]([C@@H](O1)OC[C@@H]2[C@H]([C@@H]([C@H]([C@@H](O2)OC(=O)[C@]34CCC(C[C@H]3C5=CCC6[C@]7(CC[C@@H](C(C7CC[C@]6([C@@]5(C[C@H]4O)C)C)(C)C)O[C@H]8[C@@H]([C@H]([C@@H]([C@H](O8)CO[C@H]9[C@@H]([C@H]([C@H](CO9)O)O)O[C@H]1[C@@H]([C@H]([C@@H](CO1)O)O)O)O)O)O)C)(C)C)O[C@H]1[C@@H]([C@@H]([C@H]([C@@H](O1)C)O[C@H]1[C@@H]([C@H]([C@@H](CO1)O)O[C@H]1[C@@H]([C@H]([C@@H](CO1)O)O)O)O)O)O)O)O)OC(=O)/C(=C/CCC(C)(C=C)O)/C)OC(=O)/C(=C/CCC(C)(C=C)O)/C)O,3.1199999999999997
784,785,biotree,194.4,C=CCSSCC(C(=O)O)NC(=O)CCC(C(=O)O)N,3.24
785,786,biotree,227.4,C[C@]1(CC[C@@]2(CC[C@@]3(C(=CCC4[C@]3(CCC5[C@@]4(CC[C@@H](C5(C)C)O[C@H]6[C@@H]([C@H]([C@H](CO6)O[C@H]7[C@@H]([C@H]([C@@H]([C@H](O7)CO)O)O)O)O)O[C@H]8[C@@H]([C@H]([C@@H]([C@H](O8)CO)O)O)O)C)C)[C@@H]2C1)C)C(=O)O[C@H]9[C@@H]([C@H]([C@@H]([C@H](O9)CO)O)O)O)C(=O)O,3.79
786,787,biotree,144.6,CCC(C)C(=O)O[C@H]1[C@@H]([C@H](O[C@@H]([C@@H]1O)O[C@@H]2[C@@H]([C@H]([C@@H]([C@H](O2)CO)O)O)O)CO)O,2.4099999999999997
787,788,biotree,171.0,CC(C(/C=C/C=C/C(=O)OC1C(C2=C(C(=O)N(C2)C(CCC(=O)O)C(=O)O)C3(C1C(CCC3)(C)C)C)OC)O)O,2.85
788,789,biotree,193.8,C[C@@H]1[C@@H]([C@@H]([C@H]([C@@H](O1)O[C@H]2[C@H](O[C@H]([C@@H]([C@H]2O)O[C@H]3[C@@H]([C@@H]([C@H]([C@@H](O3)C)O[C@H]4[C@@H]([C@H]([C@@H](CO4)O)O[C@H]5[C@@H]([C@H]([C@@H]([C@H](O5)CO)O)O)O)O)O)O)OC(=O)[C@]67CCC(C[C@H]6C8=CCC9[C@]1(CC[C@@H]([C@@](C1CC[C@]9([C@@]8(C[C@H]7O)C)C)(C)C=O)O[C@H]1[C@@H]([C@H]([C@@H]([C@H](O1)C(=O)O)O)O)O[C@H]1[C@@H]([C@H]([C@H]([C@H](O1)CO)O)O)O)C)(C)C)C)O)O)O,3.23
789,790,biotree,154.2,C[C@H]1[C@@H]([C@H]([C@H]([C@@H](O1)OC[C@@H]2[C@H]([C@@H]([C@H]([C@@H](O2)OC3=C(C=CC(=C3)CCO)O)O)O)O)O)O)O,2.57
790,791,biotree,147.0,C[C@@H]1[C@H]([C@@H]([C@@H]([C@@H](O1)O[C@H]2C[C@H]([C@@]3(C4[C@@H](C[C@@]5([C@H](CC[C@@]5(C4CC[C@@]3(C2)O)O)C6=CC(=O)OC6)C)O)CO)O)O)O)O,2.45
791,792,biotree,180.0,CC(C)(C(C(=O)OCC1=CC=C(C=C1)O[C@H]2[C@@H]([C@H]([C@@H]([C@H](O2)CO)O)O)O)O)O[C@H]3[C@@H]([C@H]([C@@H]([C@H](O3)CO)O)O)O,3.0
792,793,biotree,145.2,C[C@H]1[C@@H]([C@H]([C@H]([C@@H](O1)O[C@H]2[C@@H]([C@H](O[C@H]([C@@H]2O)OC3=C(OC4=CC(=CC(=C4C3=O)O)O)C5=CC=C(C=C5)O)CO)O)O)O)O,2.42
793,794,biotree,172.2,COC1=C(C=CC(=C1)/C=C/C(=O)O[C@@H]2[C@H]([C@@H]([C@H](O[C@H]2O[C@@H]3[C@H]([C@@H]([C@H](O[C@H]3OC4=C(OC5=CC(=CC(=C5C4=O)O)O[C@H]6[C@@H]([C@H]([C@@H]([C@H](O6)CO)O)O)O)C7=CC=C(C=C7)O)CO)O)O)CO)O)O)O,2.8699999999999997
794,795,biotree,198.6,CC1=CC(=CC(=C1C(=O)OCCC(C(=O)O)NC(=O)C(CCC(=O)O)N)O)O,3.31
795,796,biotree,138.0,C[C@H]1[C@@H]([C@H]([C@H]([C@@H](O1)OC2=C(OC3=C(C2=O)C(=CC(=C3CC=C(C)C)O[C@H]4[C@@H]([C@H]([C@@H]([C@H](O4)CO)O)O)O)O)C5=CC=C(C=C5)OC)OC6C(C(C(C(O6)C)O)O)O)O)O,2.3
796,797,biotree,202.8,C1=CC=C(C=C1)CC(C(=O)O)NC(=O)CCC(C(=O)O)N,3.3800000000000003
797,798,biotree,213.0,CC1(C2CCC3(C(C2(CCC1O[C@H]4[C@@H]([C@H]([C@H](CO4)O[C@H]5[C@@H]([C@H]([C@@H]([C@H](O5)CO)O)O)O)O)O[C@H]6[C@@H]([C@H]([C@@H]([C@H](O6)CO)O)O)O)C)CC=C7C3(CCC8(C7CC(CC8)(C)O)C(=O)O)C)C)C,3.55
798,799,biotree,169.8,C/C=C(\C)/C(=O)OC[C@@H]1[C@H]([C@@H]([C@H]([C@@H](O1)O[C@@H]2[C@H]([C@@H]([C@H](O[C@@H]2O[C@@H]3[C@@H]([C@H]([C@@H]([C@H](O3)COC(=O)/C(=C/C)/C)O)O)O[C@H]4[C@@H]([C@H]([C@@H]([C@H](O4)CO)O)O)O)COC(=O)/C(=C/C)/C)O)O)O)O)O,2.83
799,800,biotree,188.4,C[C@H]1[C@@H]([C@H]([C@H]([C@@H](O1)O[C@H]2[C@@H]([C@H](O[C@H]([C@@H]2O)O[C@@H]3[C@@H](C[C@]4(C([C@]3(C)CO)CC[C@@]5(C4CC=C6[C@]5(CC[C@@]7([C@H]6CC(=C)CC7)C(=O)O[C@H]8[C@@H]([C@H]([C@@H]([C@H](O8)CO)O)O)O)C)C)C)O)C(=O)O)O)O)O)O,3.14
800,801,biotree,178.8,C[C@H]1[C@@H]([C@H]([C@H]([C@@H](O1)OCC2C(C(C(C(O2)OC3=C(OC4=CC(=CC(=C4C3=O)O)O)C5=CC=C(C=C5)O)O[C@H]6[C@@H]([C@@H]([C@H]([C@@H](O6)C)O)O)O)O)O)O)O)O,2.98
801,802,biotree,209.4,C[C@H]1[C@@H]([C@H]([C@H]([C@@H](O1)O[C@@H]2[C@H]([C@H]([C@H](O[C@H]2OC(=O)[C@@]34CC[C@@]5(C(=CCC6[C@]5(CCC7[C@@]6(C[C@@H]([C@@H]([C@@]7(C)C(=O)O)O[C@H]8[C@@H]([C@H]([C@@H]([C@H](O8)C(=O)O)O)O)O)O)C)C)[C@@H]3CC(CC4)(C)C)C)C)O)O[C@H]9[C@@H]([C@](CO9)(CO)O)O)O)O[C@H]1[C@@H]([C@H]([C@@H]([C@H](O1)CO)O)O)O)O,3.49
802,803,biotree,181.2,CC1C2C(CC3C2(CCC4C3CC=C5C4(CCC(C5)OC6C(C(C(C(O6)CO)OC7C(C(C(C(O7)C)O)O)OC8C(C(C(C(O8)CO)O)O)O)OC9C(C(C(C(O9)C)O)O)O)O)C)C)OC11CCC(CO1)CO,3.02
803,804,biotree,194.4,CC(=CCC[C@@](C)([C@H]1CC[C@@]2(C1[C@@H](CC3[C@]2(CCC4[C@@]3(CC[C@@H](C4(C)C)O[C@H]5[C@@H]([C@H]([C@@H]([C@H](O5)CO)O)O)O[C@H]6[C@@H]([C@H]([C@@H]([C@H](O6)CO)O)O)O)C)C)O)C)O[C@H]7[C@@H]([C@H]([C@@H]([C@H](O7)CO[C@H]8[C@@H]([C@H]([C@H](CO8)O)O)O)O)O)O)C,3.24
804,805,biotree,143.4,COC1=C(C=CC(=C1)/C=C/C(=O)O[C@@H]2[C@H]([C@@H]([C@H](O[C@@H]2O[C@@]3([C@@H]([C@H]([C@@H](O3)CO)O)O)CO)CO)O)O)O,2.39
805,806,biotree,219.0,C[C@H]1[C@@H]([C@H]([C@H]([C@@H](O1)O[C@@H]2[C@H]([C@H](CO[C@H]2O[C@H]3CC[C@]4(C(C3(C)C)CC[C@@]5(C4CC=C6[C@]5(CC[C@@]7([C@H]6C[C@](CC7)(C)C(=O)O)C(=O)O[C@H]8[C@@H]([C@H]([C@@H]([C@H](O8)CO[C@H]9[C@@H]([C@H]([C@@H]([C@H](O9)CO)O)O)O)O)O)O)C)C)C)O)O)O)O)O,3.65
806,807,biotree,154.2,C[C@]12CC[C@@H](C[C@@H]1CC[C@@H]3C2CC[C@]4([C@@]3(CC[C@@H]4C5=CC(=O)OC5)O)C)OC6C(C(C(C(O6)CO)O)O)OC7C(C(C(C(O7)CO)O)O)O,2.57
807,808,biotree,147.0,C1[C@H]([C@@H]([C@H]([C@@H](O1)OC[C@@H]2[C@H]([C@@H]([C@H]([C@@H](O2)OC3=C(C(=C4C(=C3)C(=O)C5=CC=CC=C5C4=O)O)CO)O)O)O)O)O)O,2.45
808,809,biotree,189.6,CC#C[C@]1(CCC2C(C1CC(=O)O)CC=C3[C@@]2(CC[C@@H](C3)O[C@H]4[C@@H]([C@H]([C@@H]([C@H](O4)CO)O[C@H]5[C@@H]([C@@H]([C@H]([C@@H](O5)C)O)O)O)O)O[C@H]6[C@@H]([C@@H]([C@H]([C@@H](O6)C)O)O)O)C)C,3.1599999999999997
809,810,biotree,144.0,CC/C=C\CC1(CCC=CC1C(=O)O)O[C@H]2[C@@H]([C@H]([C@@H]([C@H](O2)CO)O)O)O,2.4
810,811,biotree,154.8,C1[C@@]([C@H]([C@@H](O1)O[C@@H]2[C@H]([C@@H]([C@H](O[C@H]2C3=C(C=C(C4=C3OC(=CC4=O)C5=CC=C(C=C5)O)O)O)CO)O)O)O)(CO)O,2.58
811,812,biotree,125.4,COC1=C(C=CC(=C1)/C=C/C(=O)O[C@H]2[C@@H]([C@H](O[C@@H]([C@@H]2O)O[C@@]3([C@@H]([C@H]([C@@H](O3)CO)O)O)CO)CO)O)O,2.0900000000000003
812,813,biotree,207.0,C[C@]12CC[C@@H](C(C1CC[C@@]3(C2CC=C4[C@]3(CC[C@@]5([C@H]4CC(CC5)(C)C)C(=O)O[C@@H]6[C@@H]([C@H]([C@@H]([C@H](O6)CO)O)O)O)C)C)(C)C)OC7C(C(C(C(O7)C(=O)O)O)OC(C(C(=O)O)O)OCC(=O)O)O,3.45
813,814,biotree,148.8,C[C@H]1[C@@H]([C@H]([C@H]([C@@H](O1)O[C@@H]2[C@H]([C@H](CO[C@H]2O[C@H]3CC[C@]4(C(C3(C)C)CC[C@@]5(C4C=CC6=C7[C@]([C@@]8(CC[C@@]7(CC[C@]65C)C(=O)O8)C)(C)O)C)C)O)O[C@H]9[C@@H]([C@H]([C@@H]([C@H](O9)CO)O)O)O)O)O)O,2.48
814,815,biotree,147.0,COC(=O)C1=CO[C@H](/C(=C/C(=O)O)/[C@@H]1CC(=O)OCCC2=CC(=C(C=C2)O)O)O[C@H]3[C@@H]([C@H]([C@@H]([C@H](O3)CO)O)O)O,2.45
815,816,biotree,199.2,C1C(C(C(C(O1)C2=C(C(=C3C(=C2O)C(=O)C=C(O3)C4=CC=C(C=C4)O)C5C(C(C(C(O5)CO)O)O)O)O)O)O)O,3.32
816,817,biotree,126.0,CCCCC/C=C\C/C=C\CCCCCCCC(=O)OC(CO)COP(=O)(O)OCC[N+](C)(C)C,2.1
817,818,biotree,140.4,C[C@@]12CC[C@H](C[C@H]1[C@@H](C(=O)C=C2)CCC3([C@@H]4C[C@@H](CC[C@]4(C=CC3=O)C)C(=C)C(=O)O)O)C(=C)C(=O)O,2.3400000000000003
818,819,biotree,147.0,CC(CC(=O)O)(CC(=O)OC[C@@H]1[C@H]([C@@H]([C@H]([C@@H](O1)OC2=C(OC3=C(C2=O)C(=CC(=C3OC)O)O)C4=CC(=C(C=C4)O)OC)O)O)O)O,2.45
819,820,biotree,144.6,C/C=C(/C)\C(=O)O[C@@H]1[C@H](O[C@H]([C@@H]([C@H]1OC(=O)/C(=C\C)/C)O)O[C@H]2[C@@H]([C@@]3(C(C[C@@]4(C(=CCC5[C@]4(CCC6[C@@]5(CC[C@@H]([C@@]6(C)CO)O[C@H]7[C@@H]([C@H]([C@@H]([C@H](O7)C(=O)O)O)O)O[C@H]8[C@@H]([C@H]([C@@H]([C@H](O8)CO)O)O)O)C)C)C3CC2(C)C)C)O)CO)OC(=O)C)C,2.4099999999999997
820,821,biotree,212.4,C[C@]12CC[C@@H](C(C1CC[C@@]3(C2CC=C4[C@]3(CC[C@@]5([C@H]4CC(CC5)(C)C)C(=O)O)C)C)(C)C)OC6C(C(C(C(O6)C(=O)O)O)OC(C(C(=O)O)O)OCC(=O)O)O,3.54
821,822,biotree,171.6,COC1=C(C=CC(=C1)C(=O)OC2=CC(=CC(=C2CC(=O)O)O)O[C@H]3[C@@H]([C@H]([C@@H]([C@H](O3)CO)O)O)O)O,2.86
822,823,biotree,141.0,C[C@@H]1CC[C@@]2(CC[C@@]3(C(=CCC4[C@]3(CCC5[C@@]4(C[C@H]([C@H]([C@]5(C)C(=O)O)O)O)C)C)[C@@H]2[C@]1(C)O)C)C(=O)O,2.35
823,824,biotree,171.6,C[C@H]1[C@@H]([C@H]([C@H]([C@@H](O1)O[C@@H]2[C@H](O[C@H]([C@@H]([C@H]2O)O)OC[C@@H]3[C@H]([C@@H]([C@H]([C@@H](O3)OC(=O)[C@]45CCC(=C)C[C@H]4C6=CCC7[C@]8(CC[C@@H](C(C8CC[C@]7([C@@]6(CC5)C)C)(C)C)O[C@H]9[C@@H]([C@H]([C@H](CO9)O)O)O)C)O)O)O)CO)O)O)O,2.86
824,825,biotree,179.4,COC1=CC(=CC(=C1O[C@H]2[C@@H]([C@H]([C@@H]([C@H](O2)CO[C@H]3[C@@H]([C@H]([C@@H]([C@H](O3)CO)O)O)O)O)O)O)OC)/C=C/CO,2.99
825,826,biotree,180.6,C1=CC(=CC=C1C2=CC(=O)C3=C(O2)C(=C(C=C3O)O)C4C(C(C(C(O4)CO)O)O)OC5C(C(C(C(O5)CO)O)O)O)O,3.01
826,827,biotree,125.4,C[C@@H]1[C@@H]([C@@H]([C@@H]([C@@H](O1)O[C@H]2C[C@H]([C@@]3(C4[C@@H](C[C@@]5([C@H](CC[C@@]5(C4CC[C@@]3(C2)O)O)C6=CC(=O)OC6)C)O)CO)O)O)O)O,2.0900000000000003
827,828,biotree,202.8,C1C(C(C(C(O1)C2=C3C(=C(C(=C2O)C4C(C(C(C(O4)CO)O)O)O)O)C(=O)C=C(O3)C5=CC=C(C=C5)O)O)O)O,3.3800000000000003
828,829,biotree,127.2,CCCCC/C=C\C/C=C\CCCCCCCC(=O)OCC(COP(=O)(O)OCC[N+](C)(C)C)O,2.12
829,830,biotree,155.4,C1[C@@]([C@H]([C@@H](O1)OC[C@@H]2[C@H]([C@@H]([C@H]([C@@H](O2)C3=C(C=CC4=C3OC=C(C4=O)C5=CC=C(C=C5)O)O)O)O)O)O)(CO)O,2.5900000000000003
830,831,biotree,208.8,C[C@@]12CCC3[C@@](C1CC=C4[C@]2(CC[C@@]5([C@H]4CC(=C)CC5)C(=O)O[C@H]6[C@@H]([C@H]([C@@H]([C@H](O6)CO)O)O)O)C)(C[C@H]([C@H]([C@@]3(C)C(=O)O)O[C@H]7[C@@H]([C@H]([C@@H]([C@H](O7)C(=O)O)O)O)O)O)C,3.48
831,832,biotree,181.2,C[C@H]1[C@@H]([C@H]([C@H]([C@@H](O1)OC[C@@H]2[C@H]([C@@H]([C@H]([C@@H](O2)OC3=CC(=C4C(=O)C[C@@H](OC4=C3)C5=CC=C(C=C5)O[C@H]6[C@@H]([C@H]([C@@H]([C@H](O6)CO)O)O)O)O)O)O)O)O)O)O,3.02
832,833,biotree,187.2,CCCCCC(CC(CC(=O)OC(CCCCC)CC(CC(=O)OC(CCCCC)CC(CC(=O)O)OC1C(C(C(C(O1)CO)O)O)O)OC2C(C(C(C(O2)CO)O)O)O)O)OC3C(C(C(C(O3)CO)O)O)O,3.1199999999999997
833,834,biotree,168.6,C[C@H]1[C@@H]([C@H]([C@H]([C@@H](O1)O[C@@H]2[C@H](O[C@H]([C@@H]([C@H]2O)O)OC[C@@H]3[C@H]([C@@H]([C@H]([C@@H](O3)OC(=O)[C@]45CCC(=C)C[C@H]4C6=CCC7[C@]8(CC[C@@H](C(C8CC[C@]7([C@@]6(CC5)C)C)(C)C)O[C@H]9[C@@H]([C@H]([C@H](CO9)O)O)O[C@H]1[C@@H]([C@@H]([C@H]([C@@H](O1)C)O)O)O)C)O)O)O)COC(=O)C)O)O)O,2.81
834,835,biotree,174.6,C1C(C(C(C(O1)C2=C3C(=C(C(=C2O)C4C(C(C(C(O4)CO)O)O)O)O)C(=O)C=C(O3)C5=CC=CC=C5)O)O)O,2.9099999999999997
835,836,biotree,126.0,C[C@H]1[C@@H]([C@H]([C@H]([C@@H](O1)OC[C@@H]2[C@H]([C@@H]([C@H]([C@@H](O2)OC3=CC(=C4C=CC(=O)OC4=C3)O)O)O)O)O)O)O,2.1
836,837,biotree,187.8,C[C@H]1[C@@H]([C@H]([C@H]([C@@H](O1)O[C@@H]2[C@H]([C@H](CO[C@H]2O[C@H]3CC[C@]4(C(C3(C)C)CC[C@@]5(C4CC=C6[C@]5(CC[C@](C6C(=O)C)(CCC(C)O)C(=O)O)C)C)C)O)O[C@H]7[C@@H]([C@H]([C@@H]([C@H](O7)CO)O)O)O)O)O)O,3.1300000000000003
837,838,biotree,179.4,C[C@@H]1CC[C@@]2(CC[C@@]3(C(=CCC4[C@]3(CCC5[C@@]4(CC[C@@H](C5(C)C)O[C@H]6[C@@H]([C@H]([C@@H]([C@H](O6)C(=O)O)O)O)O[C@H]7[C@@H]([C@H]([C@H](CO7)O)O)O)C)C)[C@@H]2[C@]1(C)O)C)C(=O)O[C@H]8[C@@H]([C@H]([C@@H]([C@H](O8)CO)O)O)O,2.99
838,839,biotree,165.0,COC1=C(C=C2C(=C1)C=C(C(=O)O2)OC3=CC(=C(C=C3)CCC(=O)O)O[C@H]4[C@@H]([C@H]([C@@H]([C@H](O4)CO)O)O)O)O,2.75
839,840,biotree,177.0,CC(=CCCC1(C2CCC(C3C2C4=C(O1)C=C5C(=C4O3)CN(C5=O)C(CCC(=O)O)C(=O)O)(CO)O)C)C,2.95
840,841,biotree,168.0,C[C@H]1[C@@H]([C@H]([C@H]([C@@H](O1)O[C@@H]2[C@H]([C@@H]([C@H](O[C@H]2C3=C(C4=C(C=C3O)OC(=CC4=O)C5=CC=C(C=C5)O)O)CO)O)O)O)O)O,2.8
841,842,biotree,177.0,CC1CCC2[C@@](C13CC4=C(C=C5C(=C4O3)CN(C5=O)C(CCC(=O)O)C(=O)O)O)(CC[C@@H](C2(C)C)O)C,2.95
842,843,biotree,124.8,COC1=CC(=CC(=C1O)OC)/C=C/C(=O)O[C@H]2[C@@H]([C@H](O[C@@]2(CO)O[C@@H]3[C@@H]([C@H]([C@@H]([C@H](O3)CO)O)O)O)CO)O,2.08
843,844,biotree,177.6,C[C@@]1(CC[C@@]2(CC[C@@]3(C(=CCC4[C@]3(CCC5[C@@]4(C[C@@H]([C@@H]([C@@]5(C)CO)O[C@H]6[C@@H]([C@H]([C@@H](CO6)O[C@H]7[C@@H]([C@H]([C@@H]([C@H](O7)CO)O)O)O)O)O)O)C)C)[C@@H]2C1)C)C(=O)O[C@H]8[C@@H]([C@H]([C@@H]([C@H](O8)CO)O)O)O)C(=O)OC,2.96
844,845,biotree,187.2,C[C@H]1[C@@H]([C@H]([C@H]([C@@H](O1)O[C@@H]2[C@H]([C@H](CO[C@H]2O[C@H]3CC[C@]4(C(C3(C)C)CC[C@@]5(C4CC=C6[C@]5(CC[C@@]7([C@H]6C[C@](CC7)(C)CO)C(=O)O[C@H]8[C@@H]([C@H]([C@@H]([C@H](O8)CO[C@H]9[C@@H]([C@H]([C@@H]([C@H](O9)CO)O)O)O)O)O)O)C)C)C)O)O)O)O)O,3.1199999999999997
845,846,biotree,124.2,C[C@H]1[C@@H]([C@H]([C@H]([C@@H](O1)OC2=CC(=C3C(=C2)OC(=C(C3=O)O[C@H]4[C@@H]([C@H]([C@@H]([C@H](O4)CO)O)O)O)C5=CC=C(C=C5)O)O)O)O)O,2.07
846,847,biotree,171.0,CC#C[C@]1(CCC2C(C1CC(=O)O)CC=C3[C@@]2(CC[C@@H](C3)O[C@H]4[C@@H]([C@H]([C@@H]([C@H](O4)CO)O)O)O[C@H]5[C@@H]([C@@H]([C@H]([C@@H](O5)C)O)O)O)C)C,2.85
847,848,biotree,143.4,COC(=O)C[C@@H]\1C(=CO[C@H](/C1=C\COC(=O)/C=C/C2=CC=C(C=C2)O)O[C@H]3[C@@H]([C@H]([C@@H]([C@H](O3)CO)O)O)O)C(=O)O,2.39
848,849,biotree,126.0,COC1=C(C=CC(=C1)/C=C/C(=O)O[C@H]2[C@@H]([C@H](O[C@@]2(CO)O[C@@H]3[C@@H]([C@H]([C@@H]([C@H](O3)CO)O)O)O)CO)O)O,2.1
849,850,biotree,145.2,CC(=CCC/C(=C/CC/C(=C/COC1=C(C=C2C(=C1O)CN(C2=O)C(CCC(=O)O)C(=O)O)O)/C)/C)C,2.42
850,851,biotree,147.0,COC1=C(C=C(C=C1)C23CCNC2CC45C(=C3)C6CC(O4)(CC7C6(CCN57)C8=CC(=C(C=C8)OC)OC)O)OC,2.45
851,852,biotree,214.8,CC(=O)NC(CSCC(=O)C12CC(CC1C=C(C2CC(=O)O)C(=O)O)(C)C)C(=O)O,3.58
852,853,biotree,168.0,C[C@@]1(CC[C@@]2(CC[C@@]3(C(=CCC4[C@]3(CCC5[C@@]4(CC[C@@H]([C@@]5(C)CO)O[C@H]6[C@@H]([C@H]([C@@H](CO6)O[C@H]7[C@@H]([C@H]([C@@H]([C@H](O7)CO)O)O)O)O)O)C)C)[C@@H]2C1)C)C(=O)O[C@H]8[C@@H]([C@H]([C@@H]([C@H](O8)CO)O)O)O)C(=O)OC,2.8
853,854,biotree,210.6,C[C@H]1[C@@H]([C@H]([C@H]([C@@H](O1)O[C@@H]2[C@H]([C@H](CO[C@H]2OC(=O)[C@]34CCC(C[C@H]3C5=CCC6[C@]([C@@]5(C[C@H]4O)C)(CCC7[C@@]6(C[C@@H]([C@@H]([C@@]7(C)CO)O[C@H]8[C@@H]([C@H]([C@@H]([C@H](O8)CO)O)O)O[C@H]9[C@@H]([C@H]([C@@H]([C@H](O9)CO)O)O)O)O)C)C)(C)C)O)O)O)O[C@H]1[C@@H]([C@H]([C@@H](CO1)O)O)O)OC(=O)CC(C)(CC(=O)O)O,3.51
854,855,biotree,189.0,CC1CCC2(CCC3(C(=CCC4C3(CCC5C4(CCC(C5(C)COS(=O)(=O)O)OC6C(C(C(C(O6)C(=O)O)O)O)O)C)C)C2C1(C)O)C)C(=O)OC7C(C(C(C(O7)CO)O)O)O,3.15
855,856,biotree,180.6,CC1CCC2(CCC3(C(=CCC4C3(CCC5C4(CC(C(C5(C)C(=O)O)O)O)C)C)C2C1(C)O)C)C(=O)OC6C(C(C(C(O6)CO)O)O)O,3.01
856,857,biotree,168.0,C[C@]12CC[C@@H](C(C1CC[C@@]3(C2CC=C4[C@]3(CC[C@@]5([C@H]4CC(CC5)(C)C)C(=O)O[C@H]6[C@@H]([C@H]([C@@H]([C@H](O6)CO)O)O)O)C)C)(C)C)O[C@H]7[C@@H]([C@H]([C@@H]([C@H](O7)C(=O)O)O)O)O[C@H]8[C@@H]([C@H]([C@H](CO8)O)O)O,2.8
857,858,biotree,157.8,C/C=C/1\[C@@H](C(=CO[C@H]1O[C@H]2[C@@H]([C@H]([C@@H]([C@H](O2)CO)O)O)O)C(=O)OC)CC(=O)O[C@H]3[C@@H]([C@H]([C@@H]([C@H](O3)CO)O)O)O,2.6300000000000003
858,859,biotree,172.8,C[C@@H]1CCC2[C@@]([C@@]13CC4=C(C=C5C(=C4O3)CN(C5=O)[C@@H](CCC(=O)O)C(=O)O)O)(CC[C@H](C2(C)C)O)C,2.8800000000000003
859,860,biotree,162.0,CC(C(CCCCCCCCCCCCCCC(C(C)OC1C(C(C(C(O1)CO)O)O)O)O)O)N,2.7
860,861,biotree,194.4,COC1=C(C=CC(=C1)C2=C(C(=O)C3=C(O2)C=C(C(=C3O)OC)O)O[C@H]4[C@@H]([C@H]([C@@H]([C@H](O4)CO[C@H]5[C@@H]([C@H]([C@@H]([C@H](O5)CO)O)O)O)O)O)O)O,3.24
861,862,biotree,199.8,C[C@H]1[C@@H]([C@H]([C@H]([C@@H](O1)O[C@@H]2[C@H]([C@H](CO[C@H]2O[C@H]3CC[C@]4(C(C3(C)C)CC[C@@]5(C4CC=C6[C@]5(CC[C@@]7([C@H]6C[C@](CC7)(C)C(=O)O)C(=O)O[C@H]8[C@@H]([C@H]([C@@H]([C@H](O8)CO[C@H]9[C@@H]([C@H]([C@@H]([C@H](O9)COC(=O)C)O)O)O)O)O)O)C)C)C)O)O)O)O)O,3.33
862,863,biotree,209.4,C1=CC(=CC=C1C2=CC(=O)C3=C(C(=C(C(=C3O2)C4C(C(C(C(O4)CO)O)O)O)O)C5C(C(C(C(O5)CO)O)O)O)O)O,3.49
863,864,biotree,171.6,CC(=C)C1CCC2(C1C3CCC4C5(CCC(C(C5CCC4(C3(CC2)C(=O)O)C)(C)C(=O)O)O)C)C(=O)O,2.86
864,865,biotree,171.6,CC1CCC2[C@@](C13CC4=C(C=C5C(=C4O3)CN(C5=O)C(CCC(=O)O)C(=O)O)O)(CC[C@H](C2(C)C)O)C,2.86
865,866,biotree,155.4,C1=CC(=CC=C1C(=O)OC[C@@H]2[C@H]([C@@H]([C@H]([C@H](O2)O[C@]3([C@H]([C@@H]([C@H](O3)CO)O)O)CO)O)O)O)O,2.5900000000000003
866,867,biotree,151.2,C[C@]1([C@@H]2[C@H]([C@@H]([C@@H]1O)O)C(=CO[C@H]2O[C@H]3[C@@H]([C@H]([C@@H]([C@H](O3)CO)O)O)O)C(=O)OC)O,2.52
867,868,biotree,143.4,COC1=C(C=CC2=C1OC3=C(C2=O)C(=C(C(=C3)O)[C@H]4[C@@H]([C@H]([C@@H]([C@H](O4)CO)O)O)O)O)O,2.39
868,869,biotree,160.2,C1=CC=C(C=C1)CO[C@H]2[C@@H]([C@H]([C@@H]([C@H](O2)CO[C@H]3[C@@H]([C@H]([C@@H]([C@H](O3)CO)O)O)O)O)O)O,2.67
869,870,biotree,150.0,COC(=O)C1=CO[C@H]([C@H]2[C@@H]1C([C@@H]([C@@H]2CO)O)O)O[C@H]3[C@@H]([C@H]([C@@H]([C@H](O3)CO)O)O)O,2.5
870,871,biotree,153.0,CC1=C(C(=O)C=CO1)O[C@H]2[C@@H]([C@H]([C@@H]([C@H](O2)CO[C@H]3[C@@H]([C@](CO3)(CO)O)O)O)O)O,2.55
871,872,biotree,126.0,CC(/C=C/C1(C(CC(CC1(C)O)O)(C)C)O)OC2C(C(C(C(O2)CO)O)O)O,2.1
872,873,biotree,145.8,CC(C)(C1CCC(=CC1)C(=O)OCC2C(C(C(C(O2)OC3=C(C=C(C=C3O)C(=O)O)O)O)O)O)O,2.43
873,874,biotree,121.8,COC1=C(C=C2C(=C1)C=CC(=O)O2)O[C@H]3[C@@H]([C@H]([C@@H]([C@H](O3)CO[C@H]4[C@@H]([C@](CO4)(CO)O)O)O)O)O,2.03
874,875,biotree,169.2,C[C@@]1([C@H](C[C@]2([C@@H]1[C@@H](OC=C2C(=O)OC)O[C@H]3[C@@H]([C@H]([C@@H]([C@H](O3)CO)O)O)O)O)O)O,2.82
875,876,biotree,156.6,CCC(C)C(=O)OC[C@@H]1[C@H]([C@@H]([C@H]([C@H](O1)O[C@@H]2[C@@H]([C@H]([C@@H]([C@H](O2)CO)O)O)O)O)O)O,2.61
876,877,biotree,184.8,C1[C@@]([C@H]([C@@H](O1)OC[C@@H]2[C@H]([C@@H]([C@H]([C@@H](O2)OC3=C(C=C4C=COC4=C3)CCC(=O)O)O)O)O)O)(CO)O,3.08
877,878,biotree,147.0,C1=CO[C@H]([C@H]2[C@@H]1[C@@H]([C@H]3[C@@]2(O3)CO)OC(=O)C4=CC(=C(C=C4)O)O)O[C@H]5[C@@H]([C@H]([C@@H]([C@H](O5)CO)O)O)O,2.45
878,879,biotree,146.4,C/C(=C\CCC(C)(C=C)O)/CO[C@H]1[C@@H]([C@H]([C@@H]([C@H](O1)CO[C@H]2[C@@H]([C@H]([C@H](CO2)O)O)O)O)O)O,2.44
879,880,biotree,168.0,C[C@H]1[C@@H]([C@H]([C@H]([C@@H](O1)O[C@@]23C=CO[C@H]([C@@H]2C(=CC3=O)C)O[C@H]4[C@@H]([C@H]([C@@H]([C@H](O4)CO)O)O)O)O)O)O,2.8
880,881,biotree,196.8,C[C@H]1[C@@H]([C@H]([C@H]([C@@H](O1)O[C@H]2[C@@H]([C@H](O[C@H]([C@@H]2O)OCCC3=CC(=C(C=C3)O)O)CO)O)O)O)O,3.2800000000000002
881,882,biotree,222.6,CC(C/C=C/CC(C)C(=O)O)C(CC(=O)O)O[C@H]1[C@@H]([C@H]([C@@H]([C@H](O1)CO)O)O)O,3.71
882,883,biotree,121.2,C[C@H]1[C@@H]([C@H]([C@H]([C@@H](O1)OC[C@@H]2[C@H]([C@@H]([C@H]([C@@H](O2)OC3=C(C=C4C=CC(=O)OC4=C3)OC)O)O)O)O)O)O,2.02
883,884,biotree,154.8,CCC1CN(C2CC1CC3C4=CC(=C(C=C4CCN3CCC5=CC(=C(C=C25)OC)OC)OC)OC)O,2.58
884,885,biotree,121.8,C=C[C@@H]1[C@@H]2CCOC(=O)C2=CO[C@H]1O[C@H]3[C@@H]([C@H]([C@@H]([C@H](O3)CO[C@H]4[C@@H]([C@](CO4)(CO)O)O)O)O)O,2.03
885,886,biotree,144.6,COC1=C(C=CC(=C1)CC=C)O[C@H]2[C@@H]([C@H]([C@@H]([C@H](O2)CO[C@H]3[C@@H]([C@H]([C@@H]([C@H](O3)CO)O)O)O)O)O)O,2.4099999999999997
886,887,biotree,144.6,C1[C@H]([C@@H]([C@H]([C@@H](O1)OC[C@@H]2[C@H]([C@@H]([C@H]([C@@H](O2)OC3=CC4=C(C=C3)C=CC(=O)O4)O)O)O)O)O)O,2.4099999999999997
887,888,biotree,294.0,C1=CC(=C(C=C1C2=C(C(=O)C3=C(C=C(C=C3O2)O)O)O)O[C@H]4[C@@H]([C@H]([C@@H]([C@H](O4)C(=O)O)O)O)O)O,4.9
888,889,biotree,125.4,C[C@H]1[C@@H]([C@H]([C@H]([C@@H](O1)OC[C@@H]2[C@H]([C@@H]([C@H]([C@@H](O2)OC3=C(C=C(C=C3)C(=O)C)OC)O)O)O)O)O)O,2.0900000000000003
889,890,biotree,180.0,CC(C/C=C/C=C(\C)/C(=O)OCC(C(C(C(CO)O)O)O)O)C(CC(=O)O)O,3.0
890,891,biotree,222.0,CC(=O)NC(CC1=CC(=C(C=C1)O)C2=C(C=CC(=C2)CC3C(=O)NC(C(=O)N3)CC(=O)O)O)C(=O)O,3.7
891,892,biotree,145.2,CC(=CCCC(=C)CCO[C@H]1[C@@H]([C@H]([C@@H]([C@H](O1)C(=O)O)O)O)O[C@H]2[C@@H]([C@H]([C@@H]([C@H](O2)CO)O)O)O)C,2.42
892,893,biotree,151.8,C=CCC1=CC(=C(C=C1)O[C@H]2[C@@H]([C@H]([C@@H]([C@H](O2)CO[C@H]3[C@@H]([C@H]([C@@H]([C@H](O3)CO)O)O)O)O)O)O)O,2.5300000000000002
893,894,biotree,147.6,C1=CC(=C(C=C1C2=CC(=O)C3=C(O2)C=C(C(=C3O)C4C(C(C(C(O4)CO)O)O)O)O)O)O,2.46
894,895,biotree,195.6,C1C(C(C(C(O1)N2C=C(C3=CC=CC=C32)CC(=O)O)O[C@H]4[C@@H]([C@H]([C@@H]([C@H](O4)CO)O)O)O)O)O,3.26
895,896,biotree,130.2,C1=CC(=C(C=C1[C@H]2[C@@H](C(=O)C3=C(C=C(C=C3O2)O)O)O)O[C@H]4[C@@H]([C@H]([C@@H]([C@H](O4)CO)O)O)O)O,2.17
896,897,biotree,142.2,C[C@@H]1CC[C@@]2(CC[C@@]3(C(=CCC4[C@]3(CCC5[C@@]4(C[C@H]([C@@H]([C@@]5(C)CO)O)O)C)C)C2[C@H]1C)C)C(=O)O,2.3699999999999997
897,898,biotree,140.4,C1=CC(=CC=C1[C@@H]2[C@H](C(=O)C3=C(O2)C=C(C(=C3O)C4[C@@H]([C@H]([C@@H]([C@H](O4)CO)O)O)O)O)O)O,2.3400000000000003
898,899,biotree,171.0,C[C@H]1[C@@H]([C@H]([C@H]([C@@H](O1)OC[C@@H]2[C@@H]([C@@H]([C@H]([C@@H](O2)OC3=C(OC4=CC(=CC(=C4C3=O)O)O)C5=CC(=C(C=C5)O)OC)O[C@H]6[C@@H]([C@@H]([C@H]([C@@H](O6)C)O)O)O)O)O)O)O)O,2.85
899,900,biotree,128.4,C1[C@@]([C@H]([C@@H](O1)O[C@@H]2[C@H]([C@@H]([C@H](O[C@H]2OCCC3=CC=C(C=C3)O)CO)O)O)O)(CO)O,2.14
900,901,biotree,164.4,CC(C)C(=O)OC[C@@H]1[C@H]([C@@H]([C@H]([C@H](O1)O[C@@H]2[C@@H]([C@H]([C@@H]([C@H](O2)CO)O)O)O)O)O)O,2.74
901,902,biotree,170.4,C[C@@]1(CC[C@H]2[C@@H]1[C@@H](OC=C2C(=O)O)O[C@H]3[C@@H]([C@H]([C@@H]([C@H](O3)COC(=O)C4=CC=C(C=C4)O)O)O)O)O,2.8400000000000003
902,903,biotree,163.8,CC1=C(/C(=C\CO[C@H]2[C@@H]([C@H]([C@@H]([C@H](O2)CO)O)O)O)/C(C1)OC(=O)/C=C/C3=CC=C(C=C3)O)C(=O)O,2.73
903,904,biotree,130.8,C1=CC(=CC=C1C2=COC3=CC(=CC(=C3C2=O)O)O)O[C@H]4[C@@H]([C@H]([C@@H]([C@H](O4)C(=O)O)O)O)O,2.18
904,905,biotree,147.0,C1=CC(=CC=C1C2=CC(=O)C3=C(O2)C(=C(C=C3)O)[C@H]4[C@@H]([C@H]([C@@H]([C@H](O4)CO)O)O)O)O,2.45
905,906,biotree,129.0,C1[C@@]([C@H]([C@@H](O1)OC[C@@H]2[C@H]([C@@H]([C@H]([C@@H](O2)OCCC3=CC=C(C=C3)O)O)O)O)O)(CO)O,2.15
906,907,biotree,146.4,CC1=C(C(=O)C=CO1)O[C@H]2[C@@H]([C@H]([C@@H]([C@H](O2)COC(=O)CC(C)(CC(=O)O)O)O)O)O,2.44
907,908,biotree,127.2,CC(=O)O[C@]1(C[C@H]([C@]2([C@@H]1[C@@H](OC=C2)O[C@H]3[C@@H]([C@H]([C@@H]([C@H](O3)CO)O)O)O)O)O)C,2.12
908,909,biotree,136.8,C1[C@@H]([C@@H]([C@H]([C@@H](O1)OC[C@@H]2[C@H]([C@@H]([C@H]([C@@H](O2)OCC3=CC=CC=C3)O)O)O)O)O)O,2.2800000000000002
909,910,biotree,156.0,COC1=C2C(=CC(=C1O[C@H]3[C@@H]([C@H]([C@@H]([C@H](O3)CO)O)O)O)CCC(=O)O)C=CO2,2.6
910,911,biotree,237.0,C=CC1C(C(=COC1OC2C(C(C(C(O2)CO)O)O)O)C(=O)O)CC(=O)O,3.95
911,912,biotree,123.0,CCCC(C(/C=C/C1=C(C2C(CC(O2)C(C)(C)O)(C(C1O)O)O)CO)O)O,2.05
912,913,biotree,130.2,C1=CC2=C(C=C1O)O[C@H](C(=O)N2)O[C@H]3[C@@H]([C@H]([C@@H]([C@H](O3)CO)O)O)O,2.17
913,914,biotree,126.0,C1[C@H]([C@@H]([C@H]([C@@H](O1)OC[C@@H]2[C@H]([C@@H]([C@H]([C@@H](O2)OCC3=CC=CC=C3)O)O)O)O)O)O,2.1
914,915,biotree,125.4,C/C(=C\CO[C@H]1[C@@H]([C@H]([C@@H]([C@H](O1)CO)O)O)O)/C(CCC(C)(C)O)O,2.0900000000000003
915,916,biotree,172.8,CC1(CC(C2(C1C(OC=C2)O[C@H]3[C@@H]([C@H]([C@@H]([C@H](O3)CO)O)O)O)O)O)O,2.8800000000000003
916,917,biotree,186.6,CC1CC(CC(C1(/C=C/C(C(=O)O)O)O)(C)C)OC(=O)CC(C)(CC(=O)O)O,3.11
917,918,biotree,126.0,CCCCCCOC1C(C(C(C(O1)COC2C(C(C(CO2)O)O)O)O)O)O,2.1
918,919,biotree,172.8,C[C@@H](C([C@H](C)O)(C(=O)OCC1=CC=CC=C1NC(=O)CCC(C(=O)O)N)O)O,2.8800000000000003
919,920,biotree,126.0,COC(=O)C1=COC(C2C1C(C=C2CO)O)OC3C(C(C(C(O3)CO)O)O)O,2.1
920,921,biotree,171.6,C1=CC(=C(C(=C1)O[C@H]2[C@@H]([C@H]([C@@H]([C@H](O2)CO)O)O)O)O)CCC(=O)O,2.86
921,922,biotree,139.2,C1=CC=C(C=C1)/C=C(/C(=O)O)\O[C@H]2[C@@H]([C@H]([C@@H]([C@H](O2)CO)O)O)O,2.32
922,923,biotree,141.0,CC(=O)NC(CCC(=O)O)C(=O)NCCC1=CC=C(C=C1)O,2.35
923,924,biotree,147.6,CS(=O)C[C@@H]1[C@H]([C@H]([C@@H](O1)N2C=NC3=C(N=CN=C32)N)O)O,2.46
924,925,biotree,139.2,C[C@H]1[C@@H]([C@H]([C@H]([C@@H](O1)OC[C@@H]2[C@H]([C@@H]([C@H]([C@@H](O2)OC3=C(OC4=CC(=CC(=C4C3=O)O)OC)C5=CC(=C(C=C5)O)O)O)O)O)O)O)O,2.32
925,926,biotree,199.8,CC(C(C12CC1CC=CC2=O)O)NC(=O)C(CC(C(=O)O)O)N,3.33
926,927,biotree,149.4,CC12CCC(C1CCC3C2(CCC4C3(CCC(C4(C)CO)O[C@H]5[C@@H]([C@H]([C@@H]([C@H](O5)CO[C@H]6[C@@H]([C@H]([C@@H]([C@H](O6)CO)O)O)O)O)O)O)C)C)C7(CCC(O7)C(C)(C)O)C,2.49
927,928,biotree,129.6,CC(=CC1C(C(CO1)C2CCC3(C2(CCC45C3CCC6C4(C5)CCC(C6(C)C)OC7C(C(C(C(O7)CO)O)O)OC8C(C(C(C(O8)CO)O)O)O)C)C)O)C,2.1599999999999997
928,929,biotree,139.2,CC(C(=O)NC1=CC=CC=C1C(=O)N)NC(=O)CC(=O)O,2.32
929,930,biotree,171.6,CC(=O)NC1C(C(C(OC1OC2CCC3(C(C2(C)C)CCC4(C3CC=C5C4(CCC6(C5CC(CC6)(C)C)C(=O)OC7C(C(C(C(O7)CO)O)O)O)C)C)C)COC8C(C(C(CO8)O)O)OC9C(C(C(CO9)O)O)O)O)O,2.86
930,931,biotree,145.2,CCCCCCC1=C(C(=O)N(C1=O)C(CCC(=O)O)C(=O)O)C,2.42
931,932,biotree,120.6,CC(CC(=O)CC12COC3(C1CC2CC3)CO)C(=O)O,2.01
932,933,biotree,199.2,C1=CC(=CC=C1CC(=O)O)O[C@H]2[C@@H]([C@H]([C@@H]([C@H](O2)CO)O)O)O,3.32
933,934,biotree,195.6,C[C@H]1[C@@H]([C@H]([C@H]([C@@H](O1)O[C@@H]2[C@H](O[C@H]([C@@H]([C@H]2O)O)OC[C@@H]3[C@H]([C@@H]([C@H]([C@@H](O3)OC(=O)[C@@]45CC[C@@]6(C(=CCC7[C@]6(CCC8[C@@]7(CC[C@@H](C8(C)C)O[C@H]9[C@@H]([C@H]([C@H](CO9)O)O[C@H]1[C@@H]([C@H]([C@@H]([C@H](O1)CO)O)O)O)O)C)C)[C@@H]4CC(CC5)(C)C)C)O)O)O)CO)O)O)O,3.26
934,935,biotree,207.0,C[C@]12CC[C@@H](C(C1CC[C@@]3(C2CC=C4[C@]3(CC[C@@]5([C@H]4CC(CC5)(C)C)C(=O)O[C@@H]6[C@@H]([C@H]([C@@H]([C@H](O6)CO)O)O)O)C)C)(C)C)O[C@H]7[C@@H]([C@H]([C@@H]([C@H](O7)C(=O)O)O)OC(C(C(=O)O)O)OCC(=O)O)O,3.45
935,936,biotree,163.2,C[C@H]1[C@H]([C@@H]([C@H]([C@H](O1)O[C@H]2CC[C@]3([C@H](C2)CC[C@@H]4C3CC[C@]5([C@@]4(CC[C@@H]5C6=CC(=O)OC6)O)C)C=O)O)OC)O[C@H]7[C@@H]([C@H]([C@@H]([C@H](O7)CO[C@H]8[C@@H]([C@H]([C@@H]([C@H](O8)CO)O)O)O)O)O)O,2.7199999999999998
936,937,biotree,153.0,C[C@@H]1CC[C@@]2([C@H]([C@H]3[C@@H](O2)CC4[C@@]3(CCC5C4CC=C6[C@@]5(CC[C@@H](C6)O[C@H]7[C@@H]([C@H]([C@@H]([C@H](O7)CO)O[C@H]8[C@@H]([C@@H]([C@H]([C@@H](O8)C)O)O)O)O)O[C@H]9[C@@H]([C@@H]([C@H]([C@@H](O9)C)O[C@H]2[C@@H]([C@@H]([C@H]([C@@H](O2)C)O)O)O)O)O)C)C)C)OC1,2.55
937,938,biotree,211.8,C[C@]12CC[C@@H]([C@@](C1CC[C@@]3(C2CC=C4[C@]3(C[C@H]([C@@]5([C@H]4CC(CC5)(C)C)C(=O)O)O)C)C)(C)C=O)O[C@H]6[C@@H]([C@H]([C@@H]([C@H](O6)C(=O)O)O)O[C@H]7[C@@H]([C@H]([C@@H](CO7)O)O)O)O[C@H]8[C@@H]([C@H]([C@H]([C@H](O8)CO)O)O)O,3.5300000000000002
938,939,biotree,187.2,C[C@H]1[C@@H]([C@H]([C@H]([C@@H](O1)O[C@@H]2[C@H]([C@@H]([C@H](O[C@H]2OC3CC4CCC5C(C4(CC3O)C)CCC6(C5CC7C6C(C(O7)(CCC(C)CO[C@H]8[C@@H]([C@H]([C@@H]([C@H](O8)CO)O)O)O)O)C)C)CO)O)O)O)O)O,3.1199999999999997
939,940,biotree,176.4,C[C@H]1[C@H]2[C@H](CC3[C@@]2(CCC4C3CC=C5[C@@]4(CC[C@@H](C5)O[C@H]6[C@@H]([C@H]([C@H]([C@H](O6)CO)O)O[C@H]7[C@@H]([C@H]([C@@H]([C@H](O7)CO)O)O)O)O[C@H]8[C@@H]([C@@H]([C@H]([C@@H](O8)C)O)O)O)C)C)O[C@]19CCC(CN9)C,2.94
940,941,biotree,172.8,C[C@]12CC[C@@H]([C@@](C1CC[C@@]3(C2CC=C4[C@]3(C[C@H]([C@@]5([C@H]4CC(CC5)(C)C)C(=O)O[C@H]6[C@@H]([C@H]([C@@H]([C@H](O6)CO)O)O)O)O)C)C)(C)C(=O)O)O[C@H]7[C@@H]([C@H]([C@@H](CO7)O)O)O,2.8800000000000003
941,942,biotree,171.0,C[C@@H]1[C@@H]([C@@H]([C@H]([C@@H](O1)OC[C@@H]2[C@H]([C@@H]([C@H]([C@@H](O2)O[C@H]3CC[C@]4(C(C3(C)C)CC[C@@]5(C4CC=C6[C@]5(CC([C@@]7(C6CC(CC7)(C)C)C(=O)O)O)C)C)C)NC(=O)C)O)O)O[C@H]8[C@@H]([C@H]([C@@H](CO8)O)O)O)O)O,2.85
942,943,biotree,159.6,CC1C(C(C(C(O1)OC2C(C(C(OC2OC3C(C(OC(C3O)O[C@H]4CC[C@@]5(C6CC[C@@]7([C@H](CC[C@@]7([C@@H]6CCC5=C4)O)C8=COC(=O)C=C8)C)C)CO)O)CO)O)O)O)O)O,2.6599999999999997
943,944,biotree,208.2,C1=CC(=CC=C1C2=C(C(=O)C3=C(C=C(C=C3O2)O[C@H]4[C@@H]([C@H]([C@@H]([C@H](O4)CO)O)O)O)O)O[C@H]5[C@@H]([C@H]([C@@H]([C@H](O5)CO)O)O)O[C@H]6[C@@H]([C@H]([C@@H]([C@H](O6)CO)O)O)O)O,3.4699999999999998
944,945,biotree,153.0,C[C@H]1[C@@H]([C@H]([C@H]([C@@H](O1)OCC2C(C(C(C(O2)OC3=C(OC4=CC(=CC(=C4C3=O)O)OC)C5=CC=C(C=C5)O)O[C@H]6[C@@H]([C@@H]([C@H]([C@@H](O6)C)O)O)O)O)O)O)O)O,2.55
945,946,biotree,122.4,C[C@@H]1CC[C@@]2(CC[C@@]3(C(=CCC4[C@]3(CCC5[C@@]4(CC[C@@H](C5(C)C)O[C@H]6[C@@H]([C@H]([C@@H]([C@H](O6)CO)O)O)O)C)C)[C@@H]2[C@H]1C)C(=O)O)C(=O)O,2.04
946,947,biotree,178.8,CC1C(C(C(C(O1)OC2C(C(C(OC2OC3CCC4C(=CCC5C4(C(=O)CC6(C5(CCC6C(C)(CCC(C(C)(C)OC7C(C(C(C(O7)CO)O)O)O)O)O)C)C)C)C3(C)C)CO)O)O)O)O)O,2.98
947,948,biotree,183.0,C[C@H]1[C@@H]([C@H]([C@H]([C@@H](O1)O[C@@H]2[C@H]([C@@H]([C@H](O[C@H]2O[C@@]34CC[C@H]5[C@@]6(CCC[C@@]([C@H]6CC[C@]5(C3)CC4=C)(C)C(=O)O[C@H]7[C@@H]([C@H]([C@@H]([C@H](O7)CO)O)O)O)C)CO)O)O[C@H]8[C@@H]([C@H]([C@@H]([C@H](O8)CO)O)O)O)O)O)O,3.05
948,949,biotree,217.2,COC1=CC(=C(C=C1)C2C(C(C2C(=O)O)C(=O)O)C3=C(C=C(C=C3)OC)O[C@H]4[C@@H]([C@H]([C@@H]([C@H](O4)CO)O)O)O)O[C@H]5[C@@H]([C@H]([C@@H]([C@H](O5)CO)O)O)O,3.6199999999999997
949,950,biotree,145.8,CCCCCCCCC(C(CC(=O)O)O)C(=O)O,2.43
950,951,biotree,181.2,C[C@H]1[C@@H]([C@H]([C@H]([C@@H](O1)O[C@@H]2CO[C@H]([C@@H]([C@H]2O[C@H]3[C@@H]([C@H]([C@@H]([C@H](O3)CO)O)O)O)O)O[C@H]4CC[C@]5(C([C@]4(C)CO)CC[C@@]6(C5CC=C7[C@]6(CC[C@@]8([C@H]7CC(CC8)(C)C)C(=O)O[C@H]9[C@@H]([C@H]([C@@H]([C@H](O9)CO)O)O)O)C)C)C)O)O)O,3.02
951,952,biotree,175.8,C[C@@H]1CC[C@@]2(CC[C@@]3(C(=CCC4[C@]3(CCC5[C@@]4(C[C@H]([C@@H]([C@@]5(C)CO)O)O)C)C)C2[C@H]1C)C)C(=O)O[C@H]6[C@@H]([C@H]([C@@H]([C@H](O6)CO[C@H]7[C@@H]([C@H]([C@@H]([C@H](O7)CO)O[C@H]8[C@@H]([C@@H]([C@H]([C@@H](O8)C)O)O)O)O)O)O)O)O,2.93
952,953,biotree,193.8,C[C@H]1[C@@H]([C@H]([C@H]([C@@H](O1)O[C@H]2[C@@H]([C@H](O[C@H]([C@@H]2O[C@H]3[C@@H]([C@H]([C@@H]([C@H](O3)CO)O)O)O)O[C@H]4CC[C@]5(C(C4(C)C)CC[C@@]6(C5CC=C7[C@]6(CC[C@@]8(C7CC(CC8)(C)C)C(=O)O)C)C)C)C(=O)O)O)O)O)O,3.23
953,954,biotree,170.4,C[C@H]1[C@@H]([C@H]([C@H]([C@@H](O1)O[C@@H]2[C@H]([C@@H](CO[C@H]2O[C@@H]3[C@H]([C@@H]([C@H](O[C@H]3O[C@H]4CC[C@]5(C(C4(C)C)CC[C@@]6(C5CC=C7[C@]6(CC[C@@]8(C7CC(C[C@H]8O)(C)C)C)C)C)C=O)C(=O)O)O)O)O)O)O)O)O,2.8400000000000003
954,955,biotree,136.2,CC(=CCCC(C)([C@H]1CC[C@@]2([C@@H]1[C@@H](CC3[C@]2(CC[C@@H]4[C@@]3(CC[C@@H](C4(C)C)O[C@H]5[C@@H]([C@H]([C@@H]([C@H](O5)CO)O)O)O[C@H]6[C@@H]([C@H]([C@@H]([C@H](O6)CO)O)O)O)C)C)O)C)O)C,2.27
955,956,biotree,162.0,COC1=CC(=CC(=C1O[C@H]2[C@@H]([C@H]([C@@H]([C@H](O2)CO)O)O)O)OC)[C@H]3[C@H]4CO[C@H]([C@H]4CO3)C5=CC(=C(C(=C5)OC)O[C@H]6[C@@H]([C@H]([C@@H]([C@H](O6)CO)O)O)O)OC,2.7
956,957,biotree,140.4,CC1(CCC2C(=C1)C(=O)CC3C2(CCCC3(C)C(=O)O)C)CCOC4C(C(C(C(O4)CO)O)O)O,2.3400000000000003
957,958,biotree,195.0,C[C@]12CC[C@@H](C(C1CC[C@@]3(C2CC=C4[C@]3(CC[C@@]5(C4CC(CC5)(C)C)C(=O)O[C@H]6[C@@H]([C@H]([C@@H]([C@H](O6)CO)O)O)O)C)C)(C)C)O[C@H]7[C@@H]([C@H]([C@@H]([C@H](O7)C(=O)O)O[C@H]8[C@@H]([C@H]([C@@H]([C@H](O8)CO)O)O)O)O)O[C@H]9[C@@H]([C@H]([C@@H]([C@H](O9)CO)O)O)O,3.25
958,959,biotree,176.4,C[C@]12CC[C@@H](C(C1CC[C@@]3(C2CC=C4[C@]3(CC[C@@]5(C4CC(CC5)(C)C)C(=O)OC6C(C(C(C(O6)CO)O)O)O)C)C)(C)C)OC7C(C(C(C(O7)C(=O)O)O)OC8C(C(C(C(O8)CO)O)O)O)O,2.94
959,960,biotree,195.0,C[C@H]1[C@@H]([C@H]([C@H]([C@@H](O1)O[C@@H]2[C@H]([C@H]([C@H](O[C@H]2O[C@@H]3[C@H]([C@@H]([C@H](O[C@H]3O[C@H]4CC[C@]5(C(C4(C)C)CC[C@@]6(C5CC=C7[C@]6(CC[C@@]8([C@H]7CC(C[C@H]8O)(C)C)C)C)C)C)C(=O)O)O)O)C(=O)O)O)O)O)O)O,3.25
960,961,biotree,166.8,CC1=C(C(=O)O[C@@H](C1)[C@@](C)([C@@]2(CC[C@@]3([C@@]2(CCC4[C@H]3CC=C5[C@@]4(C(=O)CC(C5)O[C@H]6[C@@H]([C@H]([C@@H]([C@H](O6)CO)O[C@H]7[C@@H]([C@H]([C@@H]([C@H](O7)CO)O)O)O)O)O)C)C)O)O)O)C,2.7800000000000002
961,962,biotree,159.6,CC1=C(CC(OC1=O)C(C)C2CCC3C2(CCC4C3CC=C5C4(C(CC(C5)OC6C(C(C(C(O6)COC7C(C(C(C(O7)CO)O)O)O)O)O)O)O)C)C)CO,2.6599999999999997
962,963,biotree,126.6,C[C@]12CC[C@@H]([C@@](C1CC[C@@]3(C2CC=C4[C@]3(CC[C@@]5([C@H]4CC(CC5)(C)C)C(=O)O[C@H]6[C@@H]([C@H]([C@@H]([C@H](O6)CO)O)O)O)C)C)(C)CO)O[C@H]7[C@@H]([C@H]([C@H](CO7)O)O)O,2.11
963,964,biotree,180.6,C[C@H]1[C@@H]([C@H]([C@H]([C@@H](O1)OC[C@@H]2[C@H]([C@@H]([C@H]([C@@H](O2)OC3=CC=C(C=C3)C4CC(=O)C5=C(C=C(C=C5O4)O[C@H]6[C@@H]([C@H]([C@@H]([C@H](O6)CO)O)O)O)O)O)O)O)O)O)O,3.01
964,965,biotree,192.6,C(CCCC(=O)O)CC/C=C/C(=O)O,3.21
965,966,biotree,200.4,CC(=CCC[C@@](C)(C1CC[C@@]2([C@@H]1[C@@H](CC3[C@]2(CC[C@@H]4[C@@]3(CC[C@@H](C4(C)C)O[C@H]5[C@@H]([C@H]([C@@H]([C@H](O5)CO)O)O)O[C@H]6[C@@H]([C@H]([C@@H]([C@H](O6)CO)O)O)O)C)C)O)C)O[C@H]7[C@@H]([C@H]([C@@H]([C@H](O7)CO[C@H]8[C@@H]([C@H]([C@@H]([C@H](O8)CO)O)O)O)O)O)O)C,3.3400000000000003
966,967,biotree,187.2,C[C@H]1[C@@H]([C@H]([C@H]([C@@H](O1)O[C@@H]2[C@H]([C@@H]([C@H](O[C@H]2OC3=C(OC4=CC(=CC(=C4C3=O)O)O[C@H]5[C@@H]([C@H]([C@@H]([C@H](O5)CO)O)O[C@H]6[C@@H]([C@H]([C@@H]([C@H](O6)CO)O)O)O)OC(=O)/C=C/C7=CC=C(C=C7)O)C8=CC=C(C=C8)O)CO)O)O)O)O)O,3.1199999999999997
967,968,biotree,179.4,C[C@]12CC[C@@H](C(C1CC[C@@]3(C2CC=C4[C@]3(CC[C@@]5(C4CC(CC5)(C)C)C(=O)O[C@H]6[C@@H]([C@H]([C@@H]([C@H](O6)CO)O)O)O)C)C)(C)C)O[C@H]7[C@@H]([C@H]([C@@H]([C@H](O7)C(=O)O)O)O[C@H]8[C@@H]([C@H]([C@H]([C@H](O8)CO)O)O)O)O,2.99
968,969,biotree,205.8,COC1=C(C=CC(=C1)C2=CC(=O)C3=C(O2)C=C(C(=C3O)C4C(C(C(C(O4)CO)O)OC5C(C(C(C(O5)CO)O)O)OC6C(C(C(C(O6)CO)O)O)O)OC(=O)/C=C/C7=CC=C(C=C7)O)O)O,3.43
969,970,biotree,148.8,C[C@H]1[C@@H]([C@H]([C@H]([C@@H](O1)O[C@@H]2[C@H]([C@H](CO[C@H]2O[C@H]3CC[C@]4(C([C@]3(C)CO)CC[C@@]5(C4CC=C6[C@]5(CC[C@@]7([C@H]6CC(CC7)(C)C)C(=O)O)C)C)C)O)O)O)O[C@H]8[C@@H]([C@H]([C@@H](CO8)O)O)O)O,2.48
970,971,biotree,145.8,C[C@@]12CCC3[C@@](C1CC=C4[C@]2(CC[C@@]5([C@H]4CC(CC5)(C)C)C(=O)OC6C(C(C(C(O6)CO)O)O)O)C)(C[C@H]([C@@H](C3(C)C)OC7C(C(C(C(O7)C(=O)O)O)O)O)O)C,2.43
971,972,biotree,151.2,C[C@H]1CC[C@@]2([C@H]([C@H]3[C@@H](O2)CC4[C@@]3(CCC5[C@H]4CC[C@H]6[C@@]5(CC[C@@H](C6)O[C@H]7[C@@H]([C@H]([C@@H]([C@H](O7)CO)O[C@H]8[C@@H]([C@@H]([C@H]([C@@H](O8)C)O)O)O)O)O[C@H]9[C@@H]([C@H]([C@@H]([C@H](O9)CO)O)O)O)C)C)C)OC1,2.52
972,973,biotree,135.6,C[C@@H](C1=CC2(C=C[C@H]3[C@@H]2[C@@H](OC=C3C(=O)OC)O[C@H]4[C@@H]([C@H]([C@@H]([C@H](O4)CO)O)O)O)OC1=O)OC(=O)/C=C/C5=CC=C(C=C5)O[C@H]6[C@@H]([C@H]([C@@H]([C@H](O6)CO)O)O)O,2.26
973,974,biotree,145.8,C1=CC(=C(C=C1O[C@H]2[C@@H]([C@H]([C@@H]([C@H](O2)CO)O)O)O)C(=O)O)O,2.43
974,975,biotree,231.6,CCCC[C@@H](C)[C@H]([C@H](C[C@@H](C)C[C@@H](CCCCC(C[C@@H]([C@H](C)N)O)O)O)OC(=O)CC(CC(=O)O)C(=O)O)OC(=O)CC(CC(=O)O)C(=O)O,3.86
975,976,biotree,124.8,CC(C)(C1CC2=C(O1)C=C3C(=C2OC)C(=O)C=C(O3)CO[C@H]4[C@@H]([C@H]([C@@H]([C@H](O4)CO)O)O)O)O,2.08
976,977,biotree,137.4,CC1C2=C(CC(N1)C(=O)O)C3=CC=CC=C3N2,2.29
977,978,biotree,230.4,C[C@@H]1[C@@H]([C@@H]([C@H]([C@@H](O1)OC(=O)[C@]23CCC(C[C@H]2C4=CCC5[C@]6(CC[C@@H]([C@@](C6CC[C@]5([C@@]4(C[C@H]3O)C)C)(C)C=O)O[C@H]7[C@@H]([C@H]([C@@H]([C@H](O7)C(=O)O)O)O[C@H]8[C@@H]([C@H]([C@@H](CO8)O)O)O)O[C@H]9[C@@H]([C@H]([C@H]([C@H](O9)CO)O)O)O)C)(C)C)OC1C(C(C(C(O1)CO)O)O)O)O)OC1C(C(C(C(O1)C)OC1C(C(C(CO1)O)O)O)O)O,3.8400000000000003
978,979,biotree,196.2,C[C@H]1[C@@H]([C@H]([C@H]([C@@H](O1)O[C@@H]2[C@H](O[C@H]([C@@H]([C@H]2O)O)OC[C@@H]3[C@H]([C@@H]([C@H]([C@@H](O3)OC(=O)[C@@]45CC[C@@]6(C(=CCC7[C@]6(CCC8[C@@]7(CC[C@@H](C8(C)C)O[C@H]9[C@@H]([C@H]([C@H](CO9)O)O)O[C@H]1[C@@H]([C@H]([C@@H]([C@H](O1)CO)O)O)O)C)C)[C@@H]4CC(CC5)(C)C)C)O)O)O)CO)O)O)O,3.27
979,980,biotree,187.2,CCCCCC(CC(CC(=O)OC(CCCCC)CC(CC(=O)OC(CCCCC)CC(CC(=O)O)OC1C(C(C(C(O1)CO)O)O)O)OC2C(C(C(C(O2)CO)O)O)O)OC3C(C(C(C(O3)CO)O)O)O)O,3.1199999999999997
980,981,biotree,168.0,C[C@]12CC[C@@H](C(C1CC[C@@]3(C2CC=C4[C@]3(CC[C@@]5([C@H]4CC(CC5)(C)C)C(=O)O[C@H]6[C@@H]([C@H]([C@@H]([C@H](O6)CO)O)O)O)C)C)(C)C)O[C@H]7[C@@H]([C@H]([C@@H]([C@H](O7)C(=O)O)O)O[C@H]8[C@@H]([C@H]([C@@H](CO8)O)O)O)O,2.8
981,982,biotree,156.6,C=C(CCO)C(=O)OC[C@@H]1[C@H]([C@@H]([C@H]([C@@H](O1)OCCC(=C)C(=O)OC[C@@H]2[C@H]([C@@H]([C@H]([C@@H](O2)OCCC(=C)C(=O)OC3COC(C(C3O)O)COC(=O)C(=C)CCO)O)O)O)O)O)O,2.61
982,983,biotree,176.4,CC1C(C(C(C(O1)OCC2C(C(C(C(O2)OC3=C(OC4=CC(=CC(=C4C3=O)O)O)C5=CC=C(C=C5)O)OC6C(C(C(C(O6)C)O)O)O)O)O)O)O)O,2.94
983,984,biotree,216.0,CCCC[C@@H](C)[C@H]([C@H](C[C@@H](C)C[C@@H](CCCCCC[C@@H]([C@H](C)N)O)O)OC(=O)CC(CC(=O)O)C(=O)O)OC(=O)C[C@@H](CC(=O)O)C(=O)O,3.6
984,985,biotree,201.6,CC(C)C[C@@H](C(=O)N[C@@H](CCCN=C(N)N)C(=O)N1CCC[C@H]1C(=O)NNC(=O)N)NC(=O)[C@@H](COC(C)(C)C)NC(=O)[C@H](CC2=CC=C(C=C2)O)NC(=O)[C@H](CO)NC(=O)[C@H](CC3=CNC4=CC=CC=C43)NC(=O)[C@H](CC5=CN=CN5)NC(=O)[C@@H]6CCC(=O)N6,3.36
985,986,biotree,186.0,CC(=CCCC(C)(C1CCC2(C1C(CC3C2(CCC4C3(CCC(C4(C)C)OC5C(C(C(C(O5)CO)O)O)OC6C(C(C(C(O6)CO)O)O)O)C)C)O)C)OC7C(C(C(C(O7)COC8C(C(C(O8)CO)O)O)O)O)O)C,3.1
986,987,biotree,153.6,CC(C)C1C(=O)NC(CSSCC(C(=O)NC(C(=O)NC(C(=O)NC(C(=O)N1)CCCCN)CC2=CNC3=CC=CC=C32)CC4=CC=C(C=C4)O)NC(=O)C(CC5=CC=CC=C5)N)C(=O)NC(CC6=CNC7=CC=CC=C76)C(=O)N,2.56
987,988,biotree,229.2,CC[C@H](C)[C@@H](C(=O)O)NC(=O)C(CCCN=C(N)N)NC(=O)[C@H](CCCN=C(N)N)NC(=O)[C@H](CC(C)C)NC(=O)[C@H](CC1=CC=CC=C1)NC(=O)CNC(=O)CNC(=O)[C@H](CC2=CC=C(C=C2)O)N,3.82
988,989,biotree,184.8,C[C@H]1[C@@H]([C@H]([C@H]([C@@H](O1)O[C@@H]2[C@H](O[C@H]([C@@H]([C@H]2O)O)OC[C@@H]3[C@H]([C@@H]([C@H]([C@@H](O3)OC(=O)[C@]45CCC(=C)C[C@H]4C6=CC[C@@H]7[C@]8(CC[C@@H](C([C@@H]8CC[C@]7([C@@]6(CC5)C)C)(C)C)O[C@H]9[C@@H]([C@H]([C@H](CO9)O)O)O[C@H]1[C@@H]([C@@H]([C@H]([C@@H](O1)C)O)O)O)C)O)O)O)CO)O)O)O,3.08
989,990,biotree,273.0,C([C@@H]1[C@H]([C@@H]([C@H]([C@H](O1)OC[C@@H]2[C@H]([C@@H]([C@H]([C@H](O2)O[C@H]([C@@H](CO)O)[C@@H]([C@H](C=O)O)O)O)O)O)O)O)O)O,4.55
990,991,biotree,153.0,CC(C)(C(=O)O)O,2.55
991,992,biotree,189.0,C1=C(OC(=CC1=O)C(=O)O)C(=O)O,3.15
992,993,biotree,190.2,C([C@H]([C@H]([C@@H]([C@@H](C(=O)CO)O)O)O)O)O,3.17
993,994,biotree,182.4,C(C#N)[C@@H](C(=O)O)N,3.04
994,995,biotree,139.8,C1=C(OC(=C1)C(=O)O)CO,2.33
995,996,biotree,162.0,C1[C@H]([C@H]([C@@H]([C@](O1)(CO)O)O)O)O,2.7
996,997,biotree,176.4,COC1[C@@H]([C@H](C([C@@H]([C@H]1O)O)O)O)O,2.94
997,998,biotree,206.4,CC(C)(C(=O)O)ON=C(C1=CSC(=N1)N)C(=O)NC2C3N(C2=O)C(=C(CS3)C[N+]4=CC=CC=C4)C(=O)O,3.44
998,999,biotree,191.4,CC(CCCN)NC1=C2C=CC(=CC2=NC=C1)Cl,3.19
999,1000,biotree,178.2,CC=C(C)C(=O)OC1C(C2(C(CC1(C)C)C3=CCC4C5(CCC(C(C5CCC4(C3(CC2O)C)C)(C)CO)OC6C(C(C(C(O6)C(=O)O)OC7C(C(C(C(O7)CO)O)O)O)O)OC8C(C(C(C(O8)CO)O)O)O)C)CO)OC(=O)C,2.9699999999999998
1000,1001,biotree,183.6,C1=CC2=C(C=C1NC(=O)CI)C(=O)OC23C4=C(C=C(C=C4)O)OC5=C3C=CC(=C5)O,3.06
1001,1002,biotree,219.6,C1=CC2=C(C(=C1)O[C@H]3[C@@H]([C@H]([C@@H]([C@H](O3)CO)O)O)O)C(=O)C4=C([C@@H]2[C@@H]5C6=C(C(=CC=C6)O[C@H]7[C@@H]([C@H]([C@@H]([C@H](O7)CO)O)O)O)C(=O)C8=C5C=C(C=C8O)C(=O)O)C=C(C=C4O)C(=O)O,3.6599999999999997
1002,1003,biotree,130.2,CN(CC(CO)O)C(=O)C1=C(C(=C(C(=C1I)C(=O)NCC(CO)O)I)NC(=O)COC)I,2.17
1003,1004,biotree,172.2,C[C@H]1[C@@H]([C@H]([C@H]([C@@H](O1)O[C@@H]2[C@H]([C@@H]([C@H](O[C@H]2O[C@H]3CO[C@H]([C@@H]([C@H]3O)O[C@H]4[C@@H]([C@H]([C@@H](C(O4)CO)O)O)O)O[C@H]5CC[C@@]6([C@H]7CCC89[C@@H]1C[C@@](CCC1(CO8)[C@@H](C[C@]9([C@@]7(CC[C@H]6C5(C)C)C)C)O)(C)C=O)C)CO)O)O)O)O)O,2.8699999999999997
1004,1005,biotree,174.0,CC(=CCC[C@@](C)([C@H]1CC[C@@]2([C@@H]1[C@@H](C[C@H]3[C@]2(C[C@@H]([C@@H]4[C@@]3(CC[C@@H](C4(C)C)O)C)O[C@H]5[C@@H]([C@H]([C@@H]([C@H](O5)CO)O)O)O[C@H]6[C@@H]([C@H]([C@@H](CO6)O)O)O)C)O)C)O[C@H]7[C@@H]([C@H]([C@@H]([C@H](O7)CO)O)O)O)C,2.9
1005,1006,biotree,203.4,C1C(=C(N2[C@H](S1)[C@@H](C2=O)NC(=O)CC3=CC=CC=C3CN)C(=O)O)CSC4=NN=NN4CC(=O)O,3.39
1006,1007,biotree,139.8,CCCCCOC1=CC=C(C=C1)C2=CC=C(C=C2)C3=CC=C(C=C3)C(=O)N[C@H]4C[C@H]([C@H](NC(=O)[C@@H]5[C@H]([C@H](CN5C(=O)[C@@H](NC(=O)[C@@H](NC(=O)[C@@H]6C[C@H](CN6C(=O)[C@@H](NC4=O)[C@@H](C)O)O)[C@@H]([C@H](C7=CC=C(C=C7)O)O)O)[C@@H](C)O)C)O)O)O,2.33
1007,1008,biotree,195.0,C[C@H]1[C@H]2[C@H](C[C@@H]3[C@@]2(CC[C@H]4[C@H]3CC=C5[C@@]4(CC[C@@H](C5)O[C@H]6[C@@H]([C@H]([C@@H]([C@H](O6)CO)O)O[C@H]7[C@@H]([C@H]([C@@H]([C@H](O7)CO)O)O)O)O[C@H]8[C@@H]([C@@H]([C@H]([C@@H](O8)C)O)O)O)C)C)O[C@@]1(CC[C@@H](C)CO[C@H]9[C@@H]([C@H]([C@@H]([C@H](O9)CO)O)O)O)O,3.25
1008,1009,biotree,242.4,CP(=O)(CCC(C(=O)O)N)O,4.04
1009,1010,biotree,183.6,C[C@]12CC[C@@H](C([C@@H]1CC[C@@]3([C@@H]2CC=C4[C@]3(CC[C@@]5([C@H]4CC(CC5)(C)C)C(=O)O[C@H]6[C@@H]([C@H]([C@@H]([C@H](O6)CO)O)O)O)C)C)(C)C)O[C@H]7[C@@H]([C@H]([C@@H]([C@H](O7)C(=O)O)O)O)O[C@H]8[C@@H]([C@H]([C@@H]([C@H](O8)CO)O)O)O,3.06
1010,1011,biotree,199.8,C1=CC(=CC=C1COC(=O)CC(CC(=O)OCC2=CC=C(C=C2)O[C@H]3[C@@H]([C@H]([C@@H]([C@H](O3)CO)O)O)O)(C(=O)O)O)O[C@H]4[C@@H]([C@H]([C@@H]([C@H](O4)CO)O)O)O,3.33
1011,1012,biotree,199.8,C[C@@H]1[C@@H]2[C@H](C(=O)N2C(=C1S[C@H]3C[C@H](NC3)C(=O)NC4=CC=CC(=C4)C(=O)O)C(=O)O)[C@@H](C)O,3.33
1012,1013,biotree,237.0,C1C[C@H](N(C1)C(=O)[C@@H]2CSSC[C@@H](C(=O)N[C@H](C(=O)N[C@H](C(=O)N[C@H](C(=O)N[C@H](C(=O)N2)CC(=O)N)CCC(=O)N)CC3=CC=CC=C3)CC4=CC=C(C=C4)O)N)C(=O)N[C@@H](CCCN=C(N)N)C(=O)NCC(=O)N,3.95
1013,1014,biotree,177.6,CC(CC1=CC=C(C=C1)O)(C(=O)O)N,2.96
1014,1015,biotree,162.6,C/C(=C\C=C\C=C(/C)\C=C\C=C(/C)\C(=O)O[C@H]1[C@@H]([C@H]([C@@H]([C@H](O1)CO[C@H]2[C@@H]([C@H]([C@@H]([C@H](O2)CO)O)O)O)O)O)O)/C=C/C=C(\C)/C(=O)O[C@H]3[C@@H]([C@H]([C@@H]([C@H](O3)CO)O)O)O,2.71
1015,1016,biotree,184.8,C[C@]12CC[C@@H](C([C@@H]1CC[C@@]3([C@@H]2CC=C4[C@]3(CC[C@@]5([C@H]4CC(CC5)(C)C)C(=O)O)C)C)(C)C)O[C@H]6[C@@H]([C@H]([C@@H]([C@H](O6)C(=O)O)O)O)O[C@H]7[C@@H]([C@H]([C@@H]([C@H](O7)CO)O)O)O,3.08
1016,1017,biotree,181.2,C[C@H]1[C@@H]([C@H]([C@H]([C@@H](O1)O[C@@H]2[C@H]([C@H](CO[C@H]2O[C@H]3CC[C@]4([C@H]([C@]3(C)CO)CC[C@@]5([C@@H]4CC=C6[C@]5(CC[C@@]7([C@H]6CC(CC7)(C)C)C(=O)O[C@H]8[C@@H]([C@H]([C@@H]([C@H](O8)CO[C@H]9[C@@H]([C@H]([C@@H]([C@H](O9)CO)O)O)O)O)O)O)C)C)C)O)O)O)O)O,3.02
1017,1018,biotree,165.6,C[C@H]1[C@@H]([C@H]([C@H]([C@@H](O1)OC[C@@H]2[C@H]([C@@H]([C@H]([C@@H](O2)OC3=CC(=C4C(=C3)OC(=CC4=O)C5=CC=C(C=C5)O)O)O[C@H]6[C@@H]([C@@H]([C@H]([C@@H](O6)C)O)O)O)O)O)O)O)O,2.76
1018,1019,biotree,126.0,COC1=CC(=CC(=C1O)OC)[C@H]2[C@@H]3CO[C@H]([C@@H]3CO2)C4=CC(=C(C(=C4)OC)O[C@H]5[C@@H]([C@H]([C@@H]([C@H](O5)CO)O)O[C@H]6[C@@H]([C@](CO6)(CO)O)O)O)OC,2.1
1019,1020,biotree,180.6,CC(=CCCC(C)(C1CCC2(C1C(CC3C2(CCC4C3(CC(C(C4(C)C)OC5C(C(C(C(O5)CO)O)O)OC6C(C(C(C(O6)CO)O)O)O)O)C)C)O)C)OC7C(C(C(C(O7)CO)O)O)O)C,3.01
1020,1021,biotree,182.4,C[C@H]1[C@@H]([C@H]([C@H]([C@@H](O1)OC[C@@H]2[C@H]([C@@H]([C@H]([C@@H](O2)OC3=C(OC4=CC(=CC(=C4C3=O)O)O)C5=CC=C(C=C5)O)O[C@H]6[C@@H]([C@@H]([C@H]([C@@H](O6)C)O)O)O)O)O)O)O)O,3.04
1021,1022,biotree,222.6,C[C@]12CC[C@@](C[C@H]1C3=CC(=O)[C@@H]4[C@]5(CC[C@@H](C([C@@H]5CC[C@]4([C@@]3(CC2)C)C)(C)C)O[C@H]6[C@@H]([C@H]([C@@H]([C@H](O6)C(=O)O)O)O)O[C@H]7[C@@H]([C@H]([C@@H]([C@H](O7)C(=O)O)O)O)O)C)(C)C(=O)O,3.71
1022,1023,biotree,187.2,C[C@@H](CO)[C@@H]1CC[C@@]2(CC[C@@]3([C@@H]([C@H]2O)CC[C@H]4[C@]3(CC[C@@H]5[C@@]4(CC[C@@H]([C@@]5(C)CO[C@H]6[C@@H]([C@H]([C@@H]([C@H](O6)CO)O)O)O)O[C@H]7[C@@H]([C@H]([C@@H]([C@H](O7)CO)O)O)O[C@H]8[C@@H]([C@H]([C@@H]([C@H](O8)CO)O)O)O)C)C)C)CO1,3.1199999999999997
1023,1024,biotree,186.6,C[C@]12CC[C@@]34C[C@@]35CC[C@@H](C([C@@H]5[C@H](C[C@H]4[C@@]1(C[C@@H]([C@@H]2[C@]6(CC[C@H](O6)C(C)(C)O)C)O)C)O[C@H]7[C@@H]([C@H]([C@@H]([C@H](O7)CO)O)O)O)(C)C)O[C@H]8[C@@H]([C@H]([C@@H](CO8)O)O)O[C@H]9[C@@H]([C@H]([C@@H]([C@H](O9)CO)O)O)O,3.11
1024,1025,biotree,190.2,C[C@H]1[C@@H]([C@H]([C@H]([C@@H](O1)OP(=O)(N[C@@H](CC(C)C)C(=O)N[C@@H](CC2=CNC3=CC=CC=C32)C(=O)O)O)O)O)O,3.17
1025,1026,biotree,213.0,CC(C)C[C@H](C(=O)N[C@H](CCCCN)C(=O)N1CCC(CC1)(C(=O)O)N)NC(=O)[C@@H](CC2=CC=CC=C2)NC(=O)[C@@H](CC3=CC=CC=C3)N,3.55
1026,1027,biotree,248.4,C([C@@H]1[C@H]([C@@H]([C@H]([C@H](O1)O[C@H]2[C@@H]([C@H](O[C@@]2(CO)O[C@@H]3[C@@H]([C@H]([C@@H]([C@H](O3)CO)O)O)O)CO)O)O)O)O)O,4.14
1027,1028,biotree,154.8,CC(=CCC[C@](C)([C@H]1CC[C@@]2([C@@H]1[C@@H](C[C@H]3[C@]2(CC[C@@H]4[C@@]3(CC[C@@H](C4(C)C)O[C@H]5[C@@H]([C@H]([C@@H]([C@H](O5)CO)O)O)O[C@H]6[C@@H]([C@H]([C@@H]([C@H](O6)CO)O)O)O[C@H]7[C@@H]([C@H]([C@@H](CO7)O)O)O)C)C)O)C)O)C,2.58
1028,1029,biotree,211.8,CCN(CCCOC1=CC2=C(C=C1)C(=NC=N2)NC3=NNC(=C3)CC(=O)NC4=CC(=CC=C4)F)CCOP(=O)(O)O,3.5300000000000002
1029,1030,biotree,265.2,C[C@@H](C(=O)N1CCC[C@H]1C(=O)NCC(=O)N2CCC[C@H]2C(=O)N[C@@H](CCCN=C(N)N)C(=O)O)N,4.42
1030,1031,biotree,139.8,CC(C)NCC(C1=CC(=CC(=C1)O)O)O,2.33
1031,1032,biotree,199.8,C1=CC=C(C=C1)C(=O)NC(CC(=O)O)C(=O)O,3.33
1032,1033,biotree,136.8,CC(C)(C)NCC(C1=CC(=CC(=C1)O)O)O,2.2800000000000002
1033,1034,biotree,221.4,C1[C@H]([C@@H]([C@H]([C@@H](O1)C2=C(C(=C3C(=C2O)C(=O)C=C(O3)C4=CC=C(C=C4)O)[C@H]5[C@@H]([C@H]([C@@H]([C@H](O5)CO)O)O)O)O)O)O)O,3.69
1034,1035,biotree,230.4,C1=C[C@@]([C@@H]2[C@H]1C(=CO[C@H]2O[C@H]3[C@@H]([C@H]([C@@H]([C@H](O3)CO)O)O)O)C(=O)O)(CO)O,3.8400000000000003
1035,1036,biotree,209.4,C1C=C(N2[C@H](S1)[C@@H](C2=O)NC(=O)/C(=C\CC(=O)O)/C3=CSC(=N3)N)C(=O)O,3.49
1036,1037,biotree,174.0,C[C@H]1[C@@H]([C@H]([C@H]([C@@H](O1)C2=C(C(=C3C(=C2O)C(=O)C=C(O3)C4=CC=C(C=C4)O)[C@H]5[C@@H]([C@H]([C@@H]([C@H](O5)CO)O)O)O)O)O)O)O,2.9
1037,1038,biotree,139.8,C1=C(C=C(C=C1O)O)C(=O)O,2.33
1038,1039,biotree,196.8,CCCCS(=N)(=O)CCC(C(=O)O)N,3.2800000000000002
1039,1040,biotree,176.4,C1=C(C=NN1)C(=O)O,2.94
1040,1041,biotree,183.6,C1=CC(=CC=C1C[C@@H](C(=O)O)NC(=O)CN)O,3.06
1041,1042,biotree,166.8,C=CCSC[C@@H](C(=O)O)N,2.7800000000000002
1042,1043,biotree,213.0,C1=NC(=C2C(=N1)N(C=N2)[C@H]3[C@@H]([C@@H]([C@H](O3)COP(=O)(N)O)O)O)N,3.55
1043,1044,biotree,129.0,C1=CC(=O)OC2=CC(=C(C=C21)O[C@H]3[C@@H]([C@H]([C@@H]([C@H](O3)CO)O)O)O)O,2.15
1044,1045,biotree,192.0,CC1=C(SC(=N1)SCC2=C(N3C(C(C3=O)NC(=O)C(=NOC)C4=CSC(=N4)N)SC2)C(=O)O)CC(=O)O,3.2
1045,1046,biotree,179.4,CC(=O)N(CC(CO)O)C1=C(C(=C(C(=C1I)C(=O)NCC(CO)O)I)C(=O)NCC(CO)O)I,2.99
1046,1047,biotree,154.2,CC(=O)N(CC(CO)O)C1=C(C(=C(C(=C1I)C(=O)NCC(CO)O)I)C(=O)NCCO)I,2.57
1047,1048,biotree,177.0,CN1C(=NN=N1)SCC2=C(N3[C@@H]([C@@](C3=O)(NC(=O)C4SC(=C(C(=O)N)C(=O)O)S4)OC)SC2)C(=O)O,2.95
1048,1049,biotree,247.8,C1=CO[C@H]([C@H]2[C@@]1([C@@H](C=C2CO)O)O[C@@H]3[C@@H]([C@H]([C@@H]([C@H](O3)CO)O)O)O[C@H]4[C@@H]([C@H]([C@@H]([C@H](O4)CO)O)O)O)O[C@H]5[C@@H]([C@H]([C@@H]([C@H](O5)CO)O)O)O,4.13
1049,1050,biotree,186.6,CC1C2C(CC3C2(CCC4C3CCC5C4(CCC(C5)OC6C(C(C(C(O6)CO)O)O)OC7C(C(C(C(O7)CO)O)O)O)C)C)OC1(CCC(C)COC8C(C(C(C(O8)CO)O)O)O)O,3.11
1050,1051,biotree,234.0,CC(=O)N[C@@H]1[C@H]([C@@H]([C@H](O[C@H]1O[C@@H]2[C@H](O[C@H]([C@@H]([C@H]2O)NC(=O)C)O[C@H]([C@@H](CO)O)[C@@H]([C@H](C=O)NC(=O)C)O)CO)CO)O)O,3.9
1051,1052,biotree,198.0,C[C@H]1[C@@H]([C@H]([C@H]([C@@H](O1)O[C@@H]2[C@H]([C@H](CO[C@H]2O[C@H]3CC[C@]4([C@H]([C@]3(C)CO)CC[C@@]5([C@@H]4CC=C6[C@]5(CC[C@@]7([C@H]6CC(CC7)(C)C)C(=O)O)C)C)C)O)O)O)O[C@H]8[C@@H]([C@H]([C@@H]([C@H](O8)CO)O[C@H]9[C@@H]([C@H]([C@@H]([C@H](O9)CO)O)O)O)O)O)O,3.3
1052,1053,biotree,225.0,C[C@@H](C(=O)O)NC(=O)[C@H](CC1=CC=C(C=C1)O)NC(=O)[C@H](CC(=O)O)NC(=O)[C@@H]2CCCN2C(=O)[C@H](C(C)C)NC(=O)[C@H](CC(=O)O)NC(=O)[C@H](CC3=CC=C(C=C3)O)NC(=O)[C@@H]4CCCN4C(=O)[C@H](CC5=CC=C(C=C5)O)N,3.75
1053,1054,biotree,217.2,C[C@H]1CN2[C@@H]([C@H]1O)C(=O)N[C@@H]([C@@H](C[C@@H](C(=O)N[C@H](C(=O)N3C[C@@H](C[C@H]3C(=O)N[C@H](C(=O)N[C@H](C2=O)[C@@H](CC(=O)N)O)[C@@H]([C@H](C4=CC(=C(C=C4)O)OS(=O)(=O)O)O)O)O)[C@@H](C)O)N)O)O,3.6199999999999997
1054,1055,biotree,150.0,CC(C)(C(=O)O)OC1=CC=C(C=C1)NC(=O)NC2=C(C=C(C=C2)CC3=CC(=C(C=C3)NC(=O)NC4=CC=C(C=C4)OC(C)(C)C(=O)O)Cl)Cl,2.5
1055,1056,biotree,201.0,CC1=C(C(=O)NO1)CC(C(=O)O)N,3.35
1056,1057,biotree,210.6,C1=CC=C(C(=C1)N(CC(=O)O)CC(=O)O)OCCOC2=CC=CC=C2N(CC(=O)O)CC(=O)O,3.51
1057,1058,biotree,168.6,C(=N)(N)N,2.81
1058,1059,biotree,283.8,CCNCC1CCN(C1)C2=C(C=C3C(=C2F)N(C=C(C3=O)C(=O)O)CC)F,4.73
1059,1060,biotree,135.6,CC(=CC/C=C(/C)\[C@H]1CC[C@@]2([C@@H]1[C@@H](C[C@H]3[C@]2(CC[C@@H]4[C@@]3(C[C@H]([C@@H](C4(C)C)O[C@H]5[C@@H]([C@H]([C@@H]([C@H](O5)CO)O)O)O[C@H]6[C@@H]([C@H]([C@@H]([C@H](O6)CO)O)O)O)O)C)C)O)C)C,2.26
1060,1061,biotree,175.8,C[C@@H]1[C@@H]2[C@H](C(=O)N2C(=C1S[C@H]3C[C@H](NC3)CNS(=O)(=O)N)C(=O)O)[C@@H](C)O,2.93
1061,1062,biotree,148.2,CN1CCN(CC1)C2CCN(CC2)C3=CC(=C(C=C3)NC4=NC=C(C(=N4)NC5=CC=CC=C5P(=O)(C)C)Cl)OC,2.4699999999999998
1062,1063,biotree,135.0,CC1=NCCC2=C1NC3=C2C=CC(=C3)O,2.25
1063,1064,biotree,151.2,C[C@H]1[C@@H]([C@H]([C@H]([C@@H](O1)OC[C@@H]2[C@H]([C@@H]([C@H]([C@@H](O2)OC3=C(OC4=CC(=CC(=C4C3=O)O)O)C5=CC=C(C=C5)O)O)O)O)O)O)O,2.52
1064,1065,biotree,208.8,CCCCOC(=O)C1=CC=CC=C1C(=O)OCC(C)C,3.48
1065,1066,biotree,140.4,CC1=CC(=NN1)C(=O)O,2.3400000000000003
1066,1067,biotree,206.4,CC1(C[C@@H]1C(=O)NC(=CCCCCSC[C@H](C(=O)O)N)C(=O)O)C,3.44
1067,1068,biotree,162.6,CC1=C(N2[C@@H]([C@@H](C2=O)NC(=O)[C@@H](C3=CC=C(C=C3)O)N)SC1)C(=O)O,2.71
1068,1069,biotree,149.4,C1=CC(=CC=C1C2=CC(=O)C3=C(C=C(C=C3O2)O[C@H]4[C@@H]([C@H]([C@@H]([C@H](O4)C(=O)O)O)O)O)O)O,2.49
1069,1070,biotree,174.0,C(C(=O)O)NC=O,2.9
1070,1071,biotree,137.4,C1(=C(NC(=O)NC1=O)C(=O)O)F,2.29
1071,1072,biotree,178.2,C1CN(CCN1)C2=CC=C(C=C2)C3=CN4C(=C(C=N4)C5=CC=NC6=CC=CC=C56)N=C3,2.9699999999999998
1072,1073,biotree,195.0,C[C@@H](C(=O)N1CCC[C@H]1C(=O)O)N[C@@H](CCC2=CC=CC=C2)C(=O)O,3.25
1073,1074,biotree,227.4,C1=C([C@@H]2[C@H]([C@H]1O)C(=CO[C@H]2O[C@H]3[C@@H]([C@H]([C@@H]([C@H](O3)CO)O)O)O)C(=O)O)CO,3.79
1074,1075,biotree,279.6,C([C@H]([C@H]([C@@H]([C@H]([C@H](C(=O)O)O)O)O)O)O)O,4.66
1075,1076,biotree,277.2,C1[C@H]([C@@H]([C@@H](C=C1C(=O)O)O)O)OC(=O)/C=C/C2=CC(=C(C=C2)O)O,4.62
1076,1077,biotree,162.0,COC1[C@@H]([C@H](C([C@@H]([C@@H]1O)O)O)O)O,2.7
1077,1078,biotree,121.2,C1=CC=C(C=C1)C2=CC(=O)C3=C(C=C(C=C3O2)O[C@H]4[C@@H]([C@H]([C@@H]([C@H](O4)C(=O)O)O)O)O)O,2.02
1078,1079,biotree,147.0,C[C@@H](C(=O)O)NC(=O)C,2.45
1079,1080,biotree,195.6,C[C@@H](C(=O)N[C@@H](CCC(=O)N)C(=O)O)N,3.26
1081,1082,biotree,136.2,C[C@@H](C(=O)O)NC(=O)[C@H](CC(C)C)N,2.27
1083,1084,biotree,274.2,C1=CC(=CC=C1COC(=O)CC(CC(=O)O)(C(=O)O)O)O[C@H]2[C@@H]([C@H]([C@@H]([C@H](O2)CO)O)O)O,4.569999999999999
1084,1085,biotree,158.4,C1[C@H]2[C@@H]([C@@H](S1)CCCCC(=O)O)NC(=O)N2,2.64
1085,1086,biotree,218.4,C([C@@H](C(=O)O)N=C(N)N)C(=O)O,3.64
1086,1087,biotree,166.8,CC(=O)NCCCCCN,2.7800000000000002
1087,1088,biotree,151.2,CN(C)C(=O)C1=CC2=CN=C(N=C2N1C3CCCC3)NC4=NC=C(C=C4)N5CCNCC5,2.52
1088,1089,biotree,159.0,CN1CCC[C@H]1C(=O)O,2.65
1089,1090,biotree,121.2,COC(=O)C1=CO[C@H]([C@H]2[C@@H]1[C@H](C=C2CO)O)O[C@H]3[C@@H]([C@H]([C@@H]([C@H](O3)CO)O)O)O,2.02
1090,1091,biotree,204.6,C1C(C(C(C(O1)(CO)O)OC2C(C(C(C(O2)CO)O)O)O)O)O,3.4099999999999997
1091,1092,biotree,122.4,CN(C)CC/C=C\1/C2=CC=CC=C2COC3=C1C=C(C=C3)CC(=O)O,2.04
1092,1093,biotree,158.4,CC(C)C(CC(=O)O)N,2.64
1093,1094,biotree,186.0,CC(=O)OCC1=C[C@@H]([C@H]2[C@@H]1[C@@H](OC=C2C(=O)O)O[C@H]3[C@@H]([C@H]([C@@H]([C@H](O3)CO)O)O)O)O,3.1
1094,1095,biotree,154.8,C[C@@]1([C@@H]2C[C@@H](CC[C@@]([C@H]2CC1=O)(CO)O)C(C)(C)O[C@H]3[C@@H]([C@H]([C@@H]([C@H](O3)CO)O)O)O)O,2.58
1095,1096,biotree,179.4,CC(=O)N[C@@H](CCC(=O)N)C(=O)O,2.99
1096,1097,biotree,144.0,C[C@H]1[C@@H]([C@H]([C@H]([C@@H](O1)O[C@@H]2[C@H]([C@@H]([C@H](O[C@H]2OC3CCC4C(=CCC5C4(C(=O)CC6(C5(CCC6C(C)(C/C=C/C(C)(C)O)O)C)C)C)C3(C)C)COC(=O)CC(C)(CC(=O)O)O)O)O)O)O)O,2.4
1097,1098,biotree,135.6,CC(C)C(C(=O)NC(CC1=CC=CC=C1)C(=O)O)N,2.26
1098,1099,biotree,148.2,C1=CC(=CC=C1CC(C(=O)O)C(=O)O)O,2.4699999999999998
1099,1100,biotree,123.0,C[N+](C)(C)C(CC1=CNC2=CC=CC=C21)C(=O)O,2.05
1100,1101,biotree,165.6,CC1(CCC2C(C1)CC(=O)OC3C2(CC(CC3)(C)C(=O)O)C)CCOC4C(C(C(C(O4)CO)O)O)O,2.76
1101,1102,biotree,194.4,C[C@@H]1[C@H]([C@@H]([C@H]([C@@H](O1)OC(=O)[C@@]23CC[C@@]4(C(=CCC5[C@]4(CCC6[C@@]5(C[C@@H]([C@@H]([C@@]6(C)C(=O)O)O[C@H]7[C@@H]([C@H]([C@@H]([C@H](O7)CO)O)O)O)O)C)C)[C@@H]2CC(CC3)(C)C)C)O[C@H]8[C@@H]([C@@H]([C@H]([C@@H](O8)C)O[C@H]9[C@@H]([C@H]([C@@H](CO9)O)O)O)O[C@H]1[C@@H]([C@](CO1)(CO)O)O)O)O)O,3.24
1102,1103,biotree,144.0,C[C@H]1C[C@@]23[C@@H](/C=C/CCCC[C@H]4C=C[C@@H]5[C@@H]([C@]4(C(=O)OC(=C2O)C(=O)O3)C)CCC[C@H]5O[C@H]6C[C@H]([C@@H]([C@H](O6)C)O[C@H]7C[C@H]([C@@H]([C@H](O7)C)O)O)O)C=C1C(=O)O,2.4
1103,1104,biotree,144.0,C[C@H]1[C@@H]([C@H]([C@H]([C@@H](O1)O[C@@H]2[C@H]([C@@H]([C@H](O[C@H]2OC3=CC(=C4C(=O)CC(OC4=C3)C5=CC(=C(C=C5)O)OC)O)COC(=O)CC(C)(CC(=O)O)O)O)O)O)O)O,2.4
1104,1105,biotree,158.4,C[C@H]1[C@@H]([C@H]([C@H]([C@@H](O1)OC2=CC(=C3C(=C2)OC(=C(C3=O)O[C@H]4[C@@H]([C@H]([C@@H](O4)CO)O[C@H]5[C@@H]([C@H]([C@@H]([C@H](O5)CO)O)O)O)O)C6=CC=C(C=C6)O)O)O)O)O,2.64
1105,1106,biotree,150.6,CCCCCC(CC(CC(=O)OC(CCCCC)CC(CC(=O)OC(CCCCC)CC(CC(=O)OC)OC1C(C(C(C(O1)CO)O)O)O)OC2C(C(C(C(O2)CO)O)O)O)OC3C(C(C(C(O3)CO)O)O)O)O,2.51
1106,1107,biotree,187.8,C[C@H]1[C@@H]([C@H]([C@H]([C@@H](O1)O[C@@H]2[C@H](O[C@H]([C@@H]([C@H]2O)O)OC[C@@H]3[C@H]([C@@H]([C@H]([C@@H](O3)OC(=O)[C@@]45CC[C@@]6(C(=CCC7[C@]6(C[C@H](C8[C@@]7(C[C@H]([C@@H]([C@@]8(C)CO)O)O)C)O)C)[C@@H]4CC(CC5)(C)C)C)O)O)O)CO)O)O)O,3.1300000000000003
1107,1108,biotree,150.0,C/C=C\1/C(C(=COC1OC2C(C(C(C(O2)CO)O)O)O)C(=O)OC)CC(=O)OCC3C(C(CC3C(CO)CO)OC(=O)CC\4C(=COC(/C4=C\C)OC5C(C(C(C(O5)CO)O)O)O)C(=O)OC)C,2.5
1108,1109,biotree,181.2,C[C@H]1[C@@H]([C@H]([C@H]([C@@H](O1)O[C@@H]2[C@H](O[C@H]([C@@H]([C@H]2O)O)OC[C@@H]3[C@H]([C@@H]([C@H]([C@@H](O3)OC(=O)[C@@]45CC[C@@]6(C(=CCC7[C@]6(CCC8[C@@]7(CC[C@@H]([C@@]8(C)CO)O[C@H]9[C@@H]([C@H]([C@H](CO9)O)O)O)C)C)[C@@H]4CC(CC5)(C)C)C)O)O)O)CO)O)O)O,3.02
1109,1110,biotree,196.8,C[C@H]1[C@@H]([C@H]([C@H]([C@@H](O1)OC[C@@H]2[C@@H]([C@@H]([C@H]([C@@H](O2)OC3=C(OC4=CC(=CC(=C4C3=O)O)O[C@H]5[C@@H]([C@H]([C@@H]([C@H](O5)CO)O)O)O)C6=CC=C(C=C6)O)O[C@H]7[C@@H]([C@@H]([C@H]([C@@H](O7)C)OC(=O)C)O)O)O)O)O)O)O,3.2800000000000002
1110,1111,biotree,144.6,CC1C(C(C(C(O1)OC2C(OC(C(C2O)O)OC3=C(OC4=CC(=CC(=C4C3=O)O)OC)C5=CC=C(C=C5)O)COC(=O)CC(C)(CC(=O)O)O)O)O)O,2.4099999999999997
1111,1112,zhulab,146.5,C(C(=O)O)O,2.441666666666667
1113,1114,zhulab,201.18,C(CC(=O)O)C(=O)C(=O)O,3.353
1114,1115,zhulab,92.16,C1(C(=O)NC(=O)N1)NC(=O)N,1.536
1115,1116,zhulab,91.73,C1[C@@H]([C@H](O[C@H]1N2C=NC3=C2NC=NC3=O)CO)O,1.5288333333333335
1116,1117,zhulab,216.78,C(CC(=O)N[C@@H](CS)C(=O)NCC(=O)O)[C@@H](C(=O)O)N,3.613
1117,1118,zhulab,166.5,C1C2(C(C(C(N3C=NC4=C(N)N=CN=C43)(O2)[H])(O)[H])(OP(O)(=O)O1)[H])[H],2.775
1118,1119,zhulab,261.44,C(CC(=O)N[C@@H](CSSC[C@@H](C(=O)NCC(=O)O)NC(=O)CC[C@@H](C(=O)O)N)C(=O)NCC(=O)O)[C@@H](C(=O)O)N,4.357333333333333
1119,1120,zhulab,233.26,C1=CC(=C[N+](=C1)[C@H]2[C@@H]([C@@H]([C@H](O2)COP(=O)(O)OP(=O)(O)OC[C@@H]3[C@H]([C@H]([C@@H](O3)N4C=NC5=C4N=CN=C5N)O)O)O)O)C(=O)N,3.8876666666666666
1120,1121,zhulab,155.33,C[N+](C)(C)CC(=O)[O-],2.5888333333333335
1121,1122,zhulab,190.93,CC(=O)NCCCC[C@@H](C(=O)O)N,3.182166666666667
1122,1123,zhulab,176.39,CC(=O)N[C@@H](CCC(=O)O)C(=O)O,2.939833333333333
1123,1124,zhulab,136.44,C1=CN(C(=O)N=C1N)[C@H]2[C@@H]([C@@H]([C@H](O2)CO)O)O,2.274
1124,1125,zhulab,159.0,C1[C@H]2[C@@H]([C@@H](S1)CCCCC(=O)O)NC(=O)N2,2.65
1125,1126,zhulab,105.23,C(C1(C(C(C(N2C=NC(=C2N)C(=N)O)(O1)[H])(O)[H])(O)[H])[H])O,1.7538333333333334
1126,1127,zhulab,85.5,NC1=C2N=CN(C3OC(CO)C(O)C3O)C2=NC=N1,1.425
1127,1128,zhulab,242.36,C1=CN(C2(C(C(C(COP(O)(O)=O)(O2)[H])(O)[H])(O)[H])[H])C(=NC1=N)O,4.039333333333333
1128,1129,zhulab,230.76,C1=NC2=C(C(=N1)N)N=CN2[C@H]3[C@@H]([C@@H]([C@H](O3)COP(=O)(O)O)O)O,3.8459999999999996
1129,1130,zhulab,237.89,C1=NC(=O)C2=C(N1)N(C=N2)[C@H]3[C@@H]([C@@H]([C@H](O3)COP(=O)(O)O)O)O,3.964833333333333
1130,1131,zhulab,253.46,NC(=O)C1=CN(C=CC1)[C@H]1O[C@@H](COP(O)(=O)OP(O)(=O)OC[C@@H]2O[C@@H]([C@@H](OP(O)(O)=O)[C@H]2O)N2C=NC3=C(N)N=CN=C23)[C@H](O)[C@@H]1O,4.224333333333333
1132,1133,zhulab,92.9,C1=CC=C(C=C1)CC(=O)C(=O)O,1.5483333333333333
1133,1134,zhulab,231.7,C(C(=O)COP(=O)(O)O)O,3.8616666666666664
1134,1135,zhulab,237.0,C(/C(=C/C(=O)O)/C(=O)O)C(=O)O,3.95
1135,1136,zhulab,263.59,CC1=C(SC=[N+]1CC2=CN=C(N=C2N)C)CCOP(=O)(O)OP(=O)(O)O,4.393166666666667
1136,1137,zhulab,254.74,CC1=CN(C(=O)NC1=O)[C@H]2C[C@@H]([C@H](O2)COP(=O)(O)OP(=O)(O)OP(=O)(O)O)O,4.245666666666667
1137,1138,zhulab,237.43,C1=CN(C(=O)NC1=O)[C@H]2[C@@H]([C@@H]([C@H](O2)COP(=O)(O)OP(=O)(O)O[C@@H]3[C@@H]([C@H]([C@@H]([C@H](O3)CO)O)O)O)O)O,3.9571666666666667
1138,1139,zhulab,168.46,C(CS)[C@@H](C(=O)O)N,2.807666666666667
1139,1140,zhulab,69.25,C1[C@@H]([C@H](O[C@H]1N2C=NC3=C2N=CN=C3N)CO)O,1.1541666666666666
1140,1141,zhulab,260.95,C([C@@H]1[C@H]([C@@H]([C@H](C(O1)O)N)O)O)OP(=O)(O)O,4.349166666666666
1142,1143,zhulab,236.74,C1=CN(C2(CC(C(COP(O)(O)=O)(O2)[H])(O)[H])[H])C(=NC1=N)O,3.945666666666667
1143,1144,zhulab,235.12,C1=CN(C(=O)NC1=O)[C@H]2[C@@H]([C@@H]([C@H](O2)COP(=O)(O)O)O)O,3.9186666666666667
1144,1145,zhulab,244.64,C1=CC(=C[N+](=C1)C2(C(C(C(COP(O)([O-])=O)(O2)[H])(O)[H])(O)[H])[H])C(=N)O,4.077333333333333
1145,1146,zhulab,207.98,C1=NC2=C(C(=N1)N)N=CN2[C@H]3[C@@H]([C@@H]([C@H](O3)CSCC[C@@H](C(=O)O)N)O)O,3.466333333333333
1146,1147,zhulab,228.88,NC1=NC(=O)C2=C(NCC(CNC3=CC=C(C=C3)C(=O)N[C@@H](CCC(O)=O)C(O)=O)=N2)N1,3.8146666666666667
1147,1148,zhulab,260.18,C1=CC(=C[N+](=C1)[C@H]2[C@@H]([C@@H]([C@H](O2)COP(=O)(O)OP(=O)(O)OC[C@@H]3[C@H]([C@H]([C@@H](O3)N4C=NC5=C4N=CN=C5N)OP(=O)(O)O)O)O)O)C(=O)N,4.336333333333333
1148,1149,zhulab,218.01,CC1=CC2=C(C=C1C)N(C3=NC(=O)NC(=O)C3=N2)C[C@@H]([C@@H]([C@@H](COP(=O)(O)OP(=O)(O)OC[C@@H]4[C@H]([C@H]([C@@H](O4)N5C=NC6=C5N=CN=C6N)O)O)O)O)O,3.6334999999999997
1149,1150,zhulab,227.34,CC(=O)CC(=O)SCCNC(=O)CCNC(=O)C(O)C(C)(C)COP(O)(=O)OP(O)(=O)OC[C@H]1O[C@H]([C@H](O)[C@@H]1OP(O)(O)=O)N1C=NC2=C1N=CN=C2N,3.789
1150,1151,zhulab,101.87,CC(C)C[C@@H](C(=O)O)NC(=O)C,1.6978333333333333
1151,1152,zhulab,106.64,COC(=O)[C@H](CC1=CC=CC=C1)NC(=O)[C@H](CC(=O)O)N,1.7773333333333334
1152,1153,zhulab,203.95,C([C@@H](C(=O)O)N)SCC(=O)O,3.3991666666666664
1153,1154,zhulab,176.96,CN1C=[N+](C2=C1C(=O)N=C(N2)N)[C@H]3[C@@H]([C@@H]([C@H](O3)CO)O)O,2.9493333333333336
1154,1155,zhulab,260.96,C1[C@@H]([C@H](O[C@H]1N2C=NC3=C2N=CN=C3N)COP(=O)(O)OP(=O)(O)OP(=O)(O)O)O,4.349333333333333
1155,1156,zhulab,197.56,CC(C)(COP(O)(=O)OP(O)(=O)OC[C@H]1O[C@H]([C@H](O)[C@@H]1O)N1C=NC2=C1N=CN=C2N)C(O)C(=O)NCCC(=O)NCCS,3.292666666666667
1156,1157,zhulab,214.52,C(CC(=O)O)[C@@H](C(=O)O)O,3.5753333333333335
1157,1158,zhulab,255.63,C1=NC2=C(C(=N1)N)N=CN2[C@H]3[C@@H]([C@@H]([C@H](O3)COP(=O)(O)OP(=O)(O)O)O)O,4.2604999999999995
1158,1159,zhulab,258.48,C1=CN(C(=O)NC1=O)[C@H]2[C@@H]([C@@H]([C@H](O2)COP(=O)(O)OP(=O)(O)OP(=O)(O)O)O)O,4.308000000000001
1159,1160,zhulab,250.16,C1=CN(C(=O)NC1=O)[C@H]2[C@@H]([C@@H]([C@H](O2)COP(=O)(O)OP(=O)(O)O)O)O,4.169333333333333
1160,1161,zhulab,222.88,CC1=CN(C(=O)NC1=O)[C@H]2C[C@@H]([C@H](O2)COP(=O)(O)O)O,3.7146666666666666
1161,1162,zhulab,160.31,CC1=NC=C(C(=C1O)CN)CO,2.6718333333333333
1162,1163,zhulab,226.96,CC(=O)SCCNC(=O)CCNC(=O)[C@@H](C(C)(C)COP(=O)(O)OP(=O)(O)OC[C@@H]1[C@H]([C@H]([C@@H](O1)N2C=NC3=C2N=CN=C3N)O)OP(=O)(O)O)O,3.7826666666666666
1163,1164,zhulab,263.66,C1[C@@H]([C@H](O[C@H]1N2C=CC(=NC2=O)N)COP(=O)(O)OP(=O)(O)OP(=O)(O)O)O,4.394333333333334
1164,1165,zhulab,255.09,C1[C@@H]([C@H](O[C@H]1N2C=CC(=O)NC2=O)COP(=O)(O)OP(=O)(O)OP(=O)(O)O)O,4.2515
1165,1166,zhulab,271.69,C([C@H](C(=O)O)OP(=O)(O)O)OP(=O)(O)O,4.5281666666666665
1166,1167,zhulab,260.55,C1=NC2=C(N1[C@H]3[C@@H]([C@@H]([C@H](O3)COP(=O)(O)OP(=O)(O)O)O)O)NC(=NC2=O)N,4.3425
1167,1168,zhulab,261.43,C1=CN(C2(C(C(C(COP(O)(=O)OP(O)(O)=O)(O2)[H])(O)[H])(O)[H])[H])C(=NC1=N)O,4.357166666666667
1168,1169,zhulab,255.69,CC1=C(CCO[P@](O)([O-])=O)SC=[N+]1CC1=CN=C(C)N=C1N,4.2615
1169,1170,zhulab,267.01,C1=NC2=C(N1[C@H]3[C@@H]([C@@H]([C@H](O3)COP(=O)(O)OP(=O)(O)OP(=O)(O)O)O)O)NC(=NC2=O)N,4.450166666666666
1170,1171,zhulab,232.36,CC(C)(COP(=O)(O)OP(=O)(O)OC[C@@H]1[C@H]([C@H]([C@@H](O1)N2C=NC3=C2N=CN=C3N)O)OP(=O)(O)O)[C@H](C(=O)NCCC(=O)NCCS)O,3.872666666666667
1171,1172,zhulab,259.53,C1=NC2=C(C(=N1)N)N=CN2[C@H]3[C@@H]([C@@H]([C@H](O3)COP(=O)(O)OP(=O)(O)OP(=O)(O)O)O)O,4.3255
1172,1173,zhulab,245.46,C([C@@H]1[C@H]([C@@H]([C@H]([C@H](O1)OP(=O)(O)O)N)O)O)O,4.091
1173,1174,zhulab,203.25,C1=NC2=C(C(=N1)N)N=CN2[C@H]3[C@@H]([C@@H]([C@H](O3)COP(=O)(O)OS(=O)(=O)O)O)O,3.3875
1174,1175,zhulab,220.28,CC1=CC2=C(C=C1C)N(C3=NC(=O)NC(=O)C3=N2)C[C@@H]([C@@H]([C@@H](COP(=O)(O)O)O)O)O,3.6713333333333336
1175,1176,zhulab,246.39,C(C(C(=O)O)O)OP(=O)(O)O,4.1065
1176,1177,zhulab,256.95,OC(COP(O)(O)=O)C(O)C(O)C(O)C(O)=O,4.2825
1177,1178,zhulab,246.95,CC(C)(COP(O)(=O)OP(O)(=O)OC[C@H]1O[C@H]([C@H](O)[C@@H]1OP(O)(O)=O)N1C=NC2=C1N=CN=C2N)C(O)C(=O)NCCC(=O)NCCSC(=O)CCC(O)=O,4.115833333333333
1178,1179,zhulab,162.95,C[N+](C)(C)CC=O,2.7158333333333333
1179,1180,zhulab,264.51,C1=CN(C(=O)N=C1N)[C@H]2[C@@H]([C@@H]([C@H](O2)COP(=O)(O)OP(=O)(O)OP(=O)(O)O)O)O,4.4085
1180,1181,zhulab,264.21,C1[C@@H]([C@H](O[C@H]1N2C=NC3=C2NC(=NC3=O)N)COP(=O)(O)OP(=O)(O)OP(=O)(O)O)O,4.403499999999999
1181,1182,zhulab,253.01,C1=CN(C(=O)NC1=O)[C@H]2[C@@H]([C@@H]([C@H](O2)COP(=O)(O)OP(=O)(O)O[C@@H]3[C@@H]([C@H]([C@@H]([C@H](O3)C(=O)O)O)O)O)O)O,4.216833333333333
1182,1183,zhulab,217.23,CCCC(=O)SCCNC(=O)CCNC(=O)[C@@H](C(C)(C)COP(=O)(O)OP(=O)(O)OC[C@@H]1[C@H]([C@H]([C@@H](O1)N2C=NC3=C2N=CN=C3N)O)OP(=O)(O)O)O,3.6205
1183,1184,zhulab,178.46,CC(=O)NCCCCN,2.9743333333333335
1184,1185,zhulab,225.85,C([C@@H](C(=O)O)NC(=O)N)C(=O)O,3.7641666666666667
1185,1186,zhulab,219.97,C1C=CN(C=C1C(=O)N)[C@H]2[C@@H]([C@@H]([C@H](O2)COP(=O)(O)OP(=O)(O)OC[C@@H]3[C@H]([C@H]([C@@H](O3)N4C=NC5=C4N=CN=C5N)O)O)O)O,3.666166666666667
1186,1187,zhulab,90.35,CC(=O)N[C@@H](CC1=CC=CC=C1)C(=O)O,1.5058333333333331
1187,1188,zhulab,99.61,C1=CC=C2C(=C1)C(=CN2)CCN,1.6601666666666666
1188,1189,zhulab,151.88,C1=CC(=C(C=C1C[C@@H](C(=O)O)N)I)O,2.5313333333333334
1189,1190,zhulab,220.75,NC(CCCC(O)=O)C(O)=O,3.6791666666666667
1190,1191,zhulab,97.79,[H]\C(CCCCCCCCCCCCC)=C(\[H])[C@@]([H])(O)[C@]([H])(COP([O-])(=O)OCC[N+](C)(C)C)N=C(O)CCCCCCCCCCCCCCCCC,1.6298333333333335
1191,1192,zhulab,244.62,C=C(C(=O)O)OP(=O)(O)O,4.077
1192,1193,zhulab,187.2,NC1=NC(=O)C2=C(NC[C@H](CNC3=CC=C(C=C3)C(=O)NC(CCC(O)=O)C(O)=O)N2)N1,3.1199999999999997
1193,1194,zhulab,222.71,CC(C)C(=O)SCCNC(=O)CCNC(=O)[C@@H](C(C)(C)COP(=O)(O)OP(=O)(O)OC[C@@H]1[C@H]([C@H]([C@@H](O1)N2C=NC3=C2N=CN=C3N)O)OP(=O)(O)O)O,3.7118333333333333
1194,1195,zhulab,203.74,CC(=O)N[C@@H]1[C@H](CC(O[C@H]1[C@@H]([C@@H](CO)O)O)(C(=O)O)O)O,3.3956666666666666
1195,1196,zhulab,204.51,CC(CC(=O)O)(CC(=O)O)O,3.4084999999999996
1196,1197,zhulab,73.75,C(C(C(C(CO)(O)[H])(O)[H])(O)[H])=O,1.2291666666666667
1197,1198,zhulab,247.42,C(COP(=O)(O)O)N,4.123666666666667
1198,1199,zhulab,211.28,[C@@H]1([C@@H]([C@H](OC([C@@H]1O)O)C(=O)O)O)O,3.521333333333333
1199,1200,zhulab,248.45,C(C[C@@H](C(=O)O)N)CN=C(N)N[C@@H](CC(=O)O)C(=O)O,4.140833333333333
1200,1201,zhulab,166.14,C1=CC(=C(C=C1CCN)O)O,2.7689999999999997
1201,1202,zhulab,213.51,C([C@@H](C(=O)NCC(=O)O)N)S,3.5585
1202,1203,zhulab,195.19,OCC(O)C(O)C(O)C(=O)C(O)=O,3.2531666666666665
1203,1204,zhulab,225.97,C1[C@@H]([C@H](O[C@H]1N2C=CC(=O)NC2=O)COP(=O)(O)O)O,3.7661666666666664
1204,1205,zhulab,73.82,C1=C(C(=O)NC(=O)N1)CO,1.2303333333333333
1205,1206,zhulab,251.96,C1[C@@H]([C@H](O[C@H]1N2C=CC(=NC2=O)N)COP(=O)(O)OP(=O)(O)O)O,4.199333333333334
1206,1207,zhulab,235.1,CC1=CN(C(=O)NC1=O)[C@H]2C[C@@H]([C@H](O2)COP(=O)(O)OP(=O)(O)O)O,3.9183333333333334
1207,1208,zhulab,215.29,C1=CC(C=CC1O)(CC(=O)C(=O)O)C(=O)O,3.5881666666666665
1208,1209,zhulab,103.15,C1=CC(=C(C=C1OC2=C(C=C(C=C2I)C[C@@H](C(=O)O)N)I)I)O,1.7191666666666667
1209,1210,zhulab,164.87,CC(C)C[C@@H](C(=O)O)NC(=O)CN,2.7478333333333333
1210,1211,zhulab,166.05,CC(=O)OC[C@@H](C(=O)O)N,2.7675
1211,1212,zhulab,257.35,C1[C@@H]([C@H](O[C@H]1N2C=NC3=C2NC(=NC3=O)N)COP(=O)(O)OP(=O)(O)O)O,4.2891666666666675
1212,1213,zhulab,145.36,COC1=CC2=C(NC=C2C[C@H](N)C(O)=O)C=C1,2.4226666666666667
1213,1214,zhulab,246.76,C[N+](C)(C)CCOP(=O)(O)O,4.112666666666667
1214,1215,zhulab,174.06,CC(=O)O[C@H](CC([O-])=O)C[N+](C)(C)C,2.9010000000000002
1215,1216,zhulab,207.65,CC(=O)N[C@@H](CCCN)C(=O)O,3.4608333333333334
1216,1217,zhulab,232.78,CN(CC(=O)O)/C(=N/P(=O)(O)O)/N,3.8796666666666666
1217,1218,zhulab,218.15,CN1C(CNC2=CC=C(C=C2)C(=O)N[C@H](CCC(O)=O)C(O)=O)CNC2=C1C(=O)NC(N)=N2,3.6358333333333333
1218,1219,zhulab,233.77,C([C@H](COP(=O)(O)O)O)O,3.896166666666667
1219,1220,zhulab,209.14,C(CC(=O)N[C@@H](CS)C(=O)O)[C@@H](C(=O)O)N,3.4856666666666665
1220,1221,zhulab,71.6,C1=CC=C(C(=C1)C(=O)NCC(=O)O)O,1.1933333333333331
1221,1222,zhulab,225.7,C1[C@@H]([C@H](O[C@H]1N2C=NC3=C2N=CN=C3N)COP(=O)(O)O)O,3.7616666666666663
1222,1223,zhulab,116.18,C1=CC2=C(C=C1O)C(=CN2)CC(=O)O,1.9363333333333335
1223,1224,zhulab,71.58,C1=CC=C2C(=C1)C(=CN2)CC(C(=O)O)O,1.193
1224,1225,zhulab,195.28,CC(=O)N[C@@H](CS)C(=O)O,3.2546666666666666
1225,1226,zhulab,213.3,CC(C)CC(=O)SCCNC(=O)CCNC(=O)C(O)C(C)(C)COP(O)(=O)OP(O)(=O)OC[C@H]1O[C@H]([C@H](O)[C@@H]1OP(O)(O)=O)N1C=NC2=C1N=CN=C2N,3.555
1226,1227,zhulab,253.71,O[C@@H]1[C@@H](COP(O)(=O)OP(O)(O)=O)OC([C@@H]1O)N1C=NC2=C1NC=NC2=O,4.2285
1227,1228,zhulab,261.56,OC(=O)CCC(O)(CC(O)=O)C(O)=O,4.359333333333334
1228,1229,zhulab,144.54,C[C@H](O)[C@H](O)C1=NC2=C(NC(N)=NC2=O)N=C1,2.409
1229,1230,zhulab,85.69,CCCCCCCCCCCCCCCC(=O)O[C@H](CC(=O)[O-])C[N+](C)(C)C,1.4281666666666666
1230,1231,zhulab,235.05,OC[C@H]1O[C@H](O[P@@](O)(=O)O[P@@](O)(=O)OC[C@H]2O[C@H]([C@H](O)[C@@H]2O)N2C=CC(=O)NC2=O)[C@H](O)[C@@H](O)[C@H]1O,3.9175
1231,1232,zhulab,222.26,C(CCNCCCN)CN,3.704333333333333
1232,1233,zhulab,235.64,C(CCN[C@@H](CCC(=O)O)C(=O)O)C[C@@H](C(=O)O)N,3.927333333333333
1233,1234,zhulab,183.53,C1=C(N=C2C(=N1)NC(=NC2=O)N)[C@@H]([C@@H](CO)O)O,3.0588333333333333
1234,1235,zhulab,193.13,C(CC(=O)O)CN=C(N)N,3.2188333333333334
1235,1236,zhulab,60.3,CCCCCCCCCCCCCCC[C@H]([C@H](CO)N)O,1.005
1237,1238,zhulab,193.74,[H][C@]12CS[C@@H](CCCCC(=O)NCCCC[C@H](N)C(O)=O)[C@@]1([H])NC(=O)N2,3.229
1238,1239,zhulab,173.59,C([C@@H](C(=O)O)N)SS(=O)(=O)O,2.8931666666666667
1239,1240,zhulab,132.3,CNCC(C1=CC=C(C=C1)O)O,2.205
1240,1241,zhulab,145.13,CC1C(NC(=O)N1)CCCCCC(=O)O,2.418833333333333
1241,1242,zhulab,99.31,C[C@H]1[C@@H]([C@H]([C@H]([C@@H](O1)O[C@@H]2[C@H]([C@@H]([C@H](O[C@H]2OC3=CC(=C4C(=O)C[C@H](OC4=C3)C5=CC=C(C=C5)O)O)CO)O)O)O)O)O,1.6551666666666667
1242,1243,zhulab,158.42,CC(C)(CO)[C@H](C(=O)NCCC(=O)O)O,2.640333333333333
1243,1244,zhulab,232.6,CC1=NC=C(C(=C1O)C=O)COP(=O)(O)O,3.8766666666666665
1244,1245,zhulab,235.33,CC(=O)N[C@@H](CC(=O)O)C(=O)N[C@@H](CCC(=O)O)C(=O)O,3.922166666666667
1246,1247,zhulab,239.22,C(CSC[C@@H](C(=O)O)N)[C@@H](C(=O)O)N,3.987
1247,1248,zhulab,87.21,COC1(C(C(CO)(OC1(N2C=CC(=N)N=C2O)[H])[H])(O)[H])[H],1.4534999999999998
1248,1249,zhulab,199.21,CCCCCCCCCC(=O)SCCNC(=O)CCNC(=O)C(O)C(C)(C)COP(O)(=O)OP(O)(=O)OC[C@H]1O[C@H]([C@H](O)[C@@H]1OP(O)(O)=O)N1C=NC2=C1N=CN=C2N,3.3201666666666667
1249,1250,zhulab,266.44,C[N+](C)(C)CCCC[C@@H](C(=O)[O-])N,4.440666666666667
1252,1253,zhulab,88.33,CCCCCC(=O)NCC(O)=O,1.4721666666666666
1253,1254,zhulab,81.64,OC(C(O)=O)C1=CC(O)=CC=C1,1.3606666666666667
1254,1255,zhulab,111.19,CC(O)C(C)C(O)=O,1.8531666666666666
1255,1256,zhulab,69.52,CN(C)CCC1=CNC2=C1C=C(C=C2)OC,1.1586666666666665
1256,1257,zhulab,159.21,CN1C2=C(NC(=O)N2)C(=O)NC1=O,2.6535
1257,1258,zhulab,89.09,OC(=O)CNCCC(=O)C1=CC=CC=C1,1.4848333333333334
1258,1259,zhulab,202.44,OC(=O)CCCCCCC(=O)NCC(O)=O,3.374
1259,1260,zhulab,145.44,C(CO)C(=O)O,2.424
1260,1261,zhulab,116.4,CC(C)C(=O)NCC(O)=O,1.9400000000000002
1261,1262,zhulab,137.98,CC[C@H](C)[C@H]1C(=O)N[C@H](C(=O)N[C@H](C(=O)N[C@@H](CSSC[C@@H](C(=O)N[C@H](C(=O)N1)CC2=CC=C(C=C2)O)N)C(=O)N3CCC[C@H]3C(=O)N[C@@H](CC(C)C)C(=O)NCC(=O)N)CC(=O)N)CCC(=O)N,2.2996666666666665
1262,1263,zhulab,271.79,CNCCCC[C@@H](C(=O)O)N,4.529833333333333
1263,1264,zhulab,249.09,CC(C(C(=O)O)(N)[H])(OP(O)(O)=O)[H],4.1515
1264,1265,zhulab,100.43,CN(C)C1=NC(=O)C2=C(N1)N(C=N2)[C@@H]1O[C@H](CO)[C@@H](O)[C@H]1O,1.6738333333333335
1265,1266,zhulab,125.32,CN1C2=C(NC1=O)NC(=O)N(C2=O)C,2.0886666666666667
1266,1267,zhulab,179.54,CCOC1(C(C(C(C(C(=O)O)(O1)[H])(O)[H])(O)[H])(O)[H])[H],2.9923333333333333
1268,1269,zhulab,122.45,C1=CC=C(C=C1)CC(=O)N[C@@H](CCC(=O)N)C(=O)O,2.0408333333333335
1269,1270,zhulab,201.72,O[C@@H]1[C@@H](O)[C@H](OC2=CC=CC=C2C(O)=O)O[C@@H]([C@H]1O)C(O)=O,3.362
1270,1271,zhulab,176.87,CC(=O)NCCCCNCCCN,2.9478333333333335
1271,1272,zhulab,157.72,CC(O)C(O)C1=NC2=C(NC1)N=C(N)NC2=O,2.6286666666666667
1272,1273,zhulab,246.55,[H][C@]1(COP(O)([O-])=O)O[C@@]([H])([N+]2=CC=CC(=C2)C(O)=O)[C@]([H])(O)[C@]1([H])O,4.109166666666667
1273,1274,zhulab,144.72,C[C@H](CCC(=O)NCC(=O)O)[C@H]1CC[C@@H]2[C@@]1([C@H](C[C@H]3[C@H]2[C@@H](C[C@H]4[C@@]3(CC[C@H](C4)O)C)O)O)C,2.412
1274,1275,zhulab,263.92,C([C@@H]1[C@H]([C@@H]([C@](O1)(COP(=O)(O)O)O)O)O)OP(=O)(O)O,4.398666666666667
1275,1276,zhulab,181.78,C[C@H](C(=O)N[C@H](C)C(=O)O)N,3.0296666666666665
1276,1277,zhulab,63.66,CNC1=NC=NC2=C1N=CN2[C@@H]1O[C@H](CO)[C@@H](O)[C@H]1O,1.061
1277,1278,zhulab,221.16,C1=C(C(=C(N1)CN)CC(=O)O)CCC(=O)O,3.686
1279,1280,zhulab,108.9,CO[C@@H]1[C@@H](CO)O[C@H]([C@@H]1O)N1C=NC2=C1NC(N)=NC2=O,1.8150000000000002
1280,1281,zhulab,82.97,CC1=CN(C2(C(C(C(CO)(O2)[H])(O)[H])(OC)[H])[H])C(=NC1=N)O,1.3828333333333334
1281,1282,zhulab,81.63,CC(=O)NC1=NC(=O)N(C=C1)[C@@H]1O[C@H](CO)[C@@H](O)[C@H]1O,1.3604999999999998
1283,1284,zhulab,136.55,CN1C(=N)C=CN(C1=O)[C@H]2[C@@H]([C@@H]([C@H](O2)CO)O)O,2.2758333333333334
1286,1287,zhulab,77.07,COC1=CN(C(=O)NC1=O)C2C(C(C(O2)CO)O)O,1.2845
1287,1288,zhulab,135.86,C1=C(C(=O)NC(=O)N1)[C@H]2[C@@H]([C@@H]([C@H](O2)CO)O)O,2.2643333333333335
1288,1289,zhulab,64.24,CN1C=NC2=C(C1=N)N=CN2[C@H]3[C@@H]([C@@H]([C@H](O3)CO)O)O,1.0706666666666667
1289,1290,zhulab,73.55,COC1C(OC(C1O)N2C=NC3=C2N=CNC3=O)CO,1.2258333333333333
1292,1293,zhulab,103.88,COC1C(C(OC1N2C=NC3=C2N=C(NC3=O)N)CO)O,1.7313333333333332
1294,1295,zhulab,86.56,COC1C(CO)OC(C1O)N1C=CC(N)=NC1=O,1.4426666666666668
1295,1296,zhulab,103.11,CN1C(N)=NC2=C(N=CN2[C@@H]2O[C@H](CO)[C@@H](O)[C@H]2O)C1=O,1.7185
1297,1298,zhulab,87.01,NC1=NC(=S)N(C=C1)C2OC(CO)C(O)C2O,1.4501666666666668
1298,1299,zhulab,82.27,C1=CC(=CC=C1/C=C/C(=O)O)O,1.3711666666666666
1299,1300,zhulab,105.89,C1=C(C=C(C(=C1I)OC2=CC(=C(C(=C2)I)O)I)I)C[C@@H](C(=O)O)N,1.7648333333333333
1301,1302,zhulab,87.14,CN1C=C(C2OC(CO)C(O)C2O)C(=O)NC1=O,1.4523333333333333
1302,1303,zhulab,160.76,C1=C(C(=NC(=O)N1C2C(C(C(O2)CO)O)O)N)CO,2.679333333333333
1303,1304,zhulab,114.19,CC(=O)OCC[N+](C)(C)C,1.9031666666666667
1304,1305,zhulab,169.13,CN(C)CC(=O)O,2.818833333333333
1305,1306,zhulab,232.81,O[C@H]1C[C@H](O)[C@@H](COP(O)(O)=O)O1,3.8801666666666668
1306,1307,zhulab,250.26,C([C@@H]1[C@H]([C@@H]([C@H](C(O1)O)O)O)O)OP(=O)(O)O,4.171
1307,1308,zhulab,243.46,C([C@@H]1[C@H]([C@@H]([C@](O1)(CO)O)O)O)OP(=O)(O)O,4.057666666666667
1308,1309,zhulab,245.52,C1=NC2=C(N1[C@H]3[C@@H]([C@@H]([C@H](O3)COP(=O)(O)O)O)O)NC(=NC2=O)N,4.0920000000000005
1309,1310,zhulab,211.31,CC(=O)C=O,3.5218333333333334
1310,1311,zhulab,192.41,CC(=O)N[C@@H]1[C@H]([C@@H]([C@H](O[C@H]1O[C@@H]2[C@H](OC([C@@H]([C@H]2O)NC(=O)C)O)CO)CO)O)O,3.2068333333333334
1311,1312,zhulab,241.57,OC[C@H]1OC(OP(O)(O)=O)[C@H](O)[C@@H](O)[C@@H]1O,4.026166666666667
1312,1313,zhulab,216.59,CC(=CCC/C(=C/COP(=O)(O)OP(=O)(O)O)/C)C,3.6098333333333334
1313,1314,zhulab,255.45,C1=NC2=C(C(=N1)N)N=CN2[C@H]3[C@@H]([C@@H]([C@H](O3)COP(=O)(O)O)OP(=O)(O)O)O,4.257499999999999
1314,1315,zhulab,247.64,C[C@](O)(CC(O)=O)CC(=O)SCCNC(=O)CCNC(=O)C(O)C(C)(C)COP(O)(=O)OP(O)(=O)OC[C@H]1O[C@H]([C@H](O)[C@@H]1OP(O)(O)=O)N1C=NC2=C1N=CN=C2N,4.1273333333333335
1315,1316,zhulab,165.82,CN1C2=C(NC(=O)NC2=O)NC1=O,2.7636666666666665
1316,1317,zhulab,212.02,C(C(=O)C(=O)O)O,3.533666666666667
1317,1318,zhulab,230.85,C([C@H]([C@H](C(=O)CO)O)O)OP(=O)(O)O,3.8474999999999997
1318,1319,zhulab,235.44,CC(=O)N[C@@H]1[C@H]([C@@H]([C@H](OC1OP(=O)(O)O)CO)O)O,3.924
1319,1320,zhulab,244.97,C1=NC2=C(N1[C@H]3[C@@H]([C@@H]([C@H](O3)COP(=O)(O)OP(=O)(O)O[C@@H]4[C@H]([C@H]([C@@H]([C@H](O4)CO)O)O)O)O)O)NC(=NC2=O)N,4.082833333333333
1320,1321,zhulab,208.93,NC(CS(O)=O)C(O)=O,3.4821666666666666
1321,1322,zhulab,232.77,CC(=O)N[C@@H]1[C@H](C[C@](O[C@H]1[C@@H]([C@@H](CO)O)O)(C(=O)O)OP(=O)(O)OC[C@@H]2[C@H]([C@H]([C@@H](O2)N3C=CC(=NC3=O)N)O)O)O,3.8795
1322,1323,zhulab,193.58,CCCCCCCCCCCCCCCC(=O)SCCNC(=O)CCNC(=O)C(O)C(C)(C)COP(O)(=O)OP(O)(=O)OC[C@H]1O[C@H]([C@H](O)[C@@H]1OP(O)(O)=O)N1C=NC2=C1N=CN=C2N,3.2263333333333337
1323,1324,zhulab,195.5,CCCCCCCCCCCCCC(=O)SCCNC(=O)CCNC(=O)C(O)C(C)(C)COP(O)(=O)OP(O)(=O)OC[C@H]1O[C@H]([C@H](O)[C@@H]1OP(O)(O)=O)N1C=NC2=C1N=CN=C2N,3.2583333333333333
1324,1325,zhulab,126.99,CNC1=NC(=O)C2=C(N1)N(C=N2)[C@@H]1O[C@H](CO)[C@@H](O)[C@H]1O,2.1165
1325,1326,zhulab,192.82,C=C(C(=O)O)O[C@@H]1C=C(C=C[C@H]1O)C(=O)O,3.2136666666666667
1326,1327,zhulab,218.24,CN1C=NC=C1C[C@@H](C(=O)O)NC(=O)CCN,3.6373333333333333
1327,1328,zhulab,228.71,CC(=O)N[C@@H]1[C@H]([C@@H]([C@H](O[C@@H]1OP(=O)(O)OP(=O)(O)OC[C@@H]2[C@H]([C@H]([C@@H](O2)N3C=CC(=O)NC3=O)O)O)CO)O)O,3.8118333333333334
1328,1329,zhulab,204.79,C(C(C(=O)O)O)C(=O)C(=O)O,3.4131666666666667
1329,1330,zhulab,231.66,C1[C@@H]2CN(CN2C3=C(N1)NC(=NC3=O)N)C4=CC=C(C=C4)C(=O)NC(CCC(=O)O)C(=O)O,3.8609999999999998
1330,1331,zhulab,196.51,C(C(=O)O)(NC(=O)N)NC(=O)N,3.2751666666666663
1331,1332,zhulab,181.17,NC1=NC(=O)N(C=C1)C1O[C@H](CO)[C@H]2OP(O)(=O)O[C@@H]12,3.0195
1332,1333,zhulab,249.67,C1=NC2=C(N1[C@H]3[C@@H]([C@@H]([C@H](O3)COP(=O)(O)O)O)O)NC(=O)NC2=O,4.1611666666666665
1333,1334,zhulab,239.01,CC(=O)N[C@@H]1[C@H]([C@@H]([C@H](OC1O)COP(=O)(O)O)O)O,3.9835
1334,1335,zhulab,187.92,C(CS(=O)O)N,3.1319999999999997
1335,1336,zhulab,74.54,C1=CC(=C(C(=C1)O)N)C(=O)O,1.2423333333333335
1336,1337,zhulab,67.09,COC1=CC2=C(C=C1)NC=C2CC(=O)O,1.1181666666666668
1337,1338,zhulab,194.48,C(CC(=O)O)C(=O)CN,3.241333333333333
1338,1339,zhulab,259.97,C1=NC2=C(C(=N1)N[C@@H](CC(=O)O)C(=O)O)N=CN2[C@H]3[C@@H]([C@@H]([C@H](O3)COP(=O)(O)O)O)O,4.332833333333334
1339,1340,zhulab,185.93,CN1C=C(N=C1)CCN,3.0988333333333333
1340,1341,zhulab,214.12,C(COC(=O)CCC(=O)O)[C@@H](C(=O)O)N,3.5686666666666667
1341,1342,zhulab,199.15,C(CN)C(=O)O,3.319166666666667
1342,1343,zhulab,91.11,C[C@H](CCC(=O)NCC(=O)O)[C@H]1CC[C@@H]2[C@@]1(CC[C@H]3[C@H]2CC[C@H]4[C@@]3(CC[C@H](C4)O)C)C,1.5185
1343,1344,zhulab,257.69,C([C@@H]1[C@@H]([C@@H]([C@H]([C@H](O1)OC[C@@H]2[C@@H]([C@@H]([C@H]([C@H](O2)OC[C@@H]3[C@H]([C@@H]([C@H]([C@H](O3)O[C@]4([C@H]([C@@H]([C@H](O4)CO)O)O)CO)O)O)O)O)O)O)O)O)O)O,4.294833333333333
1344,1345,zhulab,245.29,[H][C@@](O)(CO)[C@@]([H])(O)[C@]([H])(O)C(=O)COP(O)(O)=O,4.088166666666667
1345,1346,zhulab,146.41,[H][C@@](O)(CO)[C@@]([H])(O)[C@]([H])(O)[C@]([H])(NC(C)=O)C=O,2.440166666666667
1346,1347,zhulab,196.83,CCCCCCCCCCCC(=O)SCCNC(=O)CCNC(=O)[C@@H](C(C)(C)COP(=O)(O)OP(=O)(O)OC[C@@H]1[C@H]([C@H]([C@@H](O1)N2C=NC3=C2N=CN=C3N)O)OP(=O)(O)O)O,3.2805000000000004
1347,1348,zhulab,244.16,C([C@@H]1[C@@H]([C@@H]([C@H]([C@H](O1)OP(=O)(O)O)O)O)O)O,4.069333333333334
1348,1349,zhulab,241.51,C([C@@H]1[C@@H]([C@@H]([C@H]([C@H](O1)OC2[C@H]([C@H](C([C@H]([C@@H]2O)O)O)O)O)O)O)O)O,4.025166666666666
1349,1350,zhulab,197.6,C(CC(=O)C(=O)O)CC(=O)O,3.2933333333333334
1350,1351,zhulab,247.64,CC(C)(COP(O)(=O)OP(O)(=O)OC[C@H]1O[C@H]([C@H](O)[C@@H]1OP(O)(O)=O)N1C=NC2=C1N=CN=C2N)C(O)C(=O)NCCC(=O)NCCSC(=O)CCCC(O)=O,4.1273333333333335
1351,1352,zhulab,95.62,C[C@@H](C(=O)C1=NC2=C(NC1)NC(=NC2=O)N)O,1.5936666666666668
1353,1354,zhulab,139.23,CC\1=C(/C(=C/C2=C(C(=C(N2)/C=C\3/C(=C(C(=O)N3)C)C=C)C)CCC(=O)O)/N/C1=C\C4=NC(=O)C(=C4C)C=C)CCC(=O)O,2.3205
1354,1355,zhulab,79.38,CC1=C2CC3=C(C(=C(N3)CC4=C(C(=C(N4)CC5=C(C(=C(N5)CC(=C1CCC(=O)O)N2)CCC(=O)O)C)C=C)C)C=C)C,1.323
1355,1356,zhulab,261.1,C(CC(=O)O)C1=C(CC(=O)O)C2=CC=3C(CCC(=O)O)=C(CC(=O)O)C(=CC4=C(CCC(=O)O)C(CC(=O)O)=C(C=C5C(CCC(=O)O)=C(CC(=O)O)C(C=C1N2)=N5)N4)N3,4.3516666666666675
1356,1357,zhulab,210.48,CC(O)C(=O)SCC(N=C(O)CCC(N)C(O)=O)C(O)=NCC(O)=O,3.508
1357,1358,zhulab,264.43,C1=NC(=O)C2=C(N1)N(C=N2)[C@H]3[C@@H]([C@@H]([C@H](O3)COP(=O)(O)OP(=O)(O)OP(=O)(O)O)O)O,4.407166666666667
1358,1359,zhulab,101.04,C1=CC(=C2C(=C1)OC3=CC(=O)C(=C(C3=N2)C(=O)O)N)C(=O)O,1.6840000000000002
1359,1360,zhulab,200.26,N[C@@H](CCC(=O)N[C@@H](CSN=O)C(=O)NCC(O)=O)C(O)=O,3.3376666666666663
1360,1361,zhulab,85.61,C(CS)N,1.4268333333333334
1361,1362,zhulab,142.36,CCCCCCCC\C=C/CCCCCCCC(=O)OCC(O)COP(O)(O)=O,2.372666666666667
1362,1363,zhulab,97.52,C([C@@H]([C@H](CS)O)O)S,1.6253333333333333
1363,1364,zhulab,81.55,CC1=C(NC(=C1CCC(=O)O)CC2=C(C(=C(N2)/C=C\3/C(=C(C(=O)N3)C)C=C)C)CCC(=O)O)/C=C\4/C(=C(C(=O)N4)C=C)C,1.3591666666666666
1364,1365,zhulab,61.35,C(C(=O)CO)O,1.0225
1365,1366,zhulab,241.91,C(CC(=O)N[C@@H](CCC(=O)O)C(=O)O)[C@@H](C(=O)O)N,4.031833333333333
1366,1367,zhulab,264.29,C([C@@H]1[C@H]([C@@H]([C@H]([C@H](O1)OP(=O)(O)O)O)O)O)OP(=O)(O)O,4.404833333333333
1368,1369,zhulab,81.98,CN(C)CCC1=CC=C(C=C1)O,1.3663333333333334
1369,1370,zhulab,66.8,OC[C@@H](O)[C@H](O)C(=O)CO,1.1133333333333333
1370,1371,zhulab,262.0,C1=NC2=C(N1[C@H]3[C@@H]([C@@H]([C@H](O3)COP(=O)(O)OP(=O)(O)OP(=O)(O)OP(=O)(O)OC[C@@H]4[C@H]([C@H]([C@@H](O4)N5C=NC6=C5NC(=NC6=O)N)O)O)O)O)NC(=NC2=O)N,4.366666666666666
1371,1372,zhulab,112.32,C[C@H](CCC(=O)NCC(=O)O)[C@H]1CC[C@@H]2[C@@]1([C@H](C[C@H]3[C@H]2CC[C@H]4[C@@]3(CC[C@H](C4)O)C)O)C,1.8719999999999999
1373,1374,zhulab,205.54,C/C(=C\C(=O)O)/C(=O)O,3.4256666666666664
1374,1375,zhulab,182.11,C([C@@H]([C@H](C(=O)O)O)O)O,3.035166666666667
1375,1376,zhulab,72.42,CCCCCCCCCCCCCC[C@H]([C@H]([C@H](CO)N)O)O,1.207
1376,1377,zhulab,179.28,C1[C@@H]2[C@H]([C@H]([C@@H](O2)N3C=NC4=C3NC(=NC4=O)N)O)OP(=O)(O1)O,2.988
1377,1378,zhulab,238.04,C[C@@H]1OC(OP(O)(=O)OP(O)(=O)OC[C@H]2O[C@H]([C@H](O)[C@@H]2O)N2C=NC3=C2N=C(N)NC3=O)[C@@H](O)[C@H](O)[C@@H]1O,3.9673333333333334
1378,1379,zhulab,108.98,C[C@]12CC[C@H]3[C@H]([C@@H]1CCC2=O)CCC4=C3C=CC(=C4)O[C@H]5[C@@H]([C@H]([C@@H]([C@H](O5)C(=O)O)O)O)O,1.8163333333333334
1379,1380,zhulab,76.57,CCCCCC(O)C=CC1C(O)CC2OC(CC12)=CCCCC(O)=O,1.2761666666666664
1380,1381,zhulab,246.19,C1=NC2=C(C(=N1)N)N=CN2[C@H]3[C@@H]([C@@H]([C@H](O3)COP(=O)(O)OP(=O)(O)OP(=O)(O)OP(=O)(O)OC[C@@H]4[C@H]([C@H]([C@@H](O4)N5C=NC6=C5N=CN=C6N)O)O)O)O,4.103166666666667
1381,1382,zhulab,233.42,NC1=C2N=CN([C@@H]3O[C@H](COP(O)(=O)OP(O)(=O)OC[C@H]4O[C@H]([C@H](O)[C@@H]4O)[N+]4=CC=CC(=C4)C(O)=O)[C@@H](O)[C@H]3O)C2=NC=N1,3.890333333333333
1382,1383,zhulab,232.99,C1[C@@H]([C@H](O[C@H]1N2C=NC3=C2NC=NC3=O)COP(=O)(O)O)O,3.883166666666667
1383,1384,zhulab,218.44,C1=NC2=C(C(=N1)N)N=CN2[C@H]3[C@@H]([C@@H]([C@H](O3)CO)OP(=O)(O)O)O,3.6406666666666667
1385,1386,zhulab,263.46,C(C1(C(C(C(O1)(OP(O)(O)=O)[H])(O)[H])(O)[H])[H])OP(O)(O)=O,4.391
1386,1387,zhulab,170.08,OCC(O)C(O)C(O)C(O)CO,2.8346666666666667
1387,1388,zhulab,246.63,O[C@@H]1O[C@H](COP(O)(O)=O)[C@@H](O)[C@H](O)[C@@H]1O,4.1105
1388,1389,zhulab,191.61,CCCCCCCCCCCCCCCCCC(=O)SCCNC(=O)CCNC(=O)C(O)C(C)(C)COP(O)(=O)OP(O)(=O)OC[C@H]1O[C@H]([C@H](O)[C@@H]1OP(O)(O)=O)N1C=NC2=C1N=CN=C2N,3.1935000000000002
1389,1390,zhulab,264.02,C1=C(NC=N1)C[C@@H](COP(=O)(O)O)N,4.400333333333333
1390,1391,zhulab,113.2,CC(=O)CC(=O)O,1.8866666666666667
1391,1392,zhulab,191.92,NC(CCC(=O)NC(CC1=CC=CC=C1)C(O)=O)C(O)=O,3.1986666666666665
1392,1393,zhulab,199.94,CSCCC(C(=O)O)NC(=O)CCC(C(=O)O)N,3.332333333333333
1393,1394,zhulab,239.32,CC1OC(OP(O)(O)=O)C(O)C(O)C1O,3.9886666666666666
1394,1395,zhulab,206.03,CC(C)C(C(=O)O)NC(=O)CCC(C(=O)O)N,3.4338333333333333
1395,1396,zhulab,67.98,[C@](COP(=O)([O-])OCC[N+](C)(C)C)([H])(OC(CCCCCCC/C=C\CCCCCCCC)=O)COC(CCCCCCCCCCCCCCCCC)=O,1.133
1396,1397,zhulab,98.47,[H][C@@](O)(COC(=O)CCCCCCCCCCCCCCCCC)COP([O-])(=O)OCC[N+](C)(C)C,1.6411666666666667
1397,1398,zhulab,244.37,OC[C@H]1OC(OP(O)(O)=O)[C@@H](O)[C@@H](O)[C@@H]1O,4.0728333333333335
1398,1399,zhulab,104.97,[C@](COP(=O)(O)O)([H])(OC(CCCCCCCCCCCCCCCCC)=O)COC(CCCCCCCCCCCCCCCCC)=O,1.7495
1399,1400,zhulab,256.72,C(C[C@@H](C(=O)O)N)CN=C(N)NO,4.278666666666667
1400,1401,zhulab,166.84,C1=CC(=C(C(=C1)O)N)C(=O)CC(C(=O)O)N,2.780666666666667
1401,1402,zhulab,71.17,C1=NC(=C(N1)C(=O)N)N,1.1861666666666666
1402,1403,zhulab,87.9,CCCCCCCCCCCCCCCCCC(=O)O[C@H](CC([O-])=O)C[N+](C)(C)C,1.465
1403,1404,zhulab,248.03,C(COP(=O)(O)O)[C@@H](C(=O)O)N,4.1338333333333335
1404,1405,zhulab,176.04,C([C@@H]([C@@H](CO)O)O)C(=O)C(=O)O,2.9339999999999997
1405,1406,zhulab,223.39,CC(=O)[C@H]([C@@H](COP(=O)(O)O)O)O,3.7231666666666663
1406,1407,zhulab,85.15,C([C@H]([C@H](CO)O)O)O,1.4191666666666667
1407,1408,zhulab,228.43,C1=NC2=C(C(=N1)N)N=CN2[C@H]3[C@@H]([C@@H]([C@H](O3)COP(=O)(O)OP(=O)(O)O[C@@H]4[C@@H]([C@H]([C@@H]([C@H](O4)CO)O)O)O)O)O,3.807166666666667
1408,1409,zhulab,192.28,CCCCCCCC/C=C\CCCCCCCC(=O)SCCNC(=O)CCNC(=O)[C@@H](C(C)(C)COP(=O)(O)OP(=O)(O)OC[C@@H]1[C@H]([C@H]([C@@H](O1)N2C=NC3=C2N=CN=C3N)O)OP(=O)(O)O)O,3.2046666666666668
1409,1410,zhulab,242.51,NC1=NC(=O)C2=C(N1)N(C=N2)[C@@H]1O[C@H](COP(O)(=O)OP(O)(=O)O[C@H]2O[C@H](CO)[C@@H](O)[C@H](O)[C@H]2O)[C@@H](O)[C@H]1O,4.041833333333333
1410,1411,zhulab,88.87,CCCCC[C@H](O)\C=C\[C@H]1[C@H](O)C[C@H](O)[C@@H]1C\C=C\CCCC(O)=O,1.4811666666666667
1411,1412,zhulab,224.8,Nc1ncnc2c1ncn2C3OC(COP(=O)(O)OP(=O)(O)OCC(O)C(O)C(O)C=O)C(O)C3O,3.746666666666667
1412,1413,zhulab,190.4,OC1CC(O)(CC(O)C1O)C(=O)O,3.1733333333333333
1413,1414,zhulab,215.33,CC(C)(COP(O)(=O)OP(O)(=O)OC[C@H]1O[C@H]([C@H](O)[C@@H]1OP(O)(O)=O)N1C=NC2=C1N=CN=C2N)[C@@H](O)C(=O)NCCC(=O)NCCSC(=O)C1=CC=CC=C1,3.5888333333333335
1414,1415,zhulab,247.79,C[C@@H](C(O)=O)C(=O)SCCNC(=O)CCNC(=O)C(O)C(C)(C)COP(O)(=O)OP(O)(=O)OC[C@H]1O[C@H]([C@H](O)[C@@H]1OP(O)(O)=O)N1C=NC2=C1N=CN=C2N,4.129833333333333
1415,1416,zhulab,241.1,CC1=NC=C(C(=C1O)CO)COP(=O)(O)O,4.0183333333333335
1417,1418,zhulab,228.95,C([C@@H](COP(=O)(O)O)O)O,3.815833333333333
1418,1419,zhulab,234.86,C[C@@](CCOP(=O)(O)O)(CC(=O)O)O,3.9143333333333334
1419,1420,zhulab,172.27,C1=C(C=C(C(=C1I)O)I)C[C@@H](C(=O)O)N,2.871166666666667
1420,1421,zhulab,146.19,CC(=O)N[C@H]1[C@H](O)O[C@H](CO)[C@H](O)[C@@H]1O,2.4365
1421,1422,zhulab,226.42,C([C@H]([C@H]([C@@H]([C@@H](COP(=O)(O)O)O)O)O)O)O,3.7736666666666663
1422,1423,zhulab,244.91,C(C(=O)O)OP(=O)(O)O,4.081833333333333
1423,1424,zhulab,63.57,O[C@@H]1COC(=O)[C@H](O)[C@@H](O)[C@H]1O,1.0595
1424,1425,zhulab,161.92,C[N+]1=CC=CC(=C1)C(=O)[O-],2.6986666666666665
1425,1426,zhulab,171.8,C([C@H]([C@@H](CO)O)O)C(=O)C(=O)O,2.8633333333333337
1426,1427,zhulab,163.31,CC(=O)NCCC(=O)O,2.7218333333333335
1427,1428,zhulab,161.68,CCCCCCCCCCCCCCC[C@H]([C@H](COP(=O)(O)O)N)O,2.694666666666667
1429,1430,zhulab,134.24,C[C@H](CCC(=O)O)[C@H]1CC[C@@H]2[C@@]1([C@H](C[C@H]3[C@H]2[C@@H](C[C@@H]4[C@@]3(CC[C@H](C4)O)C)O)O)C,2.2373333333333334
1430,1431,zhulab,132.03,C[C@H](CCC(=O)O)[C@H]1CC[C@@H]2[C@@]1([C@H](C[C@H]3[C@H]2[C@H](C[C@H]4[C@@]3(CC[C@H](C4)O)C)O)O)C,2.2005
1431,1432,zhulab,110.64,CC(CCC(=O)O)(C1(CCC2(C3(C(CCC12C)(C4(C)CCC(CC4(C(C3(O)[H])(O)[H])[H])(O)[H])[H])[H])[H])[H])[H],1.844
1432,1433,zhulab,98.54,CC(CCC(=O)O)(C1(CCC2(C3(C(CCC12C)(C4(C)CCC(CC4(C(C3(O)[H])(O)[H])[H])(O)[H])[H])[H])[H])[H])[H],1.6423333333333334
1433,1434,zhulab,73.52,C[C@H](CCC(=O)O)[C@H]1CC[C@@H]2[C@@]1(CC[C@H]3[C@H]2[C@H](C[C@H]4[C@@]3(CC[C@H](C4)O)C)O)C,1.2253333333333332
1434,1435,zhulab,81.14,CC(CCC(=O)O)(C1(CCC2(C3(CC(C4(CC(CCC4(C)C3(CCC12C)[H])(O)[H])[H])(O)[H])[H])[H])[H])[H],1.3523333333333334
1435,1436,zhulab,63.82,C[C@H](CCC(=O)NCCS(=O)(=O)O)[C@H]1CC[C@@H]2[C@@]1(CC[C@H]3[C@H]2[C@H](C[C@H]4[C@@]3(CC[C@H](C4)O)C)O)C,1.0636666666666668
1436,1437,zhulab,123.82,C[C@H](CCC(=O)NCC(=O)O)[C@H]1CC[C@@H]2[C@@]1(CC[C@H]3[C@H]2[C@H](C[C@H]4[C@@]3(CC[C@H](C4)O)C)O)C,2.0636666666666668
1437,1438,zhulab,221.66,C1C2(C(C(C(N3C=NC4=C(C3=N)N=CN4C5(C(C(C(COP(O)(=O)OP(O)(=O)O1)(O5)[H])(O)[H])(O)[H])[H])(O2)[H])(O)[H])(O)[H])[H],3.6943333333333332
1439,1440,zhulab,256.46,C(C(C(=O)O)(N=C(C1=C(N)N(C=N1)C2(C(C(C(COP(O)(O)=O)(O2)[H])(O)[H])(O)[H])[H])O)[H])C(=O)O,4.274333333333333
1440,1441,zhulab,217.46,C1C2C(C(C(O2)N3C=NC4=C3N=C(NC4=O)N)O)OP(=O)(OCC5C(C(C(O5)N6C=NC7=C(N=CN=C76)N)O)OP(=O)(O1)O)O,3.6243333333333334
1441,1442,zhulab,212.18,C(C(C(=O)O)(NC1=C2C(=NC=N1)N(C=N2)C3(C(C(C(CO)(O3)[H])(O)[H])(O)[H])[H])[H])C(=O)O,3.5363333333333333
1442,1443,zhulab,192.35,CCCCCCCC/C=C/CCCCCCCCCC(=O)O,3.205833333333333
1445,1446,zhulab,258.2,C(CCN)CC(C(=O)O)NC(=O)CCC(C(=O)O)N,4.303333333333333
1446,1447,zhulab,90.37,C1CC1(C(=O)O)N,1.5061666666666667
1447,1448,zhulab,208.32,CCCCCCCC(=O)OC1=CC2=CC=CC=C2C=C1,3.472
1448,1449,zhulab,210.56,CC(=O)N[C@@H](CCCCN)C(O)=O,3.509333333333333
1449,1450,zhulab,113.77,C[C@H](CCC(=O)O)[C@H]1CC[C@@H]2[C@@]1(CC[C@H]3[C@H]2[C@@H]([C@@H]([C@H]4[C@@]3(CC[C@H](C4)O)C)O)O)C,1.8961666666666666
1451,1452,zhulab,137.47,C[C@H](CCC(=O)NCC(=O)O)C1CCC2[C@@]1(CCC3C2[C@H]([C@H]([C@H]4[C@@]3(CC[C@H](C4)O)C)O)O)C,2.291166666666667
1452,1453,zhulab,87.71,C[C@H](CCC(=O)NCCS(=O)(=O)O)[C@H]1CC[C@@H]2[C@@]1(CC[C@H]3[C@H]2[C@H]([C@H]([C@H]4[C@@]3(CC[C@H](C4)O)C)O)O)C,1.4618333333333333
1453,1454,zhulab,156.37,C[C@H](CCC(=O)O)[C@H]1CC[C@@H]2[C@@]1([C@H](C[C@H]3[C@H]2[C@@H](C[C@H]4[C@@]3(CC[C@H](C4)O)C)OS(=O)(=O)O)O)C,2.6061666666666667
1454,1455,zhulab,80.58,C[C@H](CC(=O)O)[C@H]1CC[C@@H]2[C@@]1([C@H](C[C@H]3[C@H]2CC[C@H]4[C@@]3(CC[C@H](C4)O)C)O)C,1.343
1455,1456,zhulab,125.85,C[C@H](CCC(=O)O)[C@H]1CC[C@@H]2[C@@]1(CC[C@H]3[C@H]2[C@H]([C@@H]([C@H]4[C@@]3(CC[C@H](C4)O)C)O)O)C,2.0974999999999997
1458,1459,zhulab,70.07,C[C@H](CCC(=O)O)[C@H]1CC[C@@H]2[C@@]1(C(=O)C[C@H]3[C@H]2C(=O)C[C@H]4[C@@]3(CC[C@H](C4)O)C)C,1.1678333333333333
1459,1460,zhulab,105.9,C[C@H](CCC(=O)O)[C@H]1CC[C@@H]2[C@@]1([C@H](C[C@H]3[C@H]2C(=O)C[C@H]4[C@@]3(CC[C@H](C4)O)C)O)C,1.7650000000000001
1460,1461,zhulab,194.3,C[C@H](CCC(=O)O)[C@H]1CC[C@@H]2[C@@]1([C@H](C[C@H]3[C@H]2[C@@H](C[C@H]4[C@@]3(CC[C@H](C4)O[C@H]5[C@@H]([C@H]([C@@H]([C@H](O5)C(=O)O)O)O)O)C)O)O)C,3.2383333333333337
1461,1462,zhulab,183.52,C[C@H](CCC(=O)O)[C@H]1CC[C@@H]2[C@@]1([C@H](C[C@H]3[C@H]2CC[C@H]4[C@@]3(CC[C@H](C4)O[C@H]5[C@@H]([C@H]([C@@H]([C@H](O5)C(=O)O)O)O)O)C)O)C,3.058666666666667
1463,1464,zhulab,83.36,C[C@H](CCC(=O)O)[C@H]1CCC2=C3CC[C@@H]4C[C@@H](CC[C@@]4([C@H]3C[C@@H]([C@]12C)O)C)O,1.3893333333333333
1464,1465,zhulab,142.29,[H][C@@]12[C@]([C@](CC[C@@H](O)C3)(C)[C@]3([H])[C@@H](O)[C@H]2O)([H])CC[C@@]4(C)[C@@]1([H])CC[C@]4([H])[C@]([H])(C)CCC(NCC(O)=O)=O,2.3714999999999997
1465,1466,zhulab,101.21,C[C@H](CCC(NCC(O)=O)=O)[C@H]([C@]12C)CC[C@@]1([H])[C@]3([H])C(C[C@]4([H])CC(CC[C@]4(C)[C@@]3([H])CC2=O)=O)=O,1.6868333333333332
1466,1467,zhulab,100.26,[H][C@@]12[C@]([C@](CC[C@@H](O)C3)(C)[C@]3([H])[C@@H](O)[C@H]2O)([H])CC[C@@]4(C)[C@@]1([H])CC[C@]4([H])[C@]([H])(C)CCC(NCCS(=O)(O)=O)=O,1.671
1467,1468,zhulab,267.89,CC(=O)NCCCNCCCCN,4.464833333333333
1468,1469,zhulab,189.86,CC(=O)NCCCCNCCCNC(=O)C,3.1643333333333334
1470,1471,zhulab,82.97,CC[C@@H]1[C@@]([C@@H]([C@H](N(C[C@@H](C[C@@]([C@@H]([C@H]([C@@H]([C@H](C(=O)O1)C)O[C@H]2C[C@@]([C@H]([C@@H](O2)C)O)(C)OC)C)O[C@H]3[C@@H]([C@H](C[C@H](O3)C)N(C)C)O)(C)O)C)C)C)O)(C)O,1.3828333333333334
1473,1474,zhulab,70.58,CN1C2=C(NC1=O)N(C(=O)N(C2=O)C)C,1.1763333333333332
1474,1475,zhulab,101.3,CN1C=NC2=C1C(=O)NC(=N2)N,1.6883333333333332
1475,1476,zhulab,122.63,CC(C)(C1=CC=C(C=C1)C(CCCN2CCC(CC2)C(C3=CC=CC=C3)(C4=CC=CC=C4)O)O)C(=O)O,2.043833333333333
1476,1477,zhulab,201.6,C(CC(C(=O)O)O)CC(=O)O,3.36
1477,1478,zhulab,110.23,CC(=O)NC1=C(NC(=O)N(C1=O)C)N,1.8371666666666668
1478,1479,zhulab,171.43,C(CC(=O)O)C1C(=O)NC(=O)N1,2.8571666666666666
1479,1480,zhulab,96.47,C(CC(=O)C(=O)[O-])C[NH+]=C(N)N,1.6078333333333332
1480,1481,zhulab,109.16,CC(=O)N[C@@H](CC1=CNC2=CC=CC=C21)C(=O)O,1.8193333333333332
1481,1482,zhulab,96.61,C[C@@H](CO)C(=O)O,1.6101666666666667
1482,1483,zhulab,65.47,CC(C)NCC(COC1=CC=C(C=C1)CCOC)O,1.0911666666666666
1483,1484,zhulab,149.96,CCCC(=O)O[C@H](CC(=O)[O-])C[N+](C)(C)C,2.4993333333333334
1484,1485,zhulab,173.58,CN1C=C(N=C1)CC(=O)O,2.8930000000000002
1485,1486,zhulab,197.54,C1=CC(=C[N+](=C1)[C@H]2[C@@H]([C@@H]([C@H](O2)CO)O)O)C(=O)N,3.292333333333333
1486,1487,zhulab,130.27,CC(C)NCC(COC1=CC=C(C=C1)CC(=O)N)O,2.1711666666666667
1488,1489,zhulab,113.92,C[N+](C)(C)[C@@H](CC1=CNC2=CC=CC=C21)C(=O)[O-],1.8986666666666667
1489,1490,zhulab,63.12,CCCCCC(CC(=O)O)O,1.052
1490,1491,zhulab,139.8,CC(C)CC(=O)O[C@H](CC(=O)[O-])C[N+](C)(C)C,2.33
1491,1492,zhulab,140.66,C1=CC(=CC=C1C(=O)NCC(=O)O)O,2.344333333333333
1492,1493,zhulab,135.84,C1=CC(=C(C(=C1)O)N)C(=O)NCC(=O)O,2.2640000000000002
1493,1494,zhulab,130.31,C1=CC(=CC(=C1)O)C(=O)NCC(=O)O,2.1718333333333333
1494,1495,zhulab,140.1,C1=CC(=CN=C1)C(=O)CCC(=O)O,2.335
1495,1496,zhulab,138.49,C[C@H](CC(=O)O)O,2.3081666666666667
1496,1497,zhulab,170.5,C1=CC(=CC=C1C[C@@H](C(=O)O)N)OS(=O)(=O)O,2.841666666666667
1497,1498,zhulab,192.99,C(CCO)C[C@@H](C(=O)O)N,3.2165000000000004
1498,1499,zhulab,162.17,CCC(=O)OC(CC(=O)[O-])C[N+](C)(C)C,2.702833333333333
1499,1500,zhulab,152.47,CC(C)C(=O)O[C@H](CC(=O)[O-])C[N+](C)(C)C,2.541166666666667
1500,1501,zhulab,147.95,C/C=C(\C)/C(=O)OC(CC(=O)[O-])C[N+](C)(C)C,2.4658333333333333
1501,1502,zhulab,180.05,C[C@@H](O)CC(=O)O[C@@H](CC([O-])=O)C[N+](C)(C)C,3.0008333333333335
1502,1503,zhulab,132.74,CCCCCC(=O)OC(CC(=O)[O-])C[N+](C)(C)C,2.2123333333333335
1503,1504,zhulab,120.17,CCCCCCCC(=O)OC(CC(=O)[O-])C[N+](C)(C)C,2.0028333333333332
1504,1505,zhulab,112.11,CCCCCCCCCC(=O)O[C@H](CC([O-])=O)C[N+](C)(C)C,1.8685
1505,1506,zhulab,95.48,CCCCC/C=C\C/C=C\C/C=C\C/C=C\CCCC(=O)O[C@H](CC(=O)[O-])C[N+](C)(C)C,1.5913333333333335
1506,1507,zhulab,128.84,CSCCC(NC(=O)C(CC1=CC=CC=C1)NC(=O)CNC(=O)CNC(=O)C(N)CC1=CC=C(O)C=C1)C(O)=O,2.1473333333333335
1507,1508,zhulab,125.54,CC(C)C[C@@H](C(=O)O)NC(=O)[C@H](CC1=CC=CC=C1)NC(=O)CNC(=O)CNC(=O)[C@H](CC2=CC=C(C=C2)O)N,2.0923333333333334
1508,1509,zhulab,71.61,CN1C=NC2=C(N=CN2[C@@H]2O[C@H](CO)[C@@H](O)[C@H]2O)C1=O,1.1935
1509,1510,zhulab,116.69,CCCCCCCCCCCCCC(=O)OC[C@@H](O)COP([O-])(=O)OCC[N+](C)(C)C,1.9448333333333332
1510,1511,zhulab,172.99,O[C@@H]1C[C@@](O)(CC(=O)[C@H]1O)C(O)=O,2.883166666666667
1511,1512,zhulab,172.48,CC(=O)NC1=CC=C(O[C@@H]2O[C@@H]([C@@H](O)[C@H](O)[C@H]2O)C(O)=O)C=C1,2.8746666666666667
1513,1514,zhulab,184.79,[H][C@@]1(CC[C@@]2([H])[C@]3([H])[C@H](O)C[C@]4([H])C[C@@H](CC[C@]4(C)[C@@]3([H])CC[C@]12C)OC1O[C@@H]([C@@H](O)[C@H](O)[C@H]1O)C(O)=O)[C@H](C)CCC(O)=O,3.079833333333333
1514,1515,zhulab,240.58,NC(CSC(=S)C(NC(=O)CCC(N)C(O)=O)C(=O)NCC(O)=O)C(O)O,4.009666666666667
1515,1516,zhulab,184.51,C[N+](C)(C)[C@@H](CC1=CNC(=S)N1)C([O-])=O,3.0751666666666666
1516,1517,zhulab,211.37,OC(=O)CC[C@H](NC=N)C(O)=O,3.5228333333333333
1518,1519,zhulab,196.12,CC(C)C[C@H](NC(=O)CC[C@H](N)C(O)=O)C(O)=O,3.268666666666667
1519,1520,zhulab,144.34,COC1=C(OS(O)(=O)=O)C=CC(CC(O)=O)=C1,2.405666666666667
1520,1521,zhulab,94.39,CC(C)C[C@H](N)C(=O)N[C@@H](CC1=CC=CC=C1)C(O)=O,1.5731666666666666
1521,1522,zhulab,175.45,CS(=O)(=O)CC[C@H](N)C(O)=O,2.9241666666666664
1522,1523,zhulab,182.82,CC(=O)NCCC(=O)N[C@H](CC1=CN=CN1)C(O)=O,3.0469999999999997
1523,1524,zhulab,178.72,CC(=O)N[C@@H](CCCNC(N)=O)C(O)=O,2.978666666666667
1524,1525,zhulab,88.02,C[C@H](O)C(=O)N[C@@H](CC1=CC=CC=C1)C(O)=O,1.4669999999999999
1526,1527,zhulab,198.74,CN[C@@H](CCC(O)=O)C(O)=O,3.3123333333333336
1527,1528,zhulab,64.2,FC1=CC=C(C=C1)[C@@H]1CCNC[C@H]1COC1=CC2=C(OCO2)C=C1,1.07
1528,1529,zhulab,128.61,CC1=CC=C(O[C@@H]2O[C@@H]([C@@H](O)[C@H](O)[C@H]2O)C(O)=O)C=C1,2.1435000000000004
1529,1530,zhulab,80.18,N[C@@H](CC1=CC=CC=C1)C(=O)N[C@@H](CC1=CC=CC=C1)C(O)=O,1.3363333333333334
1530,1531,zhulab,166.65,NC(CCCCN1C(CO)=CC=C1C=O)C(O)=O,2.7775000000000003
1531,1532,zhulab,85.83,[H][C@@]12C[C@@H]([C@H](OC(C)=O)[C@@]1(C)CC[C@@]1([H])[C@@]2([H])CC[C@@]2([H])C[C@H](O)[C@H](C[C@]12C)N1CCOCC1)[N+]1(CC=C)CCCC1,1.4304999999999999
1532,1533,zhulab,188.37,CS(=O)CC(N)C(O)=O,3.1395
1535,1536,zhulab,148.73,CC(NC(=O)C(N)CC1=CC=C(O)C=C1)C(O)=O,2.478833333333333
1536,1537,zhulab,202.6,NC(CC1=CC=C(O)C=C1)C(=O)NC(CCC(O)=O)C(O)=O,3.3766666666666665
1537,1538,zhulab,68.98,CCCCC(=O)N(CC1=CC=C(C=C1)C1=CC=CC=C1C1=NNN=N1)[C@@H](C(C)C)C(O)=O,1.1496666666666668
1539,1540,zhulab,208.67,CC(CC(=O)[O-])CC(=O)OC(CC(=O)O)C[N+](C)(C)C,3.4778333333333333
1540,1541,zhulab,157.67,C1=NC(=C2C(=N1)N(C=N2)C3C4C(C(O3)CO)OP(=O)(O4)O)N,2.6278333333333332
1541,1542,zhulab,240.45,NC(CC(O)=O)C(=O)NC(CCC(O)=O)C(O)=O,4.007499999999999
1542,1543,zhulab,112.84,CCCCCC=CCCC(=O)OC(CC(=O)[O-])C[N+](C)(C)C,1.8806666666666667
1543,1544,zhulab,231.2,C(CC(=O)N[C@H](CO)C(=O)NCC(=O)O)[C@H](C(=O)O)N,3.853333333333333
1544,1545,zhulab,223.22,C[C@@H](O)[C@H](NC(CC[C@H](N)C(O)=O)=O)C(NCC(O)=O)=O,3.7203333333333335
1545,1546,zhulab,238.48,C(CC(=O)O)[C@@H](C(=O)N[C@@H](CCC(=O)O)C(=O)O)N,3.9746666666666663
1546,1547,zhulab,222.81,C(CC(=O)N[C@H](CS(=O)(=O)N)C(=O)NCC(=O)O)[C@@H](C(=O)O)N,3.7135000000000002
1547,1548,zhulab,237.82,C(CC(=O)N[C@@H](CS(=O)(=O)O)C(=O)NCC(=O)O)[C@@H](C(=O)O)N,3.9636666666666667
1548,1549,zhulab,113.5,[H][C@@]1(CC[C@@]2([H])[C@]3([H])CC[C@]4([H])C[C@@H](CC[C@]4(C)[C@@]3([H])CC[C@]12C)OS(O)(=O)=O)[C@H](C)CCC(=O)NCC(O)=O,1.8916666666666666
1549,1550,zhulab,155.6,NCC(O)=NC(CC1=CC=CC=C1)C(O)=O,2.5933333333333333
1550,1551,zhulab,175.37,CC(C)[C@@H](C(=O)O)NC(=O)CN,2.9228333333333336
1551,1552,zhulab,106.18,CCCCCCCCCCCC(=O)O[C@H](CC(=O)[O-])C[N+](C)(C)C,1.7696666666666667
1552,1553,zhulab,106.93,CC(C)C[C@@H](C(=O)N[C@@H](CC(C)C)C(=O)O)N,1.7821666666666667
1553,1554,zhulab,112.81,O[C@@H](COP(OCC[N+](C)(C)C)([O-])=O)COC(CCCCCCC/C=C\C/C=C\CCCCC)=O,1.8801666666666668
1554,1555,zhulab,116.12,CCCCCCCC/C=C\CCCCCCCC(=O)OC[C@H](COP(=O)(O)OCCN)O,1.9353333333333333
1555,1556,zhulab,102.36,CCCCCCCCCCCCCC(=O)O[C@H](CC(O)=O)C[N+](C)(C)C,1.706
1556,1557,zhulab,177.03,C[C@H](C(=O)O)O[C@H]1[C@@H]([C@H](OC([C@@H]1NC(=O)C)O)CO)O,2.9505
1557,1558,zhulab,96.56,N[C@@H](CC1=CC=CC=C1)C(=O)N[C@@H](CC1=CNC2=CC=CC=C12)C(O)=O,1.6093333333333333
1558,1559,zhulab,132.59,C[C@@H]([C@H]1CC[C@@H]2[C@@]1(CC[C@H]3[C@H]2CC[C@H]4[C@@]3(CC[C@H](C4)O[C@H]5[C@@H]([C@H]([C@@H]([C@H](O5)C(=O)O)O)O)O)C)C)O,2.2098333333333335
1559,1560,zhulab,222.93,C1C[C@H](NC1)C(=O)N2C[C@@H](C[C@H]2C(=O)O)O,3.7155
1561,1562,zhulab,185.15,C[C@H](NC(=O)[C@@H](N)CO)C(O)=O,3.0858333333333334
1562,1563,zhulab,139.89,CCCCC(=O)O[C@H](CC([O-])=O)C[N+](C)(C)C,2.3314999999999997
1563,1564,zhulab,68.59,C1=CN=C(C=N1)CN,1.1431666666666667
1564,1565,zhulab,186.25,C[C@@H](C(=O)NCC(=O)O)N,3.1041666666666665
1565,1566,zhulab,206.24,C1=C(NC=N1)C[C@@H](C(=O)NCC(=O)O)N,3.4373333333333336
1566,1567,zhulab,199.27,CC(=O)N[C@@H](CCCN=C(N)N)C(=O)O,3.321166666666667
1567,1568,zhulab,140.41,C1C[C@H](N(C1)C(=O)[C@H](CC2=CC=CC=C2)N)C(=O)O,2.3401666666666667
1569,1570,zhulab,122.63,COC1=C(C=C2C(=C1)CC(C2=O)CC3CCNCC3)OC,2.043833333333333
1570,1571,zhulab,211.9,C[N+](C)(C)C[C@@H](CC(=O)[O-])OC(=O)CCCC(=O)O,3.5316666666666667
1571,1572,zhulab,115.95,CC(=O)N[C@@H](CCSC)C(=O)O,1.9325
1573,1574,zhulab,72.85,C(CCC/C=C/C(=O)O)CCCO,1.2141666666666666
1574,1575,zhulab,238.21,C(C[C@@H](C(=O)O)NC(=O)[C@H](CCC(=O)O)N)CN=C(N)N,3.9701666666666666
1575,1576,zhulab,100.75,CC(C)[C@@H](C(=O)O)NC(=O)[C@H](CC1=CC=CC=C1)N,1.6791666666666667
1576,1577,zhulab,187.36,C1=CC=C(C=C1)C[C@@H](C(=O)O)NC(=O)[C@H](CCCN=C(N)N)N,3.122666666666667
1577,1578,zhulab,194.05,C1C[C@H](NC1)C(=O)NCC(=O)O,3.234166666666667
1578,1579,zhulab,177.05,C[C@H]([C@@H](C(=O)O)N)C(C)O,2.9508333333333336
1579,1580,zhulab,211.96,C(CC(=O)O)C(=O)CCC(=O)O,3.5326666666666666
1580,1581,zhulab,194.58,CNCCCC(=O)O,3.2430000000000003
1581,1582,zhulab,210.41,C1=C(NC=N1)C[C@@H](C(=O)O)NC(=O)CN,3.5068333333333332
1582,1583,zhulab,217.73,C(C1C(C(C(C(O1)OC(C(CO)O)C(C(CO)O)O)O)O)O)O,3.628833333333333
1583,1584,zhulab,76.73,CCCCCCCCCCCCCCCC(=O)O[C@H](COC(=O)CCCCCCCCCCCCC)COP(=O)([O-])OCC[N+](C)(C)C,1.2788333333333335
1584,1585,zhulab,168.38,C1[C@@H]([C@H]([C@@H]([C@H](N1CCO)CO)O)O)O,2.8063333333333333
1585,1586,zhulab,182.01,CC(CC1=CC=C(C=C1)C(C)C(=O)O)C(=O)O,3.0334999999999996
1586,1587,zhulab,62.93,C[C@H](CCC(=O)O)[C@H]1CC[C@@H]2[C@@]1([C@H](C[C@H]3[C@H]2[C@@H](C[C@H]4[C@@]3(CCCC4)C)O)O)C,1.0488333333333333
1587,1588,zhulab,79.1,C([C@@H]([C@@H]([C@@H](CO)O)O)O)NC1=C(C(=O)NC(=O)N1)N,1.3183333333333331
1588,1589,zhulab,122.4,CC(=CCCC(C)(C1CCC2(C1C(CC3C2(CCC4C3(CCC(C4(C)C)OC5C(C(C(C(O5)CO)O)O)OC6C(C(C(C(O6)CO)O)O)O)C)C)O)C)O)C,2.04
1589,1590,zhulab,93.6,CC(C)C[C@@H](C(=O)O)NC(=O)[C@H](CC1=CC=CC=C1)N,1.5599999999999998
1590,1591,zhulab,143.68,CCCCCCCC[C@@H]1[C@H](C(=C)C(=O)O1)C(=O)O,2.3946666666666667
1591,1592,zhulab,223.94,C[C@@H](C(=O)N[C@@H](CCC(=O)O)C(=O)O)N,3.7323333333333335
1592,1593,zhulab,199.14,CNC(=O)C[C@@H](C(=O)O)N,3.319
1593,1594,zhulab,110.48,[C@@H]1([C@@H]([C@H]([C@H]2[C@@H]([C@@H]1O)O2)O)O)O,1.8413333333333335
1594,1595,zhulab,219.32,C([C@@H](C(=O)O)N=C(N)N)C(=O)O,3.655333333333333
1595,1596,zhulab,224.77,C(CC(=O)O)[C@@H](C(=O)NCC(=O)O)N,3.746166666666667
1596,1597,zhulab,221.48,C[C@@H](C(=O)O)NC(=O)[C@H](CCCN=C(N)N)N,3.691333333333333
1598,1599,zhulab,89.65,CC(C)CC1=CC=C(C=C1)C(C)C(=O)O[C@H]2[C@@H]([C@H]([C@@H]([C@H](O2)C(=O)O)O)O)O,1.4941666666666669
1599,1600,zhulab,91.22,CC(C(=O)NC(CC1=CC=CC=C1)C(=O)O)O,1.5203333333333333
1600,1601,zhulab,170.55,C1=CC=C(C=C1)C[C@@H](C(=O)O)NC(=O)[C@H](CC2=CN=CN2)N,2.8425000000000002
1601,1602,zhulab,76.26,COC1=CC(=CC(=C1O[C@H]2[C@@H]([C@H]([C@@H]([C@H](O2)CO)O)O)O)OC)/C=C/CO,1.2710000000000001
1602,1603,zhulab,187.76,C1C[C@H](N(C1)C(=O)[C@@H]2CCC(=O)N2)C(=O)O,3.1293333333333333
1603,1604,zhulab,101.3,CCCCCCCCCCCCCCCC(=O)N[C@@H](COP(=O)([O-])OCC[N+](C)(C)C)[C@@H](/C=C/CCCCCCCCCCCCC)O,1.6883333333333332
1605,1606,zhulab,99.55,C[C@H](CCC(=O)O)[C@H]1CC[C@@H]2[C@@]1([C@H](C[C@H]3[C@H]2[C@@H](C[C@H]4[C@@]3(CCC(=O)C4)C)O)O)C,1.6591666666666667
1606,1607,zhulab,118.74,CCCCCCCC/C=C\CCCCCCCC(=O)OC[C@H](COP(=O)(O)O)OC(=O)CCCCCCC/C=C\CCCCCCCC,1.9789999999999999
1607,1608,zhulab,108.42,CCCCCC(=O)CC[C@H]1[C@@H](C[C@H]([C@@H]1CCC(=O)O)O)O,1.807
1608,1609,zhulab,264.45,CC(C(=O)O)C(CC(=O)O)(C(=O)O)O,4.4075
1609,1610,zhulab,229.41,C1=C(NC=N1)C[C@@H](C(=O)O)NC(=O)CCCN,3.8235
1610,1611,zhulab,183.69,CC(C)NCC(COC1=CC=C(C=C1)CC(=O)O)O,3.0615
1611,1612,zhulab,112.93,CCCCCCCC/C=C\CCCCCCCC(=O)OC[C@H](COP(=O)(O)OCCN)O,1.8821666666666668
1612,1613,zhulab,80.02,CCCC(CCCO)C(=O)O,1.3336666666666666
1613,1614,zhulab,76.6,CCCCCCCCCCCCCCCC(=O)OC[C@H](COP(=O)(O)OCCN)OC(=O)CCCCCCC/C=C\C/C=C\CCCCC,1.2766666666666666
1614,1615,zhulab,229.97,C(CC(=O)O)C(C(=O)O)NC(=O)CN,3.8328333333333333
1615,1616,zhulab,117.85,CC(C)[C@H](C(=O)N[C@@H](CCSC)C(=O)O)N,1.9641666666666666
1616,1617,zhulab,126.91,CC(C)C(C(=O)NC(C(C)C)C(=O)O)N,2.1151666666666666
1617,1618,zhulab,204.86,C(CS(=O)(=O)O)C(=O)O,3.4143333333333334
1618,1619,zhulab,167.3,C1C[C@@H](NC(=O)C1)C(=O)O,2.7883333333333336
1619,1620,zhulab,173.65,CC(C)C[C@@H](C(=O)O)NC(=O)CNC(=O)CN,2.8941666666666666
1620,1621,zhulab,252.08,C([C@H](C(=O)N[C@@H](CC(=O)O)C(=O)O)N)C(=O)O,4.201333333333333
1621,1622,zhulab,233.32,C1=C(NC=N1)C[C@@H](C(=O)N[C@@H](CC(=O)O)C(=O)O)N,3.8886666666666665
1623,1624,zhulab,188.78,CN(C)CCCC(=O)O,3.146333333333333
1624,1625,zhulab,201.45,C([C@@H](C(=O)O)NC(=O)CN)O,3.3575
1625,1626,zhulab,101.74,C1=CC=C(C=C1)/C=C/C(=O)NCC(=O)O,1.6956666666666667
1626,1627,zhulab,158.61,CC(=O)N1CCCC1C(=O)O,2.6435000000000004
1627,1628,zhulab,197.43,CC(=O)NCCCC(C(=O)O)N,3.2905
1628,1629,zhulab,167.9,C1=CN=C(N=C1)CC(=O)O,2.7983333333333333
1629,1630,zhulab,130.94,CCC(C)C(C(=O)N1CCCC1C(=O)NC(C(C)CC)C(=O)O)N,2.1823333333333332
1630,1631,zhulab,232.76,C([C@@H](C(=O)O)NC(=O)CN)C(=O)O,3.8793333333333333
1631,1632,zhulab,112.93,CC(C)C[C@@H](C(=O)N[C@@H](C(C)C)C(=O)O)N,1.8821666666666668
1633,1634,zhulab,156.9,CSCC[C@@H](C(=O)NCC(=O)O)N,2.615
1634,1635,zhulab,198.78,CC(=O)NC1C(C(C(OC1O)CO)OC2C(C(C(C(O2)CO)O)O)O)O,3.313
1635,1636,zhulab,99.99,CC1=CC=CC=C1C(=O)NCC(=O)O,1.6664999999999999
1636,1637,zhulab,122.24,C[C@@H](C(=O)O)NC(=O)[C@H](CC1=CC=CC=C1)N,2.037333333333333
1637,1638,zhulab,141.1,C1=CC=C(C=C1)O[C@H]2[C@@H]([C@H]([C@@H]([C@H](O2)C(=O)O)O)O)O,2.3516666666666666
1638,1639,zhulab,144.79,C1=CC=C2C(=C1)C(=CN2)C[C@@H](C(=O)NCC(=O)O)N,2.4131666666666667
1639,1640,zhulab,170.55,C#CCC(C(=O)O)N,2.8425000000000002
1640,1641,zhulab,189.29,CC(C(=O)O)NC(=O)C1CCCN1,3.1548333333333334
1641,1642,zhulab,117.85,C/C=C(\C)/C(=O)NCC(=O)O,1.9641666666666666
1642,1643,zhulab,169.67,C(CS(=O)(=O)O)N=C(N)N,2.827833333333333
1643,1644,zhulab,155.52,CCCCCCCCCCCCCCCC(=O)OCC(COP(=O)(O)O)O,2.592
1644,1645,zhulab,208.25,CC(=O)NC1C(C(C(OC1O)CO)O)OC2C(C(C(C(O2)CO)O)O)O,3.470833333333333
1645,1646,zhulab,106.18,CCOC1=CC2=C(C=C1)NC(C=C2C)(C)C,1.7696666666666667
1646,1647,zhulab,162.61,C1=NC2=C(NC1=O)N=C(NC2=O)N,2.710166666666667
1647,1648,zhulab,74.56,CCCCCCCCCCCCCC(=O)O[C@H](COC(=O)CCCCCCC/C=C\CCCCCCCC)COP(=O)([O-])OCC[N+](C)(C)C,1.2426666666666668
1649,1650,zhulab,233.6,C1=CC(=CC=C1C(=O)N[C@@H](CCC(=O)O)C(=O)O)N,3.893333333333333
1650,1651,zhulab,127.73,C1=CC=C2C(=C1)C(C(=O)N2)CC(=O)O,2.1288333333333336
1651,1652,zhulab,108.87,C1=CC=C(C=C1)C[C@@H](C(=O)N[C@@H](CC2=CC=C(C=C2)O)C(=O)O)N,1.8145
1652,1653,zhulab,138.5,C1C[C@H](NC1)C(=O)N[C@@H](CC2=CC=CC=C2)C(=O)O,2.308333333333333
1653,1654,zhulab,74.56,C1CCC(CC1)(CC(=O)O)O,1.2426666666666668
1654,1655,zhulab,134.75,C[C@H]([C@@H](C(=O)N[C@@H](CC1=CC=CC=C1)C(=O)O)N)O,2.245833333333333
1655,1656,zhulab,81.04,CCCCCCCCCCCCCCCCC(=O)OCC(COP(=O)([O-])OCC[N+](C)(C)C)OC(CCCCCCCCCCCCCCCC)=O,1.3506666666666667
1656,1657,zhulab,82.42,CCCCCCCCCCCCCCCCC(=O)OCC(COP(O)(=O)OCCN)(OC(CCCCCCCCCCCCCCCC)=O)[H],1.3736666666666666
1657,1658,zhulab,129.23,CCCCCCCCCCCCCCCCC(=O)OCC(COP(=O)(O)O)OC(=O)CCCCCCCCCCCCCCCC,2.153833333333333
1658,1659,zhulab,115.54,CCCCCCCCCCCCCCCCC(=O)OCC(COP(=O)([O-])OCC[N+](C)(C)C)(O)[H],1.9256666666666669
1659,1660,zhulab,107.95,CCCCCCCCCCCCCCCCC(=NC(COP([O-])(=O)OCC[N+](C)(C)C)(C(C(=C(CCCCCCCCCCCCC)[H])[H])(O)[H])[H])O,1.7991666666666668
1660,1661,zhulab,123.66,CCCCCCCCCCCCCC(=O)OCC(COP(=O)(O)OCCN)O,2.061
1661,1662,zhulab,109.91,[C@](COP(=O)([O-])OCC[N+](C)(C)C)([H])(O)CO/C=C\CCCCCCCCCCCCCC,1.8318333333333332
1662,1663,zhulab,116.45,CCCCCCCCCCCCCCCC(=O)OCC(COP(=O)([O-])OCC[N+](C)(C)C)(O)[H],1.9408333333333334
1663,1664,zhulab,112.29,[C@](COP(=O)(O)OCCN)([H])(O)CO/C=C\CCCCCCCCCCCCCCCC,1.8715000000000002
1664,1665,zhulab,98.67,CCCCCCCC/C=C\CCCCCCCC(=O)O[C@H](CC(=O)[O-])C[N+](C)(C)C,1.6445
1665,1666,zhulab,143.08,CCCCCCCCCCCCCC=CC(C(COP(=O)(O)O)NC(=O)CCCCCCCC=CCCCCCCCC)O,2.384666666666667
1666,1667,zhulab,74.43,CCCCCCCCCCCCCCCCC=COCC(COP(=O)([O-])OCC[N+](C)(C)C)OC(=O)CCCCCCCC=CCCCCCCCC,1.2405000000000002
1667,1668,zhulab,76.04,CCCCCCCCCCCCCCCCC=COCC(COP(=O)(O)OCCN)OC(=O)CCCCCCCC=CCCCCCCCC,1.2673333333333334
1668,1669,zhulab,81.79,CCCCCCCCC(=C(CCCCCCCC(=O)OC(COC(CCCCCCCCCCCCCCC)=O)(COP(O)(=O)OCCN)[H])[H])[H],1.3631666666666669
1669,1670,zhulab,122.6,CCCCCCCCCCCCCCCC(=O)OCC(COP(=O)(O)O)OC(=O)CCCCCCCC=CCCCCCCCC,2.0433333333333334
1670,1671,zhulab,153.06,CCCCCCCCCCCCCCCCCC(=O)OCC(COP(=O)(O)O)O,2.551
1671,1672,zhulab,75.97,CCCCCCCCC=CCCCCCCCC(=O)OCC(COP(=O)(O)OCC(CO)O)O,1.2661666666666667
1672,1673,zhulab,144.26,CCCCCCCC=CCCCCCCCC(=O)OCC(COP(=O)(O)OCC(C(=O)O)N)O,2.404333333333333
1673,1674,zhulab,107.11,CCCCCCCCCCCCCCCC(=O)NC(COC1C(C(C(C(O1)CO)OC2C(C(C(C(O2)CO)O)O)O)O)O)C(C=CCCCCCCCCCCCCC)O,1.7851666666666666
1674,1675,zhulab,146.2,CCCCCCCC=CCCCCCCCC(=O)OCC(COP(=O)(O)OC1C(C(C(C(C1O)O)O)O)O)O,2.4366666666666665
1675,1676,zhulab,76.12,CCCCCCCCCCCC=CCCCCC(=O)OCC(COP(=O)([O-])OCC[N+](C)(C)C)OC(=O)CCCCC=CCCCCCCCCCCC,1.2686666666666668
1676,1677,zhulab,76.73,CCCCCCCCC(=C(CCCCCCCC(=O)OCC(COP(=O)([O-])OCC[N+](C)(C)C)(OC(CCCCCCCC(=C(CCCCCCCC)[H])[H])=O)[H])[H])[H],1.2788333333333335
1677,1678,zhulab,76.51,CCCCCCCCC(=C(CCCCCCCC(=O)OCC(COP(=O)([O-])OCC[N+](C)(C)C)OC(CCCCCCCC(=C(CCCCCCCC)[H])[H])=O)[H])[H],1.2751666666666668
1678,1679,zhulab,81.07,CCCCCCCCCCCCCCCCCC(=O)OCC(COP(=O)([O-])OCC[N+](C)(C)C)OC(=O)CCCCCCCCCCCCCCC,1.3511666666666666
1679,1680,zhulab,78.88,CCCCCCCCCCCCCCCCCC(=O)OC(COC(=O)CCCCCCCCCCCCCCC)COP(=O)([O-])OCC[N+](C)(C)C,1.3146666666666667
1680,1681,zhulab,81.95,[H][C@@](COC(=O)CCCCCCCCCCCCC)(COP([O-])(=O)OCC[N+](C)(C)C)OC(=O)CCCCCCCCCCCCCCCCC,1.3658333333333335
1681,1682,zhulab,81.9,CCCCCCCCCCCCCCCCCC(=O)OCC(COP(=O)([O-])OCC[N+](C)(C)C)(OC(CCCCCCCCCCCCC)=O)[H],1.365
1682,1683,zhulab,96.26,CCCCCCCC(=O)OCC(COP(=O)([O-])OCC[N+](C)(C)C)OC(=O)CCCCCCC,1.6043333333333334
1683,1684,zhulab,89.65,CCCCCCCCCC(=O)OCC(COP(=O)([O-])OCC[N+](C)(C)C)OC(=O)CCCCCCCCC,1.4941666666666669
1684,1685,zhulab,85.78,CCCCCCCCCCCC(=O)OCC(COP(=O)([O-])OCC[N+](C)(C)C)(OC(CCCCCCCCCCC)=O)[H],1.4296666666666666
1685,1686,zhulab,82.64,CCCCCCCCCCCCCC(=O)OCC(COP(=O)([O-])OCC[N+](C)(C)C)(OC(CCCCCCCCCCCCC)=O)[H],1.3773333333333333
1686,1687,zhulab,77.93,CCCCCCCCCCCCCCCCCC(=O)OCC(COP(=O)([O-])OCC[N+](C)(C)C)(OC(CCCCCCCCCCCCCCCCC)=O)[H],1.2988333333333335
1687,1688,zhulab,79.09,CCCCCCCCCCCCCCCCCCCC(=O)OCC(COP(=O)([O-])OCC[N+](C)(C)C)(OC(CCCCCCCCCCCCCCCCCCC)=O)[H],1.3181666666666667
1688,1689,zhulab,81.12,CCCCCCCCCCCCCCCCCCCCCC(=O)OCC(COP(=O)([O-])OCC[N+](C)(C)C)OC(CCCCCCCCCCCCCCCCCCCCC)=O,1.352
1689,1690,zhulab,142.42,CCCCCCCCC=CCCCCCCCC(OCC(O)COP(O)(OCC(N)C(O)=O)=O)=O,2.3736666666666664
1690,1691,zhulab,80.46,CCCCCCCCCCCCCCCCCC(=O)OCC(COP(=O)(O)OCCN)OC(=O)CCCCCCCC=CCC=CCCCCC,1.341
1691,1692,zhulab,75.1,CCCCCCCCCCCCCCCC(=O)OCC(COP(=O)([O-])OCC[N+](C)(C)C)OC(=O)CCCC=CCC=CCC=CCC=CCCCCC,1.2516666666666665
1692,1693,zhulab,113.99,CCCCCCCCCCCCCCCCCC(=O)OCC(COP(=O)(O)OCC(C(=O)O)N)OC(=O)CCCCCCCC=CCC=CCCCCC,1.8998333333333333
1693,1694,zhulab,118.17,CCCCCCCCCCCCCCC(=O)OCC(COP(=O)([O-])OCC[N+](C)(C)C)O,1.9695
1694,1695,zhulab,114.73,CCCCCCCCCCCCC(=O)OCC(COP(=O)([O-])OCC[N+](C)(C)C)O,1.9121666666666668
1695,1696,zhulab,112.3,CCCCCCCCCCCCCCCCCCCC(=O)OCC(COP(=O)([O-])OCC[N+](C)(C)C)O,1.8716666666666666
1696,1697,zhulab,115.12,CCCCCCCCC=CCCCCCCCC(OCC(OC(CCCCCCCC=CCCCCCCCC)=O)COP(O)(OC1C(O)C(O)C(O)C(O)C1O)=O)=O,1.9186666666666667
1697,1698,zhulab,77.78,CCCCCCCC=CCCCCCCCC(OCC(O)COP(O)(OCC(O)CO)=O)=O,1.2963333333333333
1698,1699,zhulab,184.6,C(=O)C(=O)O,3.0766666666666667
1700,1701,zhulab,207.76,C(=C/C(=O)O)\C(=O)O,3.4626666666666663
1701,1702,zhulab,193.51,C(C(=O)O)N=C(N)N,3.2251666666666665
1702,1703,zhulab,213.28,C(CC(=O)O)C(=O)O,3.554666666666667
1703,1704,zhulab,80.95,CSCCC(=O)O,1.3491666666666666
1704,1705,zhulab,124.53,C1=CC(=CN=C1)C(=O)O,2.0755
1705,1706,zhulab,168.79,C(CS(=O)(=O)O)N,2.8131666666666666
1706,1707,zhulab,172.94,C1CC(=O)N[C@@H]1C(=O)O,2.8823333333333334
1707,1708,zhulab,217.85,C(C(C(=O)O)O)C(=O)O,3.6308333333333334
1708,1709,zhulab,83.22,C1=NC2=C(N1)C(=O)N=CN2,1.387
1709,1710,zhulab,62.94,C1=CC(=CC=C1C(=O)O)N,1.049
1710,1711,zhulab,90.55,C1=CC(=CC=C1C(=O)O)O,1.5091666666666665
1711,1712,zhulab,132.11,OC(=O)C1=CC(=O)NC(=O)N1,2.2018333333333335
1713,1714,zhulab,214.53,C1=CC(=C(N=C1)C(=O)O)C(=O)O,3.5755
1714,1715,zhulab,185.16,C12=C(NC(=O)N1)NC(=O)NC2=O,3.086
1715,1716,zhulab,197.76,C1[C@H]([C@@H]([C@@H](C=C1C(=O)O)O)O)O,3.296
1716,1717,zhulab,78.07,C([C@@H]1[C@H]([C@@H]([C@H](C(=O)O1)O)O)O)O,1.3011666666666666
1717,1718,zhulab,211.64,C1(C(C(C(C(C1O)O)O)O)O)O,3.527333333333333
1720,1721,zhulab,225.75,C(C(=O)O)C(CC(=O)O)(C(=O)O)O,3.7625
1721,1722,zhulab,122.24,C1=CC2=C(C(=C1)O)NC(=CC2=O)C(=O)O,2.037333333333333
1724,1725,zhulab,81.04,C1=CN(C(=O)NC1=O)[C@H]2[C@@H]([C@@H]([C@H](O2)CO)O)O,1.3506666666666667
1725,1726,zhulab,120.2,C1=NC(=O)C2=C(N1)N(C=N2)[C@H]3[C@@H]([C@@H]([C@H](O3)CO)O)O,2.0033333333333334
1726,1727,zhulab,201.57,C([C@@H]1[C@H]([C@@H]([C@H]([C@H](O1)O[C@]2([C@H]([C@@H]([C@H](O2)CO)O)O)CO)O)O)O)O,3.3594999999999997
1727,1728,zhulab,129.87,C[C@H](CCC(=O)O)[C@H]1CC[C@@H]2[C@@]1([C@H](C[C@H]3[C@H]2[C@@H](C[C@H]4[C@@]3(CC[C@H](C4)O)C)O)O)C,2.1645
1729,1730,zhulab,175.63,C(CO)N,2.9271666666666665
1730,1731,zhulab,198.31,C(C(=O)O)N,3.3051666666666666
1731,1732,zhulab,100.94,C1=C(NC(=O)N=C1)N,1.6823333333333332
1732,1733,zhulab,84.82,CN1CC(=O)N=C1N,1.4136666666666666
1733,1734,zhulab,192.6,C[C@H]([C@@H](C(=O)O)N)O,3.21
1734,1735,zhulab,192.2,CN(CC(=O)O)C(=N)N,3.203333333333333
1736,1737,zhulab,175.65,C1CCNC(C1)C(=O)O,2.9275
1737,1738,zhulab,190.97,C1[C@H](CN[C@@H]1C(=O)O)O,3.1828333333333334
1738,1739,zhulab,151.13,CC(C)C[C@@H](C(=O)O)N,2.5188333333333333
1739,1740,zhulab,217.35,C([C@@H](C(=O)O)N)C(=O)O,3.6225
1740,1741,zhulab,78.22,C1=NC2=C(N1)C(=NC=N2)N,1.3036666666666668
1741,1742,zhulab,203.29,C(CC(=O)N)[C@@H](C(=O)O)N,3.3881666666666663
1742,1743,zhulab,215.56,C(CC(=O)O)[C@@H](C(=O)O)N,3.5926666666666667
1743,1744,zhulab,162.43,CSCCC(C(=O)O)N,2.7071666666666667
1744,1745,zhulab,126.17,NC1=NC(=O)C2=C(N1)N=CN2,2.1028333333333333
1745,1746,zhulab,203.51,C1=C(NC=N1)C[C@@H](C(=O)O)N,3.391833333333333
1746,1747,zhulab,194.7,C[N+](C)(C)C[C@@H](CC(=O)[O-])O,3.2449999999999997
1747,1748,zhulab,147.19,C1=CC=C(C=C1)CC(C(=O)O)N,2.4531666666666667
1748,1749,zhulab,261.42,C(CC(C(=O)O)(N)[H])CNC(=N)N,4.357
1749,1750,zhulab,210.79,C(C[C@@H](C(=O)O)N)CNC(=O)N,3.5131666666666663
1750,1751,zhulab,169.91,C1=CC(=CC=C1C[C@@H](C(=O)O)N)O,2.8318333333333334
1751,1752,zhulab,247.2,C([C@@H](C(=O)O)N)OP(=O)(O)O,4.12
1752,1753,zhulab,179.06,CC(=O)N[C@@H](CCC(N)=O)C(O)=O,2.9843333333333333
1753,1754,zhulab,147.55,C1=CC=C2C(=C1)C(=CN2)C[C@@H](C(=O)O)N,2.459166666666667
1754,1755,zhulab,148.81,[H]C(=O)[C@H](NC(C)=O)[C@@H](O)[C@H](O)[C@H](O)CO,2.480166666666667
1755,1756,zhulab,228.63,C([C@@H](C(=O)O)N)SSC[C@@H](C(=O)O)N,3.8104999999999998
1756,1757,zhulab,130.13,C1[C@@H]([C@H](O[C@H]1N2C=NC3=C2NC(=NC3=O)N)CO)O,2.168833333333333
1757,1758,zhulab,150.46,C1=NC2=C(N1[C@H]3[C@@H]([C@@H]([C@H](O3)CO)O)O)NC(=NC2=O)N,2.5076666666666667
1758,1759,zhulab,118.41,CC1=CC2=C(C=C1C)N(CC(C(C(CO)(O)[H])(O)[H])(O)[H])C=3C(C(=NC(N3)=O)O)=N2,1.9735
1759,1760,zhulab,184.08,CNCC(=O)O,3.068
1760,1761,zhulab,128.45,CC(C(=O)O)O,2.140833333333333
1762,1763,zhulab,114.79,C1=NC2=C(N1)C(=O)NC(=O)N2,1.9131666666666667
1763,1764,zhulab,97.57,C1=CC=C2C(=C1)C(=O)C=C(N2)C(=O)O,1.6261666666666665
1765,1766,zhulab,203.65,CN1C=NC=C1CC(C(=O)O)(N)[H],3.3941666666666666
1766,1767,zhulab,180.39,C([C@@H]1[C@H]([C@@H]([C@H](C(O1)O)N)O)O)O,3.0065
1767,1768,zhulab,148.81,C1=CC=C(C(=C1)C(=O)C[C@@H](C(=O)O)N)N,2.480166666666667
1768,1769,zhulab,188.0,CC1=C(SC=[N+]1CC2=CN=C(N=C2N)C)CCO,3.1333333333333333
1769,1770,zhulab,231.52,C1=CC(=CC=C1C(=O)N[C@@H](CCC(=O)O)C(=O)O)NCC2=CN=C3C(=N2)C(=O)N=C(N3)N,3.8586666666666667
1770,1771,zhulab,191.07,C[C@@H](C(=O)O)N,3.1845
1771,1772,zhulab,173.96,C1C[C@H](NC1)C(=O)O,2.8993333333333333
1772,1773,zhulab,155.41,CC[C@H](C)[C@@H](C(=O)O)N,2.5901666666666667
1773,1774,zhulab,204.26,C(C(C(=O)O)N)O,3.404333333333333
1774,1775,zhulab,169.75,CC(C)[C@@H](C(=O)O)N,2.8291666666666666
1775,1776,zhulab,64.33,C1=CC=C(C=C1)COC(=O)NCC(=O)O,1.0721666666666667
1776,1777,zhulab,133.71,NC1=CC=C(C=C1)C(=O)NCC(O)=O,2.2285
1777,1778,zhulab,181.68,C1=C(C=C(C(=C1Br)O)Br)C[C@@H](C(=O)O)N,3.028
1778,1779,zhulab,130.71,NC(CC1=CC=C(Cl)C=C1)C(O)=O,2.1785
1779,1780,zhulab,102.21,CSCC[C@@H](NC=O)C(O)=O,1.7034999999999998
1780,1781,zhulab,187.81,CC(C(=O)NCC(=O)O)S,3.1301666666666668
1781,1782,zhulab,173.4,C([C@@H]1[C@H]([C@@H]([C@H]([C@H](O1)O)O)O)O)O,2.89
1782,1783,zhulab,195.61,CC(C(=O)O)C(=O)O,3.260166666666667
1783,1784,zhulab,167.37,C1[C@H](NC(=O)NC1=O)C(=O)O,2.7895
1784,1785,zhulab,201.54,CS(=O)CCC(N)C(O)=O,3.359
1786,1787,zhulab,204.16,C([C@@H](C(=O)O)N)C(=O)N,3.4026666666666667
1787,1788,zhulab,267.23,C(CCN)C[C@@H](C(=O)O)N,4.453833333333334
1788,1789,zhulab,209.47,C[N+](C)(C)CCOP([O-])(=O)OC[C@H](O)CO,3.4911666666666665
1789,1790,zhulab,197.65,C(CO)[C@@H](C(=O)O)N,3.294166666666667
1791,1792,zhulab,151.06,C[N+](C)(C)CCO,2.5176666666666665
1792,1793,zhulab,80.31,C[C@H](CCC(=O)O)[C@H]1CC[C@@H]2[C@@]1([C@H](C[C@H]3[C@H]2CC[C@H]4[C@@]3(CC[C@H](C4)O)C)O)C,1.3385
1793,1794,zhulab,166.47,CC(C)C(O)(CC(O)=O)C(O)=O,2.7745
1794,1795,zhulab,250.44,CN(C)C(=NCCC[C@@H](C(=O)O)N)N,4.174
1795,1796,zhulab,209.01,C(CS(=O)(=O)O)[C@@H](C(=O)O)N,3.4835
1796,1797,zhulab,225.72,C(C(C(C(=O)O)O)C(=O)O)C(=O)O,3.762
1797,1798,zhulab,169.41,CSC[C@H](N)C(O)=O,2.8235
1798,1799,zhulab,227.22,C([C@H]([C@H]([C@@H]([C@H](C(=O)O)O)O)O)O)O,3.787
1799,1800,zhulab,175.85,C1=NC2=C(N1[C@H]3[C@@H]([C@@H]([C@H](O3)CO)O)O)NC(=O)NC2=O,2.930833333333333
1800,1801,zhulab,173.12,OCC(O)C(O)=O,2.8853333333333335
1801,1802,zhulab,111.63,NC(CC1=CC(I)=C(OC2=CC=C(O)C=C2)C(I)=C1)C(O)=O,1.8604999999999998
1802,1803,zhulab,196.9,C1=CC(=C(C=C1C[C@@H](C(=O)O)N)O)O,3.2816666666666667
1803,1804,zhulab,133.19,C1=CC2=C(C=C1O)C(=CN2)CCN,2.2198333333333333
1804,1805,zhulab,119.28,C1=CC(=CC=C1CCN)O,1.988
1805,1806,zhulab,166.66,C1=CC2=C(C=C1O)C(=CN2)C[C@@H](C(=O)O)N,2.7776666666666667
1806,1807,zhulab,126.98,Cn1cc(CC(N)C(=O)O)c2ccccc12,2.1163333333333334
1807,1808,zhulab,107.47,C1=CC(=CC=C1CC(=O)O)O,1.7911666666666666
1808,1809,zhulab,109.25,COC1=C(C=CC(=C1)CCN)O,1.8208333333333333
1809,1810,zhulab,64.05,C1=CC=C2C(=C1)C(=CN2)CC(=O)O,1.0675
1810,1811,zhulab,172.65,C(C(C(C(C(CO)(O)[H])(O)[H])(O)[H])(O)[H])O,2.8775
1811,1812,zhulab,163.83,C([C@@H]1[C@H]([C@@H]([C@@H](C(O1)O)O)O)O)O,2.7305
1812,1813,zhulab,109.06,NC1=NC(=O)N(C=C1)[C@H]1C[C@H](O)[C@@H](CO)O1,1.8176666666666668
1813,1814,zhulab,169.04,C(C(C(C(C(CO)(O)[H])(O)[H])(O)[H])(O)[H])O,2.817333333333333
1814,1815,zhulab,93.66,[H][C@@](C)(O)[C@@]([H])(O)[C@@]([H])(O)[C@]([H])(O)C=O,1.561
1815,1816,zhulab,210.07,OC[C@H]1O[C@H](O[C@H]2[C@H](O)[C@H](O)[C@@H](O)O[C@@H]2CO)[C@H](O)[C@@H](O)[C@@H]1O,3.5011666666666668
1816,1817,zhulab,217.93,CC1=C(CCC(O)=O)/C2=C/C3=N/C(=C\C4=C(C)C(CCC(O)=O)=C(N4)/C=C4\N=C(\C=C\1/N\2)C(C)=C4CCC(O)=O)/C(CCC(O)=O)=C3C,3.632166666666667
1817,1818,zhulab,87.66,C1=COC(=C1)C(=O)O,1.4609999999999999
1818,1819,zhulab,81.1,COC1=C(C=CC(=C1)C(=O)O)O,1.3516666666666666
1819,1820,zhulab,71.16,COC1=CC=C(CC(O)=O)C=C1OC,1.186
1820,1821,zhulab,179.54,CCC(C(=O)O)N,2.9923333333333333
1821,1822,zhulab,201.14,C[C@@H](CCC(O)=O)CC(O)=O,3.352333333333333
1822,1823,zhulab,161.48,CC(=O)NCC(O)=O,2.691333333333333
1823,1824,zhulab,199.21,C(/C=C/C(=O)O)C(=O)O,3.3201666666666667
1824,1825,zhulab,268.33,C(C[C@@H](C(=O)O)N)[C@H](CN)O,4.472166666666666
1825,1826,zhulab,220.74,C1=C(NC=N1)C[C@@H](C(=O)O)NC(=O)CCN,3.6790000000000003
1826,1827,zhulab,82.23,C1=CC(=C(C=C1O)CC(=O)O)O,1.3705
1827,1828,zhulab,87.64,COC1=C(O)C=CC(=C1)[C@H](O)C(O)=O,1.4606666666666668
1828,1829,zhulab,111.56,OC[C@@H](O)[C@H](O)[C@@H](O)C=O,1.8593333333333333
1829,1830,zhulab,98.84,COC1=C(C=CC(=C1)CC(=O)O)O,1.6473333333333333
1830,1831,zhulab,275.6,C[S+](CC[C@@H](C(=O)[O-])N)C[C@@H]1[C@H]([C@H]([C@@H](O1)N2C=NC3=C2N=CN=C3N)O)O,4.593333333333334
1831,1832,zhulab,208.89,C(CC(=O)O)CC(=O)O,3.4814999999999996
1832,1833,zhulab,121.03,CC(=O)N[C@@H](CC1=CC=C(O)C=C1)C(O)=O,2.0171666666666668
1833,1834,zhulab,78.98,C1=C2C(=NC(=O)NC2=O)NN1,1.3163333333333334
1834,1835,zhulab,201.2,C(CCC(=O)O)CCC(=O)O,3.353333333333333
1835,1836,zhulab,190.27,N[C@@H](CC(O)=O)C(=O)N[C@@H](CC1=CC=CC=C1)C(O)=O,3.1711666666666667
1837,1838,zhulab,205.29,C1CC(N(C1)C(=O)CN)C(=O)O,3.4215
1838,1839,zhulab,203.73,CC(CC(O)=O)CC(O)=O,3.3954999999999997
1839,1840,zhulab,97.44,C1=CC=C(C=C1)C(=O)NCC(=O)O,1.6239999999999999
1841,1842,zhulab,206.6,C(CCC(=O)O)CC(=O)O,3.4433333333333334
1842,1843,zhulab,132.95,OC[C@H](O)[C@@H](O)[C@H](O)CO,2.2158333333333333
1843,1844,zhulab,128.45,C1[C@@H]([C@@H]([C@H](C(O1)O)O)O)O,2.140833333333333
1844,1845,zhulab,203.04,CC(CCC(O)=O)C(O)=O,3.384
1845,1846,zhulab,162.94,CCC(C(O)=O)C(O)=O,2.7156666666666665
1846,1847,zhulab,101.87,C1=CC(=CC(=C1)O)CC(=O)O,1.6978333333333333
1847,1848,zhulab,172.38,NC1=NC(O)=NC2=C1NC=N2,2.8729999999999998
1848,1849,zhulab,178.3,C1=C(NC=N1)CC(=O)O,2.9716666666666667
1849,1850,zhulab,230.8,[C@H]([C@@H]([C@@H](C(=O)O)O)O)([C@H](C(=O)O)O)O,3.8466666666666667
1850,1851,zhulab,144.91,CN=C(N)N,2.4151666666666665
1851,1852,zhulab,126.08,CCCCCCC(N)C(O)=O,2.1013333333333333
1852,1853,zhulab,190.98,CN1C=NC=C1CCN,3.183
1853,1854,zhulab,188.16,C1=C(NC=N1)C[C@@H](CO)N,3.136
1854,1855,zhulab,183.43,C(CCCCC(=O)O)CCCC(=O)O,3.057166666666667
1855,1856,zhulab,94.94,C1=CC(=CC=C1CC(C(=O)O)O)O,1.5823333333333334
1856,1857,zhulab,103.13,CC(C)CC(=O)NCC(O)=O,1.7188333333333332
1857,1858,zhulab,190.97,CCCC(=O)CC,3.1828333333333334
1859,1860,zhulab,89.55,CC(C)(CC(=O)O)O,1.4925
1860,1861,zhulab,190.39,C(CCCC(=O)O)CCCC(=O)O,3.1731666666666665
1861,1862,zhulab,93.46,C1=CC=C(C=C1)CC(=O)NCC(=O)O,1.5576666666666665
1862,1863,zhulab,111.88,CC(=O)CCC(O)=O,1.8646666666666667
1863,1864,zhulab,138.75,CC(NC(C)=O)C(O)=O,2.3125
1864,1865,zhulab,207.31,C(C(=O)O)C(=O)O,3.4551666666666665
1865,1866,zhulab,170.25,C([C@H]([C@H]([C@@H]([C@@H](CO)O)O)O)O)O,2.8375
1867,1868,zhulab,259.47,C(C[C@@H](C(=O)O)N)CN,4.3245000000000005
1868,1869,zhulab,148.25,CCCCC(N)C(O)=O,2.470833333333333
1869,1870,zhulab,113.78,CN1C2=C(NC(=O)N2)C(=O)N(C)C1=O,1.8963333333333334
1870,1871,zhulab,270.03,NC(CCCC(N)C(O)=O)C(O)=O,4.5005
1871,1872,zhulab,238.52,C([C@@H]1[C@H]([C@@H]([C@H]([C@H](O1)O[C@@H]2[C@H](O[C@@H]([C@@H]([C@H]2O)O)O[C@@H]3[C@H](OC([C@@H]([C@H]3O)O)O)CO)CO)O)O)O)O,3.9753333333333334
1872,1873,zhulab,197.14,C(CCCC(=O)O)CCC(=O)O,3.2856666666666663
1873,1874,zhulab,187.6,CC(C)[C@@H]([C@H](C(=O)O)O)C(=O)O,3.1266666666666665
1874,1875,zhulab,198.7,C1=C(NC=N1)CCN,3.3116666666666665
1875,1876,zhulab,130.75,CC(O)(CCO)CC(O)=O,2.1791666666666667
1876,1877,zhulab,67.65,CC(C)C(O)C(O)=O,1.1275000000000002
1877,1878,zhulab,108.42,OC(=O)CNC(=O)C1=CC=CO1,1.807
1878,1879,zhulab,224.43,CC1=C(C2=CC3=NC(=CC4=NC(=CC5=C(C(=C(N5)C=C1N2)CCC(=O)O)C)C(=C4C)CCC(=O)O)C(=C3C)CCC(=O)O)CCC(=O)O,3.7405
1879,1880,zhulab,209.29,CC(CC(=O)O)(C(=O)O)O,3.4881666666666664
1880,1881,zhulab,182.04,C(CNC(=O)N)C(=O)O,3.034
1882,1883,zhulab,235.56,C(/C(=C\C(=O)O)/C(=O)O)C(=O)O,3.926
1883,1884,zhulab,68.38,CC1=CN([C@@H]2O[C@H](CO)[C@@H](O)[C@H]2O)C(=O)NC1=O,1.1396666666666666
1885,1886,zhulab,111.95,C1=CC(=C(C=C1[C@H](CN)O)O)O,1.8658333333333335
1886,1887,zhulab,126.69,CC1=CN(C(=O)N=C1N)[C@H]2[C@@H]([C@@H]([C@H](O2)CO)O)O,2.1115
1889,1890,zhulab,151.4,C([C@@H]1[C@H]([C@@H]([C@](O1)(CO)O)O)O)O,2.5233333333333334
1890,1891,zhulab,214.94,CC(=C)CCOP(=O)(O)OP(=O)(O)O,3.582333333333333
1891,1892,zhulab,213.11,C([C@@H]1[C@@H]([C@@H]([C@H]([C@@H](O1)O[C@@H]2[C@H](O[C@H]([C@@H]([C@H]2O)O)O)CO)O)O)O)O,3.5518333333333336
1892,1893,zhulab,235.4,C[N+](C)(C)CCOP(=O)([O-])OP(=O)(O)OC[C@@H]1[C@H]([C@H]([C@@H](O1)N2C=CC(=NC2=O)N)O)O,3.9233333333333333
1893,1894,zhulab,163.66,C1=C(NC=N1)/C=C/C(=O)O,2.7276666666666665
1894,1895,zhulab,110.53,[H][C@@]1(CC[C@@]2([H])[C@]3([H])[C@H](O)C[C@]4([H])C[C@H](O)CC[C@]4(C)[C@@]3([H])C[C@H](O)[C@]12C)[C@H](C)CCC(=O)NCCS(O)(=O)=O,1.8421666666666667
1895,1896,zhulab,110.03,C[C@H](CCC(=O)NCC(=O)O)[C@H]1CC[C@@H]2[C@@]1(CC[C@H]3[C@H]2[C@@H](C[C@H]4[C@@]3(CC[C@H](C4)O)C)O)C,1.8338333333333334
1897,1898,zhulab,212.83,CC(=O)N[C@@H](CC(=O)O)C(=O)O,3.547166666666667
1898,1899,zhulab,69.73,COC(=O)CCCC(O)=O,1.1621666666666668
1899,1900,zhulab,205.61,C(CCN)CC(=O)O,3.4268333333333336
1900,1901,zhulab,171.07,CC(=O)NCCCCCN,2.8511666666666664
1901,1902,zhulab,156.21,C1=CC(=CN=C1)C(=O)NCC(=O)O,2.6035
1903,1904,zhulab,159.6,CN1C(=O)C2=C(NC(=O)N2)NC1=O,2.6599999999999997
1905,1906,zhulab,247.7,C1=CC(=CC=C1C[C@@H](C(=O)O)N)OP(=O)(O)O,4.128333333333333
1906,1907,zhulab,143.11,NC(CC1=CC=CC=C1O)C(O)=O,2.385166666666667
1907,1908,zhulab,129.33,CN1C2=C(NC1=O)N(C(=O)NC2=O)C,2.1555000000000004
1908,1909,zhulab,71.69,[H][C@@]1(OC(=O)C(=O)C1=O)[C@H](O)CO,1.1948333333333332
1909,1910,zhulab,167.26,C1=CC(=O)NC=C1C(=O)O,2.7876666666666665
1910,1911,zhulab,132.93,CC(O)CCCC(O)=O,2.2155
1912,1913,zhulab,73.26,C1=CC(=CC(=C1)O)CCC(=O)O,1.221
1913,1914,zhulab,78.31,C1=CC(=CC=C1O)O[C@H]2[C@@H]([C@H]([C@@H]([C@H](O2)CO)O)O)O,1.3051666666666668
1914,1915,zhulab,127.42,C1=CC(=C(C=C1/C=C/C(=O)O)O)O,2.123666666666667
1915,1916,zhulab,63.54,C(C(C1(C(C(C(=O)O1)(O)[H])(O)[H])[H])(O)[H])O,1.059
1916,1917,zhulab,140.75,OC[C@@H](O)[C@H](O)[C@H](O)C(=O)CO,2.345833333333333
1917,1918,zhulab,170.63,C(CCCCC(=O)O)CCC/C=C/C(=O)O,2.8438333333333334
1918,1919,zhulab,101.15,COC1=CC2=C(C=C1)NC=C2CCN,1.6858333333333335
1919,1920,zhulab,237.9,C1[C@@H]([C@H](O[C@H]1N2C=NC3=C2NC(=NC3=O)N)COP(=O)(O)O)O,3.9650000000000003
1920,1921,zhulab,134.59,CCC(=O)NCC(O)=O,2.2431666666666668
1921,1922,zhulab,71.6,COC1C(O)C(CO)OC1N1C=NC2=C1NC=NC2=O,1.1933333333333331
1922,1923,zhulab,205.61,CN1C=C(N=C1)C[C@@H](C(=O)O)N,3.4268333333333336
1923,1924,zhulab,228.41,C1[C@@H](N(C2=C(N1)NC(=NC2=O)N)C=O)CNC3=CC=C(C=C3)C(=O)N[C@@H](CCC(=O)O)C(=O)O,3.806833333333333
1925,1926,zhulab,221.69,OC[C@H]1O[C@H](OC[C@H]2O[C@H](O)[C@H](O)[C@@H](O)[C@@H]2O)[C@H](O)[C@@H](O)[C@H]1O,3.6948333333333334
1926,1927,zhulab,180.1,C(C1(C(C(C(C(O)(O1)[H])(O)[H])(O)[H])(O)[H])[H])O,3.0016666666666665
1927,1928,zhulab,234.97,C([C@@H]1[C@@H]([C@@H]([C@H]([C@H](O1)OC[C@@H]2[C@H]([C@@H]([C@H]([C@H](O2)O[C@]3([C@H]([C@@H]([C@H](O3)CO)O)O)CO)O)O)O)O)O)O)O,3.916166666666667
1929,1930,zhulab,212.84,C([C@@H]1[C@H]([C@@H]([C@H]([C@H](O1)O[C@@H]2[C@@H]([C@H]([C@@H]([C@H](O2)CO)O)O)O)O)O)O)O,3.5473333333333334
1931,1932,zhulab,95.18,CCC(=O)O,1.5863333333333334
1932,1933,zhulab,73.31,[H][C@@]1(CC[C@@]2([H])[C@]3([H])CC[C@]4([H])C[C@H](O)CC[C@]4(C)[C@@]3([H])C[C@H](O)[C@]12C)[C@H](C)CCC(=O)NCCS(O)(=O)=O,1.2218333333333333
1934,1935,zhulab,137.99,C(C(C(C(CO)O)O)O)O,2.2998333333333334
1935,1936,zhulab,76.69,O[C@@H]1O[C@@H]2[C@@H](O)C(=O)O[C@@H]2[C@H]1O,1.2781666666666667
1936,1937,zhulab,209.63,C(C1(C(C(C(C(O1)(OC2(C(CO)(OC(C(C2(O)[H])(O)[H])(O)[H])[H])[H])[H])(O)[H])(O)[H])(O)[H])[H])O,3.4938333333333333
1938,1939,zhulab,87.47,C1=CNC(=C1)C(=O)O,1.4578333333333333
1940,1941,zhulab,218.55,C([C@@H]1[C@H]([C@@H]([C@H]([C@H](O1)OC[C@@H]2[C@H]([C@@H]([C@H](C(O2)O)O)O)O)O)O)O)O,3.6425
1941,1942,zhulab,129.61,COC1=CC(=CC=C1O)C(O)CN,2.160166666666667
1942,1943,zhulab,218.78,C[C@H](NC(=O)CC[C@H](N)C(O)=O)C(O)=O,3.646333333333333
1943,1944,zhulab,235.33,C(CN(CC(=O)O)CC(=O)O)N(CC(=O)O)CC(=O)O,3.922166666666667
1944,1945,zhulab,76.91,C1=CC=C(C(=C1)/C=C/C(=O)O)O,1.2818333333333334
1945,1946,zhulab,89.03,C([C@H]([C@@H](CO)O)O)O,1.4838333333333333
1946,1947,zhulab,210.64,NCCO[P@@](O)(=O)OC[C@@H](O)CO,3.5106666666666664
1948,1949,zhulab,198.6,NC(CS(O)(=O)=O)C(O)=O,3.31
1949,1950,zhulab,95.04,CNCCC1=CNC2=CC=CC=C21,1.584
1950,1951,zhulab,246.61,C(CP(=O)(O)O)N,4.110166666666667
1951,1952,zhulab,89.85,C#CCC(=O)O,1.4974999999999998
1952,1953,zhulab,165.94,C[N+]1=CC=CC(=C1)C(=O)N,2.7656666666666667
1954,1955,zhulab,157.5,OCC(O)C(O)C(O)C(=O)CO,2.625
1955,1956,zhulab,191.17,[C@@H]([C@@H]([C@H](C(=O)O)O)O)([C@@H](C(=O)O)O)O,3.1861666666666664
1956,1957,zhulab,144.75,C1C(=O)NC(=O)NC1=O,2.4125
1957,1958,zhulab,221.23,C(=O)(C(=O)O)O,3.6871666666666667
1958,1959,zhulab,132.42,OC(C#N)C1=CC=CC=C1,2.207
1959,1960,zhulab,75.51,[H][C@@](C)(O)[C@]([H])(O)[C@@]([H])(O)[C@@]([H])(O)C=O,1.2585000000000002
1960,1961,zhulab,84.76,C1=CC(=CC(=C1)O)C(=O)O,1.4126666666666667
1961,1962,zhulab,108.24,C1C(C(C(C(O)(O1)[H])(O)[H])(O)[H])(O)[H],1.8039999999999998
1962,1963,zhulab,146.22,C1=CC=C2C=CC=CC2=C1,2.437
1963,1964,zhulab,139.25,C([C@@H](C([C@H](CO)O)O)O)O,2.3208333333333333
1965,1966,zhulab,90.88,CN1C=NC(N)=C2N=CN=C12,1.5146666666666666
1966,1967,zhulab,198.99,C=C(CC(=O)O)C(=O)O,3.3165
1967,1968,zhulab,203.3,C(CC(=O)O)CN,3.3883333333333336
1968,1969,zhulab,208.45,CC(C)CC(C)(C1=CC=C(C=C1)O)C2=CC=C(C=C2)O,3.4741666666666666
1969,1970,zhulab,179.61,CCNC(=O)CC[C@@H](C(=O)O)N,2.9935
1970,1971,zhulab,119.57,C(CCCCCCCC(=O)O)CCCCCCC(=O)O,1.9928333333333332
1971,1972,zhulab,165.51,CC(=O)NCCCC(=O)O,2.7584999999999997
1972,1973,zhulab,112.93,C1[C@@H]([C@H]([C@@H]([C@H](O1)CO)O)O)O,1.8821666666666668
1973,1974,zhulab,157.72,C[N+]1(CCC[C@H]1C(=O)[O-])C,2.6286666666666667
1974,1975,zhulab,264.97,C(CCN=C(N)N)C[C@@H](C(=O)O)N,4.416166666666667
1975,1976,zhulab,178.77,CC(=O)N[C@@H](CC1=CN=CN1)C(=O)O,2.9795000000000003
1976,1977,zhulab,205.49,C(CCNC(=O)N)C[C@@H](C(=O)O)N,3.4248333333333334
1977,1978,zhulab,165.19,CCC1C(C(=O)NC1CC2=NC(=CC3=C(C(=C(N3)CC4C(C(C(=O)N4)CC)C)C)CCC(=O)O)C(=C2C)CCC(=O)O)C,2.7531666666666665
1979,1980,zhulab,276.59,CN(C)CCCCC(N)C(O)=O,4.609833333333333
1981,1982,zhulab,100.69,CCOC(=O)[C@H](CCC1=CC=CC=C1)N[C@@H](C)C(=O)N2CCC[C@H]2C(=O)O,1.6781666666666666
1982,1983,zhulab,199.42,C(CSCCC(=O)O)C(=O)O,3.3236666666666665
1983,1984,zhulab,199.47,CC(CC(=O)O)C(=O)O,3.3245
1984,1985,zhulab,141.79,CCCCC[C@@H](C(=O)O)N,2.3631666666666664
1985,1986,zhulab,75.05,CCC(C)(C(=O)O)O,1.2508333333333332
1988,1989,zhulab,226.58,C(CC(=O)N[C@@H](CCC(=O)N)C(=O)O)[C@@H](C(=O)O)N,3.7763333333333335
1989,1990,zhulab,103.8,CC[C@@H](C(=O)O)O,1.73
1991,1992,zhulab,79.58,CN1C(N)=NC2=C(NC=N2)C1=O,1.3263333333333334
1992,1993,zhulab,116.32,CCCCCCCCCCCCCCCCOC[C@H](COP(=O)([O-])OCC[N+](C)(C)C)O,1.9386666666666665
1993,1994,zhulab,167.34,OCCC(O)C(O)=O,2.789
1994,1995,zhulab,108.5,CCC(C)C(=O)NCC(O)=O,1.8083333333333333
1996,1997,zhulab,77.13,OC(=O)C1=COC=C1,1.2854999999999999
1998,1999,zhulab,151.66,OC(=O)CC1=CN=CC=C1,2.5276666666666667
1999,2000,zhulab,119.19,CC1=CC(=NC=C1)C2=NC=CC(=C2)CCCC(=O)O,1.9865
2000,2001,zhulab,101.49,NC1CNC(C1)C(O)=O,1.6915
2002,2003,zhulab,194.01,NC(=N)NCCC(O)=O,3.2335
2003,2004,zhulab,164.34,OC(=O)CCCCCCCCCCC(O)=O,2.739
2006,2007,zhulab,121.86,CC(C)[C@H](NC(C)=O)C(O)=O,2.031
2007,2008,zhulab,80.72,CCCCCCCC(=O)NCC(O)=O,1.3453333333333333
2008,2009,zhulab,138.1,C1CNC(C1)C1=CC=CN=C1,2.3016666666666667
2009,2010,zhulab,244.72,OP(=O)(O)O,4.078666666666667
2010,2011,zhulab,273.34,OP(O)(=O)OP(O)(O)=O,4.555666666666666
2011,2012,zhulab,159.64,C1CCNC1,2.6606666666666663
2012,2013,zhulab,183.07,C[N+](C)(C)[O-],3.0511666666666666
2015,2016,zhulab,105.25,CC1=C(NC(=O)N=C1)N,1.7541666666666667
2017,2018,zhulab,72.19,C1CC1CC(=O)O,1.2031666666666667
2018,2019,zhulab,71.53,C(CO)N(CCO)CCO,1.1921666666666666
2019,2020,zhulab,173.48,C(CO)NCCO,2.8913333333333333
2020,2021,zhulab,193.72,C(C(=O)NCC(=O)O)N,3.228666666666667
2021,2022,zhulab,162.58,C(C(CO)(CO)N)O,2.7096666666666667
2024,2025,zhulab,82.85,C1=CC(=CC=C1CCC(=O)O)O,1.3808333333333331
2026,2027,zhulab,95.24,C(CCCCCCCCC(=O)O)CCCCCCCC(=O)O,1.5873333333333333
2028,2029,zhulab,97.75,C1=CN=C(N=C1)CN,1.6291666666666667
2029,2030,zhulab,76.4,CCCCCCCCCCCC[N+](C)(C)[O-],1.2733333333333334
2030,2031,zhulab,102.49,CC[C@H](C)[C@@H](C(=O)O)NC(=O)[C@H](CC(C)C)N,1.7081666666666666
2031,2032,zhulab,216.41,C(C(=O)O)OCC(=O)O,3.6068333333333333
2034,2035,zhulab,135.54,C1=CC(=CC=C1CC(=O)NCC(=O)O)O,2.259
2035,2036,zhulab,205.21,C(COCC(=O)O)OCCOCC(=O)O,3.420166666666667
2037,2038,zhulab,120.23,C1=CC(=C(N=C1)N)C(=O)O,2.0038333333333336
2039,2040,zhulab,75.39,COC1=C(C=CC(=C1)CCC(=O)O)O,1.2565
2040,2041,zhulab,215.88,C(C1C(C(C(C(O1)OCC(C(C(C(CO)O)O)O)O)O)O)O)O,3.598
2042,2043,zhulab,109.14,C1=CC=C2C(=C1)C(=CN2)CC(C(=O)O)NC=O,1.819
2043,2044,zhulab,92.0,CCCCOCCOCC(=O)O,1.5333333333333334
2044,2045,zhulab,80.46,C(CO)N(CCO)C(CO)(CO)CO,1.341
2045,2046,zhulab,157.17,C1=CC(=NC=C1C(=O)O)N,2.6195
2046,2047,zhulab,128.24,CCN(CC)CCO,2.1373333333333333
2048,2049,zhulab,207.81,C(CCC(=O)O)CCN,3.4635000000000002
2049,2050,zhulab,106.02,CC[C@H](C)[C@@H](C(=O)N[C@@H](CC(C)C)C(=O)O)N,1.767
2050,2051,zhulab,114.73,CC[C@H](C)[C@H](C(=O)O)NC(=O)[C@@H](C(C)C)N,1.9121666666666668
2051,2052,zhulab,225.5,C(CCC(=O)O)CC(C(=O)O)N,3.7583333333333333
2052,2053,zhulab,115.18,C1CCNC(C1)C(=O)N,1.9196666666666669
2053,2054,zhulab,191.09,C[C@@H](C(=O)O)NC(=O)CN,3.184833333333333
2054,2055,zhulab,208.51,C(C(C(=O)O)NC(=O)CN)C(=O)N,3.4751666666666665
2055,2056,zhulab,147.34,C[C@H]([C@@H](C(=O)N[C@@H](CC(C)C)C(=O)O)N)O,2.4556666666666667
2056,2057,zhulab,166.08,CC(=O)NCCCCC(C(=O)O)NC(=O)C,2.7680000000000002
2057,2058,zhulab,184.96,C1=CC=C(C=C1)C[C@@H](C(=O)N[C@@H](CCCCN)C(=O)O)N,3.082666666666667
2058,2059,zhulab,80.36,COC1=C(C=CC(=C1)/C=C/C(=O)O)O,1.3393333333333333
2059,2060,zhulab,196.08,C[C@@H](C(=O)N[C@@H](CCC(=O)N)C(=O)O)N,3.2680000000000002
2061,2062,zhulab,167.6,COC(=O)CCC(C(=O)O)N,2.7933333333333334
2062,2063,zhulab,101.3,CC(=O)CCCC(=O)O,1.6883333333333332
2063,2064,zhulab,86.65,CCC(=O)CCC(=O)O,1.4441666666666668
