Unnamed: 0,name,source,RT_Amide6min,IsomericSMILES,RT,Predicted_RT,是否可定制
0,1,biotree,123.0,C[C@@H]1[C@@H]([C@@H]([C@H]([C@@H](O1)O[C@H]2CC[C@]3([C@H]([C@]2(C)CO)CC[C@@]4([C@@H]3C=C[C@@]56[C@]4(C[C@H]([C@@]7([C@H]5CC(CC7)(C)C)CO6)O)C)C)C)O)O[C@H]8[C@@H]([C@H]([C@@H]([C@H](O8)CO)O)O)O)O,2.05,2.1362808,是
1,2,biotree,279.6,C(CNC(=O)N)C(=O)O,4.66,2.9090106,是
2,3,biotree,135.6,C1=CC=C(C=C1)C(C#N)OC2C(C(C(C(O2)COC3C(C(C(C(O3)CO)O)O)O)O)O)O,2.26,2.4423573,是
3,4,biotree,165.0,CC1CCC2(C(C3C(O2)CC4C3(CCC5C4CCC6C5(CCC(C6)OC7C(C(C(C(O7)CO)OC8C(C(C(C(O8)CO)O)OC9C(C(C(CO9)O)O)O)OC2C(C(C(C(O2)CO)O)O)O)O)O)C)C)C)NC1,2.75,3.1253014,是
4,5,biotree,171.0,C1=C(C(=C(C(=C1I)NC(=O)CCCCC(=O)NC2=C(C=C(C(=C2I)C(=O)O)I)I)I)C(=O)O)I,2.85,2.5926547,是
5,6,biotree,148.8,CCC(C)C1C(=O)NC(C(=O)NC(C(=O)NC(CSSCC(C(=O)NC(C(=O)N1)CC2=CC=C(C=C2)O)N)C(=O)N3CCCC3C(=O)NC(CC(C)C)C(=O)NCC(=O)N)CC(=O)N)CCC(=O)N,2.48,2.3519416,是
6,7,biotree,130.2,CC1=CC2=C(C=C1C)N(C3=NC(=O)NC(=O)C3=N2)CC(C(C(CO)O)O)O,2.17,1.8883798,是
7,8,biotree,122.4,CCOC1=CC=C(C=C1)C2=NC3=C(N2)C=C(C=C3)C4=NC5=C(N4)C=C(C=C5)N6CCN(CC6)C,2.04,2.0954514,是
8,9,biotree,145.8,CCCCC(CC)CN=C(N)NC(=NCCCCCCN=C(N)NC(=NCC(CC)CCCC)N)N,2.43,2.6098852,是
9,10,biotree,142.8,C1=CN(C(=O)N=C1N)C2C(C(C(O2)CO)O)O,2.3800000000000003,1.780714,是
10,11,biotree,234.0,CC(=O)N(CCCCCNC(=O)CCC(=O)N(CCCCCNC(=O)CCC(=O)N(CCCCCN)O)O)O,3.9,3.8008866,是
11,12,biotree,249.6,CC(=O)SCCNC(=O)CCNC(=O)C(C(C)(C)COP(=O)(O)OP(=O)(O)OCC1C(C(C(O1)N2C=NC3=C(N=CN=C32)N)O)OP(=O)(O)O)O,4.16,3.8276405,是
12,13,biotree,199.8,CC(=O)N(CC(CN(C1=C(C(=C(C(=C1I)C(=O)NCC(CO)O)I)C(=O)NCC(CO)O)I)C(=O)C)O)C2=C(C(=C(C(=C2I)C(=O)NCC(CO)O)I)C(=O)NCC(CO)O)I,3.33,2.754777,是
13,14,biotree,140.4,CC(=O)NC1=C(C(=C(C(=C1I)C(=O)O)I)NC(=O)C)I,2.3400000000000003,2.414919,是
14,15,biotree,137.4,CON=C(C1=CSC(=N1)N)C(=O)NC2C3N(C2=O)C(=CCS3)C(=O)O,2.29,2.5765352,是
15,16,biotree,138.0,C1C(=C(N2[C@H](S1)[C@@H](C2=O)NC(=O)[C@@H](C3=CC=CC=C3)O)C(=O)O)CSC4=NN=NN4CS(=O)(=O)O,2.3,2.3531914,是
16,17,biotree,129.0,CC(=O)NC1=C(C(=C(C(=C1I)C(=O)O)I)C(=O)NC)I,2.15,2.3649683,是
17,18,biotree,124.8,CCCCCCCCN=C1C=CN(C=C1)CCCCCCCCCCN2C=CC(=NCCCCCCCC)C=C2,2.08,2.1005135,是
18,19,biotree,151.8,C[C@H]([C@@H](CO)NC(=O)C1CSSCC(C(=O)NC(C(=O)NC(C(=O)NC(C(=O)NC(C(=O)N1)C(C)O)CCCCN)CC2=CNC3=CC=CC=C32)CC4=CC=CC=C4)NC(=O)C(CC5=CC=CC=C5)N)O,2.53,2.4816246,是
19,20,biotree,142.2,C[C@@H]1CC[C@@]2([C@H]([C@H]3[C@@H](O2)CC4[C@@]3(CC[C@H]5[C@H]4CC=C6[C@@]5(CC[C@@H](C6)O[C@H]7[C@@H]([C@H]([C@@H]([C@H](O7)CO)O[C@H]8[C@@H]([C@@H]([C@H]([C@@H](O8)C)O[C@H]9[C@H]([C@@H]([C@H]([C@@H](O9)C)O)O)O)O)O)O)O[C@H]2[C@@H]([C@@H](C([C@@H](O2)C)O)O)O)C)C)C)OC1,2.37,2.4940963,是
20,21,biotree,152.4,C1=CC(=CN=C1)CC(=O)O,2.54,2.2659512,是
21,22,biotree,204.0,C(CC(=O)O)CN,3.4,3.3838077,是
22,23,biotree,199.8,C(C(=O)O)(NC(=O)N)NC(=O)N,3.33,3.2534785,是
23,24,biotree,126.0,C[C@H](CCC(=O)NCC(=O)O)[C@H]1CC[C@@H]2[C@@]1(CC[C@H]3[C@H]2[C@@H](C[C@H]4[C@@]3(CC[C@H](C4)O)C)O)C,2.1,1.982105,是
24,25,biotree,201.6,C(CN)C(=O)O,3.36,3.2673907,是
25,26,biotree,130.8,C[C@@H]1[C@@H]([C@@H]([C@H]([C@@H](O1)O[C@H]2CC[C@]3([C@H]([C@]2(C)CO)CC[C@@]4([C@@H]3C=C[C@@]56[C@]4(C[C@@H]([C@@]7([C@H]5CC(CC7)(C)C)CO6)O)C)C)C)O)O[C@H]8[C@@H]([C@H]([C@@H]([C@H](O8)CO)O)O)O)O,2.18,2.1362805,是
26,27,biotree,141.0,CC(=CCC[C@@](C)([C@H]1CC[C@@]2([C@@H]1[C@@H](C[C@H]3[C@]2(C[C@@H]([C@@H]4[C@@]3(CC[C@@H](C4(C)C)O)C)O[C@H]5[C@@H]([C@H]([C@@H]([C@H](O5)CO)O)O)O)C)O)C)O[C@H]6[C@@H]([C@H]([C@@H]([C@H](O6)CO)O)O)O)C,2.35,2.334667,是
27,28,biotree,139.8,CC(=CCC[C@@](C)([C@H]1CC[C@@]2([C@@H]1[C@@H](C[C@H]3[C@]2(C[C@@H]([C@@H]4[C@@]3(CC[C@@H](C4(C)C)O)C)O[C@H]5[C@@H]([C@H]([C@@H]([C@H](O5)CO)O)O)O[C@H]6[C@@H]([C@H]([C@@H]([C@H](O6)CO)O)O)O)C)O)C)O)C,2.33,2.3092232,是
28,29,biotree,148.2,C[C@@H]1CC[C@@]2([C@H]([C@]3([C@@H](O2)C[C@@H]4[C@@]3(CC[C@H]5[C@H]4CC=C6[C@@]5(CC[C@@H](C6)O[C@H]7[C@@H]([C@H]([C@@H]([C@H](O7)CO)O[C@H]8[C@@H]([C@@H]([C@H]([C@@H](O8)C)O[C@H]9[C@@H]([C@@H]([C@H]([C@@H](O9)C)O)O)O)O)O)O)O[C@H]2[C@@H]([C@@H]([C@H]([C@@H](O2)C)O)O)O)C)C)O)C)OC1,2.47,2.6550198,是
29,30,biotree,208.8,C(CCN)CC(=O)O,3.48,3.3761456,是
30,31,biotree,142.2,C[C@@H]1CC[C@@]2([C@H]([C@H]3[C@@H](O2)C[C@@H]4[C@@]3(CC[C@H]5[C@H]4CC=C6[C@@]5(CC[C@@H](C6)O[C@H]7[C@@H]([C@H]([C@@H]([C@H](O7)CO)O[C@H]8[C@@H]([C@@H]([C@H]([C@@H](O8)C)O)O)O)O)O[C@H]9[C@@H]([C@@H]([C@H]([C@@H](O9)C)O)O)O)C)C)C)NC1,2.37,2.421601,是
31,32,biotree,157.8,C1=CC(=CC=C1NC(=NC(=NCCCCCCN=C(N)N=C(N)NC2=CC=C(C=C2)Cl)N)N)Cl,2.6300000000000003,2.5300398,是
32,33,biotree,151.8,CN1CCN(CC1)C2=CC3=C(C=C2)N=C(N3)C4=CC5=C(C=C4)N=C(N5)C6=CC=C(C=C6)O,2.53,2.2380364,是
33,34,biotree,123.6,CC(C)(C1=CC=C(C=C1)C(CCCN2CCC(CC2)C(C3=CC=CC=C3)(C4=CC=CC=C4)O)O)C(=O)O,2.06,2.01026,是
34,35,biotree,165.0,CC1CCC2(CCC3(C(=CCC4C3(CCC5C4(CC(C(C5(C)CO)O)O)C)C)C2C1C)C)C(=O)OC6C(C(C(C(O6)COC7C(C(C(C(O7)CO)OC8C(C(C(C(O8)C)O)O)O)O)O)O)O)O,2.75,2.7672644,是
35,36,biotree,140.4,CC1C(C(C(C(O1)OC2CC(C3(C4C(CCC3(C2)O)C5(CCC(C5(CC4O)C)C6=CC(=O)OC6)O)CO)O)O)O)O,2.3400000000000003,2.5357358,是
36,37,biotree,144.6,C[C@]12CCC34C[C@@]35CCC(C(C5[C@@H](CC4[C@@]1(C[C@H]([C@@H]2[C@]6(CC[C@H](O6)C(C)(C)O)C)O)C)O[C@H]7[C@@H]([C@H]([C@@H]([C@H](O7)CO)O)O)O)(C)C)O[C@H]8[C@@H]([C@H]([C@@H](CO8)O)O)O,2.41,2.3195176,是
37,38,biotree,177.6,CC1CCC2(CCC3(C(=CCC4C3(CC(C5C4(CC(C(C5(C)CO)O)O)C)O)C)C2C1C)C)C(=O)OC6C(C(C(C(O6)COC7C(C(C(C(O7)CO)OC8C(C(C(C(O8)C)O)O)O)O)O)O)O)O,2.96,2.9806051,是
38,39,biotree,163.8,C[C@]12CCC[C@@]([C@@H]1CC[C@@]34[C@@H]2CC[C@@](C3)(C(=C)C4)O[C@H]5[C@@H]([C@H]([C@@H]([C@H](O5)CO)O)O)O[C@H]6[C@@H]([C@H]([C@@H]([C@H](O6)CO)O)O)O)(C)C(=O)O,2.73,2.9457927,是
39,40,biotree,167.4,CC=C(C)C(=O)O[C@H]1[C@@H]([C@@]2([C@@H](C[C@@]3(C(=CC[C@H]4[C@]3(CC[C@@H]5[C@@]4(CC[C@@H]([C@]5(C)CO)O[C@H]6[C@@H]([C@H]([C@@H]([C@H](O6)C(=O)O)O[C@H]7[C@@H]([C@H]([C@@H]([C@H](O7)CO)O)O)O)O)O[C@H]8[C@@H]([C@H]([C@@H]([C@H](O8)CO)O)O)O)C)C)[C@@H]2CC1(C)C)C)O)CO)OC(=O)C,2.79,2.8849356,是
40,41,biotree,162.6,C[C@]12CCC(C(C1CC[C@@]3(C2CC=C4[C@]3(CC[C@@]5([C@@H]4CC(CC5)(C)C)C(=O)O[C@H]6[C@@H]([C@H]([C@@H]([C@H](O6)CO)O)O)O)C)C)(C)C)O[C@H]7[C@@H]([C@H]([C@@H]([C@H](O7)C(=O)O)O)O[C@H]8[C@@H]([C@H]([C@@H](CO8)O)O)O)O,2.71,2.7874346,是
41,42,biotree,130.2,CC(C)C[C@@](CC(=O)OCC1=CC=C(C=C1)O[C@H]2[C@@H]([C@H]([C@@H]([C@H](O2)CO)O)O)O)(C(=O)OCC3=CC=C(C=C3)O[C@H]4[C@@H]([C@H]([C@@H]([C@H](O4)CO)O)O)O)O,2.17,2.2734652,是
42,43,biotree,160.8,C[C@@]1(CC[C@@]23CO[C@]4([C@@H]2C1)CC[C@@H]5[C@]6(CCC(C([C@@H]6CC[C@]5([C@@]4(C[C@H]3O)C)C)(C)C)O[C@H]7[C@@H]([C@H]([C@H](CO7)O[C@H]8[C@@H]([C@H]([C@@H]([C@H](O8)CO)O)O)O[C@H]9[C@@H]([C@H]([C@@H](CO9)O)O)O)O)O[C@H]1[C@@H]([C@H]([C@@H]([C@H](O1)CO)O)O)O)C)C=O,2.68,2.8037553,是
43,44,biotree,163.2,C[C@H]1CC[C@@]2([C@H]([C@H]3[C@@H](O2)C[C@@H]4[C@@]3(CC[C@H]5[C@H]4CC=C6[C@@]5(CC[C@@H](C6)O[C@H]7[C@@H]([C@H]([C@H]([C@H](O7)CO)O)O[C@H]8[C@@H]([C@H]([C@@H]([C@H](O8)CO)O)O)O)O[C@H]9[C@@H]([C@@H]([C@H]([C@@H](O9)C)O)O)O)C)C)C)NC1,2.72,2.6064224,是
44,45,biotree,153.0,COC1=CC(=CC(=C1OC2C(C(C(C(O2)CO)O)O)O)OC)C3C4COC(C4CO3)C5=CC(=C(C(=C5)OC)OC6C(C(C(C(O6)CO)O)O)O)OC,2.55,2.3518229,是
45,46,biotree,150.6,C[C@H]1[C@@H]([C@H]([C@H]([C@@H](O1)O[C@@H]2[C@H]([C@@H]([C@H](O[C@H]2O[C@@H]3[C@H]([C@H](CO[C@H]3O[C@H]4CC[C@]5([C@H](C4(C)C)CC[C@@]6([C@@H]5CC=C7[C@]6(CC[C@@]8([C@H]7CC(CC8)(C)C)C(=O)O)C)C)C)O)O)CO)O)O)O)O)O,2.51,2.631475,是
46,47,biotree,208.8,C(CCC(=O)O)CC(=O)O,3.48,3.3440137,是
47,48,biotree,217.8,CC1=CC2=C(C=C1C)N(C3=NC(=O)NC(=O)C3=N2)C[C@@H]([C@@H]([C@@H](COP(=O)(O)OP(=O)(O)OC[C@@H]4[C@H]([C@H]([C@@H](O4)N5C=NC6=C(N=CN=C65)N)O)O)O)O)O,3.63,3.5762925,是
48,49,biotree,145.8,CN=C(N)N,2.43,2.164747,是
49,50,biotree,209.4,C(CCC(=O)O)CCN,3.49,3.2778463,是
50,51,biotree,196.8,C(CC(=O)O)CN=C(N)N,3.28,3.327105,是
51,52,biotree,184.8,C[N+](C)(C)[O-],3.08,2.8511271,是
52,53,biotree,120.6,C[C@@H]1CC[C@@]2([C@H]([C@H]3[C@@H](O2)C[C@@H]4[C@@]3(CC[C@H]5[C@H]4CC=C6[C@@]5(CC[C@@H](C6)O[C@H]7[C@@H]([C@H]([C@@H]([C@H](O7)CO)O[C@H]8[C@@H]([C@@H]([C@H]([C@@H](O8)C)O)O)O)O)O[C@H]9[C@@H]([C@@H]([C@H]([C@@H](O9)C)O)O)O)C)C)C)OC1,2.01,2.2204862,是
53,54,biotree,153.6,C[C@H]1[C@@H]([C@H]([C@H]([C@@H](O1)O[C@@H]2[C@H]([C@H](CO[C@H]2O[C@H]3CC[C@@]4([C@H]5CC[C@@H]6[C@H]7[C@@](C[C@@H](O[C@@]78C[C@]6([C@@]5(CC[C@H]4C3(C)C)C)CO8)C=C(C)C)(C)O)C)O)O[C@H]9[C@@H]([C@H]([C@@H]([C@H](O9)CO)O)O)O[C@H]1[C@@H]([C@H]([C@@H](CO1)O)O)O)O)O)O,2.56,2.535828,是
54,55,biotree,135.6,C[C@]12CC[C@@]34C[C@@]35CC[C@@H](C([C@@H]5[C@H](C[C@H]4[C@@]1(C[C@@H]([C@@H]2[C@]6(CC[C@H](O6)C(C)(C)O)C)O)C)O)(C)C)O[C@H]7[C@@H]([C@H]([C@@H](CO7)O)O)O[C@H]8[C@@H]([C@H]([C@@H]([C@H](O8)CO)O)O)O,2.26,2.3342881,是
55,56,biotree,136.8,C[C@]12CC[C@@H](C([C@@H]1CC[C@@]3([C@@H]2CC=C4[C@]3(CC[C@@]5([C@H]4CC(CC5)(C)C)C(=O)O)C)C)(C)C)O[C@H]6[C@@H]([C@H]([C@@H]([C@H](O6)C(=O)O)O)O)O,2.28,2.4634175,是
56,57,biotree,174.0,C1CCNC(C1)C(=O)O,2.9,2.902597,是
57,58,biotree,124.2,CC1C(C(C(C(O1)OC2C(C(C(OC2OC3CC4(C(CC(C5C4(CCC5C6(CCC(O6)C(C)(C)O)C)C)O)C7(C3C(C(CC7)O)(C)C)C)C)CO)O)O)O)O)O,2.07,2.2680612,是
58,59,biotree,176.4,C1=CC2=C(C(=C1)OCC(COC3=CC=CC4=C3C(=O)C=C(O4)C(=O)O)O)C(=O)C=C(O2)C(=O)O,2.94,2.5257304,是
59,60,biotree,139.8,C[C@@H](C(=O)N[C@@H](C(C)C)C(=O)NCC(=O)N[C@@H](CC1=CN=CN1)C(=O)N[C@@H](CC2=CC=CC=C2)C(=O)N[C@@H](CCSC)C(=O)N)NC(=O)[C@H](CC3=CNC4=CC=CC=C43)NC(=O)[C@H](CCC(=O)N)NC(=O)[C@@H]5CCC(=O)N5,2.33,2.1441245,是
60,61,biotree,153.0,COC1=CC(=CC(=C1O[C@H]2[C@@H]([C@H]([C@@H]([C@H](O2)CO)O)O)O)OC)[C@H]3[C@@H]4CO[C@H]([C@@H]4CO3)C5=CC(=C(C(=C5)OC)O[C@H]6[C@@H]([C@H]([C@@H]([C@H](O6)CO)O)O)O)OC,2.55,2.3518229,是
61,62,biotree,199.8,CC[C@@H]1[C@@]([C@H]2[C@H]([C@H]([C@@H](C[C@@]([C@@H]([C@H]([C@@H]([C@H](C(=O)O1)C)O[C@H]3C[C@@]([C@H]([C@@H](O3)C)O)(C)OC)C)O[C@H]4[C@@H]([C@H](C[C@H](O4)C)N(C)C)O)(C)O)C)N[C@H](O2)COCCOC)C)(C)O,3.33,2.2524586,是
62,63,biotree,163.8,C[C@]12CC[C@@H](C([C@@H]1CC[C@@]3([C@@H]2CC=C4[C@]3(CC[C@@]5([C@H]4CC(CC5)(C)C)C(=O)O)C)C)(C)C)O[C@H]6[C@@H]([C@H]([C@@H]([C@H](O6)C(=O)O)O[C@H]7[C@@H]([C@H]([C@@H](O7)CO)O)O)O)O,2.73,2.7957509,是
63,64,biotree,136.8,C[C@@H]1CC[C@@]2([C@H]([C@H]3[C@@H](O2)C[C@@H]4[C@@]3(CC[C@H]5[C@H]4CC=C6[C@@]5(CC[C@@H](C6)O[C@H]7[C@@H]([C@H]([C@@H]([C@H](O7)CO)O)O[C@H]8[C@@H]([C@H]([C@@H]([C@H](O8)CO)O)O)O)O[C@H]9[C@@H]([C@@H]([C@H]([C@@H](O9)C)O)O)O)C)C)C)OC1,2.28,2.378848,是
64,65,biotree,145.2,C1=CC(=CC=C1C(CC(=O)O)CN)Cl,2.42,2.6222794,是
65,66,biotree,161.4,C[C@]12CC[C@@H](C([C@@H]1CC[C@@]3([C@@H]2CC=C4[C@]3(CC[C@@]5([C@H]4CC(CC5)(C)C)C(=O)O)C)C)(C)C)O[C@H]6[C@@H]([C@H]([C@@H]([C@H](O6)C(=O)O)O)O[C@H]7[C@@H]([C@H]([C@@H](CO7)O)O)O)O,2.69,2.8279798,是
66,67,biotree,171.6,C[C@H]1[C@@H]([C@H]([C@H]([C@@H](O1)O[C@@H]2[C@H]([C@@H]([C@H](O[C@H]2OC(=O)[C@@]34CC[C@@]5(C(=CC[C@H]6[C@]5(CC[C@@H]7[C@@]6(C[C@@H]([C@@H]([C@@]7(C)CO)O[C@H]8[C@@H]([C@H]([C@@H]([C@H](O8)CO)O)O)O)O)C)C)[C@@H]3CC(CC4)(C)C)C)CO)O)O)O)O)O[C@H]9[C@@H]([C@H]([C@@H](CO9)O)O)O,2.86,3.0416355,是
67,68,biotree,154.2,C[C@]12CCC(C(C1CC[C@@]3(C2CC=C4[C@]3(CC[C@@]5([C@@H]4CC(CC5)(C)C)C(=O)O[C@H]6[C@@H]([C@H]([C@@H]([C@H](O6)CO)O)O)O)C)C)(C)C)O[C@@H]7[C@@H]([C@H]([C@@H]([C@H](O7)C(=O)O)O[C@H]8[C@@H]([C@H]([C@@H](O8)CO)O)O)O)O,2.57,2.7603168,是
68,69,biotree,177.6,C1=CC(=CC=C1COC(=O)CC(CC(=O)OCC2=CC=C(C=C2)O[C@H]3[C@@H]([C@H]([C@@H]([C@H](O3)CO)O)O)O)(C(=O)OCC4=CC=C(C=C4)O[C@H]5[C@@H]([C@H]([C@@H]([C@H](O5)CO)O)O)O)O)O[C@H]6[C@@H]([C@H]([C@@H]([C@H](O6)CO)O)O)O,2.96,2.9714015,是
69,70,biotree,168.0,C[C@H]1[C@@H]([C@H]([C@H]([C@@H](O1)O[C@@H]2[C@H](O[C@H]([C@@H]([C@H]2O)O)OC[C@@H]3[C@H]([C@@H]([C@H]([C@@H](O3)OC(=O)[C@@]45CC[C@@]6(C(=CC[C@H]7[C@]6(CC[C@@H]8[C@@]7(CC[C@@H](C8(C)C)O[C@H]9[C@@H]([C@H]([C@H](CO9)O)O)O[C@H]1[C@@H]([C@H]([C@@H]([C@H](O1)CO)O)O)O)C)C)[C@@H]4CC(CC5)(C)C)C)O)O)O)COC(=O)C)O)O)O,2.8,2.8578653,是
70,71,biotree,128.4,CC(CCC(=O)NCC(=O)O)C1CCC2C1(CCC3C2C(CC4C3(CCC(C4)O)C)O)C,2.14,1.9821051,是
71,72,biotree,126.6,CC(C)C[C@@H](C(=O)O)NC(=O)[C@H](CC1=CC=CC=C1)NC(=O)CNC(=O)CNC(=O)[C@H](CC2=CC=C(C=C2)O)N,2.11,2.253795,是
72,73,biotree,158.4,C[C@H]1[C@@H]([C@H]([C@H]([C@@H](O1)O[C@@H]2[C@H]([C@H](CO[C@H]2O[C@H]3CC[C@@]4([C@H]5CC[C@@H]6[C@H](CC[C@]6([C@@]5(CC[C@H]4C3(C)C)C)C)[C@@](CCC=C(C)C)(CO[C@H]7[C@@H]([C@H]([C@@H]([C@H](O7)CO)O)O)O)O)C=O)O)O[C@H]8[C@@H]([C@H]([C@@H](CO8)O)O)O)O)O)O,2.64,2.6311755,是
73,74,biotree,120.0,CCN(CC)CCCC(C)NC1=C2C=CC(=CC2=NC=C1)Cl,2.0,2.1299093,是
74,75,biotree,135.6,C[C@@H]1CC[C@@]2([C@H]([C@H]3[C@@H](O2)C[C@@H]4[C@@]3(CC[C@H]5[C@H]4CC=C6[C@@]5(CC[C@@H](C6)O[C@H]7[C@@H]([C@H]([C@@H]([C@H](O7)CO)O[C@H]8[C@@H]([C@H]([C@@H]([C@H](O8)CO)O)O)O)O)O[C@H]9[C@@H]([C@@H]([C@H]([C@@H](O9)C)O)O)O)C)C)C)OC1,2.26,2.378615,是
75,76,biotree,166.8,C/C=C(\C)/C(=O)O[C@H]1[C@@H]([C@@]2([C@@H](C[C@@]3(C(=CC[C@H]4[C@]3(CC[C@@H]5[C@@]4(CC[C@@H]([C@]5(C)CO)O[C@H]6[C@@H]([C@H]([C@@H]([C@H](O6)C(=O)O)O[C@H]7[C@@H]([C@H]([C@@H]([C@H](O7)CO)O)O)O)O)O[C@H]8[C@@H]([C@H]([C@@H]([C@H](O8)CO)O)O)O)C)C)[C@@H]2CC1(C)C)C)O)COC(=O)C)O,2.78,3.0207245,是
76,77,biotree,127.8,CC(=CCC[C@@](C)([C@H]1CC[C@@]2([C@@H]1[C@@H](C[C@H]3[C@]2(CC[C@@H]4[C@@]3(CC[C@@H](C4(C)C)O[C@H]5[C@@H]([C@H]([C@@H]([C@H](O5)CO)O)O)O)C)C)O)C)O[C@H]6[C@@H]([C@H]([C@@H]([C@H](O6)CO)O)O)O)C,2.13,2.1637828,是
77,78,biotree,170.4,CC1C(C(C(C(O1)OC2C(OC(C(C2O)O)OCC3C(C(C(C(O3)OC(=O)C45CCC(CC4C6=CCC7C8(CCC(C(C8CCC7(C6(CC5)C)C)(C)C)OC9C(C(C(CO9)O)O)OC1C(C(C(C(O1)C)O)O)O)C)(C)C)O)O)O)CO)O)O)O,2.8400000000000003,2.9284697,是
78,79,biotree,136.2,CC(=C[C@@H]1CO[C@]23C[C@]4(CO2)[C@@H]([C@H]3[C@@]1(C)O)CC[C@H]5[C@]4(CC[C@@H]6[C@@]5(CC[C@@H](C6(C)C)O[C@H]7[C@@H]([C@H]([C@H](CO7)O)O[C@H]8[C@@H]([C@H]([C@@H]([C@H](O8)COS(=O)(=O)O)O)O)O)O[C@H]9[C@@H]([C@H]([C@@H](O9)CO)O)O)C)C)C,2.27,2.2965863,是
79,80,biotree,166.8,C/C=C(/C)\C(=O)O[C@H]1[C@@H]([C@@]2([C@@H](C[C@@]3(C(=CC[C@H]4[C@]3(CC[C@@H]5[C@@]4(CC[C@@H]([C@]5(C)CO)O[C@H]6[C@@H]([C@H]([C@@H]([C@H](O6)C(=O)O)O[C@H]7[C@@H]([C@H]([C@@H]([C@H](O7)CO)O)O)O)O)O[C@H]8[C@@H]([C@H]([C@@H]([C@H](O8)CO)O)O)O)C)C)[C@@H]2CC1(C)C)C)O)COC(=O)C)O,2.78,2.9504428,是
80,81,biotree,159.6,C[C@H]1[C@@H]([C@H]([C@H]([C@@H](O1)O[C@H]2[C@@H]([C@H](O[C@H]([C@@H]2O)O[C@H]3CC[C@]4([C@H](C3(C)C)CC[C@@]5([C@@H]4CC=C6[C@]5(CC[C@@]7([C@H]6CC(CC7)(C)C)C(=O)O[C@H]8[C@@H]([C@H]([C@@H]([C@H](O8)CO)O)O)O)C)C)C)C(=O)O)O)O)O)O,2.66,2.7357256,是
81,82,biotree,171.6,CC1C(C(C(C(O1)OC2C(OC(C(C2O)O)OCC3C(C(C(C(O3)OC(=O)C45CCC(CC4C6=CCC7C8(CCC(C(C8CCC7(C6(CC5)C)C)(C)CO)OC9C(C(C(CO9)O)O)O)C)(C)C)O)O)O)CO)O)O)O,2.86,2.874603,是
82,83,biotree,180.0,C(CN)CS(=O)(=O)O,3.0,2.8089442,是
83,84,biotree,133.8,C1=C(NC(=O)NC1=O)C(=O)O,2.23,2.0375752,是
84,85,biotree,223.2,C(C(C(=O)O)NC(=O)N)C(=O)O,3.72,3.6031547,是
85,86,biotree,266.4,C([C@@H]1[C@H]([C@@H]([C@H]([C@H](O1)O[C@]2([C@H]([C@@H]([C@H](O2)CO)O)O)CO[C@]3([C@H]([C@@H]([C@H](O3)CO)O)O)CO[C@]4([C@H]([C@@H]([C@H](O4)CO)O)O)CO[C@]5([C@H]([C@@H]([C@H](O5)CO)O)O)CO[C@]6([C@H]([C@@H]([C@H](O6)CO)O)O)CO[C@]7([C@H]([C@@H]([C@H](O7)CO)O)O)CO)O)O)O)O,4.44,5.095853,否
86,87,biotree,193.2,CN(CC(=O)O)C(=N)N,3.22,3.018518,是
87,88,biotree,128.4,C1=CC(=CN=C1)C(=O)O,2.14,2.1966257,是
88,89,biotree,166.8,C(CS(=O)(=O)O)N,2.78,2.648621,是
89,90,biotree,149.4,C[C@H](CCC(=O)NCC(=O)O)[C@H]1CC[C@@H]2[C@@]1([C@H](C[C@H]3[C@H]2[C@@H](C[C@H]4[C@@]3(CC[C@H](C4)O)C)O)O)C,2.49,2.2639542,是
90,91,biotree,171.6,CN(C)CC(=O)O,2.86,3.0194876,是
91,92,biotree,178.2,CS(=O)CCC(C(=O)O)N,2.97,3.2612882,是
92,93,biotree,150.0,C[C@H]1[C@@H]([C@H]([C@H]([C@@H](O1)OC[C@@H]2[C@H]([C@@H]([C@H]([C@@H](O2)OC3=C(OC4=CC(=CC(=C4C3=O)O)OCCO)C5=CC(=C(C=C5)OCCO)OCCO)O)O)O)O)O)O,2.5,2.7725105,是
93,94,biotree,130.2,C[C@@H]1[C@@H]([C@@H]([C@H]([C@@H](O1)O[C@H]2CC[C@]3([C@H]([C@]2(C)CO)CC[C@@]4([C@@H]3C=CC5=C6CC(CC[C@@]6([C@H](C[C@]54C)O)CO)(C)C)C)C)O)O[C@H]7[C@@H]([C@H]([C@@H]([C@H](O7)CO)O)O)O)O,2.17,2.2296658,是
94,95,biotree,165.0,C[C@H](CC[C@H](C(C)(C)O)O[C@H]1[C@@H]([C@H]([C@@H]([C@H](O1)CO[C@H]2[C@@H]([C@H]([C@@H]([C@H](O2)CO)O)O)O)O)O)O)[C@H]3CC[C@@]4([C@@]3(C[C@H]([C@@]5([C@H]4CC=C6[C@H]5CC[C@@H](C6(C)C)O[C@H]7[C@@H]([C@H]([C@@H]([C@H](O7)CO)O)O)O)C)O)C)C,2.75,2.8073566,是
95,96,biotree,157.8,CC1(CCC2(CCC3(C(=CCC4C3(CCC5C4(CCC(C5(C)CO)OC6C(C(C(CO6)O)O)O)C)C)C2C1)C)C(=O)OC7C(C(C(C(O7)COC8C(C(C(C(O8)CO)O)O)O)O)O)O)C,2.6300000000000003,2.6025276,是
96,97,biotree,130.2,C[C@H]1[C@@H]([C@H]([C@H]([C@@H](O1)OC2=C(OC3=C(C2=O)C(=CC(=C3CC=C(C)C)O[C@H]4[C@@H]([C@H]([C@@H]([C@H](O4)CO)O)O)O)O)C5=CC=C(C=C5)OC)O[C@H]6[C@@H]([C@H]([C@@H](CO6)O)O)O)O)O,2.17,2.4915214,是
97,98,biotree,125.4,CC[C@H](C)[C@H]1C(=O)N[C@H](C(=O)N[C@H](C(=O)N[C@@H](CSCCCC(=O)N[C@H](C(=O)N1)CC2=CC=C(C=C2)OC)C(=O)N3CCC[C@H]3C(=O)N[C@@H](CC(C)C)C(=O)NCC(=O)N)CC(=O)N)CCC(=O)N,2.0900000000000003,2.0299919,是
98,99,biotree,135.0,CC(=C[C@H]1C[C@]([C@@H]2[C@H]3CC[C@@H]4[C@]5(CC[C@@H](C([C@@H]5CC[C@]4([C@]36C[C@@]2(O1)OC6)C)(C)C)O[C@H]7[C@@H]([C@H]([C@H](CO7)O)O[C@H]8[C@@H]([C@H]([C@@H]([C@H](O8)CO)O)O)O)O[C@H]9[C@@H]([C@H]([C@@H](O9)CO)O)O)C)(C)O)C,2.25,2.2673988,是
99,100,biotree,125.4,CC(=CCC[C@@](C)([C@H]1CC[C@@]2([C@@H]1[C@@H](C[C@H]3[C@]2(CC[C@@H]4[C@@]3(CC[C@@H](C4(C)C)O[C@H]5[C@@H]([C@H]([C@@H]([C@H](O5)CO)O)O)O[C@H]6[C@@H]([C@H]([C@@H]([C@H](O6)CO)O)O)O)C)C)O)C)O)C,2.0900000000000003,2.1545215,是
101,102,biotree,162.0,C[C@H]1[C@@H]([C@H]([C@H]([C@@H](O1)O[C@@H]2[C@H](O[C@H]([C@@H]([C@H]2O)O[C@H]3[C@@H]([C@@H]([C@H]([C@@H](O3)C)O)O)O)O[C@H]4CC[C@@]5([C@H]6CC[C@]7([C@H]([C@@H]6CC=C5C4)C[C@H]8[C@@H]7C(=C(O8)CC[C@@H](C)CO[C@H]9[C@@H]([C@H]([C@@H]([C@H](O9)CO)O)O)O)C)C)C)CO)O)O)O,2.7,2.7710934,是
102,103,biotree,177.6,CC(=CCCC1(CCC2(C(C1O)CCC3C2(CCC4C3(CCC(C4(C)COC5C(C(C(C(O5)CO)O)O)O)OC6C(C(C(C(O6)CO)O)O)OC7C(C(C(C(O7)CO)O)O)O)C)C)C)CO)CO,2.96,3.0382195,是
103,104,biotree,126.6,C[C@H](C(=O)N[C@@H](CC1=CC=CC=C1)C(=O)NCC(=O)N[C@@H](CC2=CC=C(C=C2)O)C(=O)N3CCC[C@H]3C(=O)N[C@@H](CO)C(=O)N)NC(=O)[C@H](CC4=CC=C(C=C4)O)N,2.11,2.3695905,是
104,105,biotree,174.6,C[C@]12CC[C@](C[C@H]1C3=CC(=O)[C@@H]4[C@]5(CC[C@@H](C([C@@H]5CC[C@]4([C@@]3(CC2)C)C)(C)C)O[C@H]6[C@@H]([C@H]([C@@H]([C@H](O6)C(=O)O)O)O)O)C)(C)C(=O)O,2.91,2.5897694,是
105,106,biotree,151.2,C[C@H]1[C@@H]([C@H]([C@H]([C@@H](O1)O[C@@H]2[C@H]([C@H](CO[C@H]2O[C@H]3CC[C@]4([C@H](C3(C)C)CC[C@@]5([C@@H]4CC=C6[C@]5(CC[C@@]7([C@H]6CC(CC7)(C)C)C(=O)O)C)C)C)O[C@H]8[C@@H]([C@H]([C@@H]([C@H](O8)CO)O)O)O)O)O)O)O,2.52,2.6288981,是
106,107,biotree,137.4,C1=CC(=C(C=C1N)C(=O)O)O,2.29,2.1775734,是
107,108,biotree,130.8,C[C@H]1[C@@H]([C@H]([C@H]([C@@H](O1)O[C@@H]2[C@@H]([C@H]([C@@H](O[C@H]2OC3=C(OC4=C(C3=O)C(=CC(=C4CC=C(C)C)O[C@H]5[C@@H]([C@H]([C@@H]([C@H](O5)CO)O)O)O)O)C6=CC=C(C=C6)OC)C)O)O)O)O)O,2.18,2.4458709,是
108,109,biotree,136.8,CC(=C[C@@H]1CO[C@]23C[C@]4(CO2)[C@@H]([C@H]3[C@@]1(C)O)CC[C@H]5[C@]4(CC[C@@H]6[C@@]5(CC[C@@H](C6(C)C)O[C@H]7[C@@H]([C@H]([C@@H]([C@H](O7)CO)O)O[C@H]8[C@@H]([C@H]([C@@H]([C@H](O8)CO)O)O)O)O[C@H]9[C@@H]([C@H]([C@@H](O9)CO)O)O)C)C)C,2.28,2.3801973,是
109,110,biotree,172.8,C[C@H](CO[C@H]1[C@@H]([C@H]([C@@H]([C@H](O1)CO)O)O)O)[C@H]2CC[C@@]3(CC[C@@]4([C@@H]([C@H]3O)CC[C@H]5[C@]4(CC[C@@H]6[C@@]5(CC[C@@H]([C@@]6(C)CO)O[C@H]7[C@@H]([C@H]([C@@H]([C@H](O7)CO)O)O)O[C@H]8[C@@H]([C@H]([C@@H](CO8)O)O)O)C)C)C)CO2,2.8800000000000003,2.872965,是
110,111,biotree,147.0,CC(=O)NCCCCCC(=O)O,2.45,2.479856,是
111,112,biotree,133.8,C[C@H](CC[C@H](C(C)(C)O)O[C@H]1[C@@H]([C@H]([C@@H]([C@H](O1)CO)O)O)O)[C@H]2CC[C@@]3([C@@]2(C[C@H]([C@@]4([C@H]3CC=C5[C@H]4CC[C@@H](C5(C)C)O[C@H]6[C@@H]([C@H]([C@@H]([C@H](O6)CO)O)O)O)C)O)C)C,2.23,2.3159668,是
112,113,biotree,123.0,CC(=CCC[C@@](C)([C@H]1CC[C@@]2([C@@H]1[C@@H](C[C@H]3[C@]2(C[C@@H]([C@@H]4[C@@]3(CC[C@@H](C4(C)C)O)C)O[C@H]5[C@@H]([C@H]([C@@H]([C@H](O5)CO)O)O)O[C@H]6[C@@H]([C@H]([C@@H](CO6)O)O)O)C)O)C)O)C,2.05,2.2034118,是
113,114,biotree,138.6,C[C@@H]1CC[C@@]2([C@H]([C@H]3[C@@H](O2)C[C@@H]4[C@@]3(CC[C@H]5[C@H]4CC=C6[C@@]5([C@@H](C[C@@H](C6)O)O[C@H]7[C@@H]([C@H]([C@H]([C@H](O7)C)O)O[C@H]8[C@@H]([C@H]([C@@H](CO8)O)O)O)O[C@H]9[C@@H]([C@H]([C@@H]([C@H](O9)CO)O)O)O)C)C)C)OC1,2.31,2.4608607,是
114,115,biotree,171.6,C[C@H]1[C@@H]([C@H]([C@H]([C@@H](O1)O[C@@H]2[C@H](O[C@H]([C@@H]([C@H]2O)O)OC[C@@H]3[C@H]([C@@H]([C@H]([C@@H](O3)OC(=O)[C@@]45CC[C@@]6(C(=CC[C@H]7[C@]6(CC[C@@H]8[C@@]7(CC[C@@H]([C@@]8(C)CO)O[C@H]9[C@@H]([C@H]([C@H](CO9)O)O)O)C)C)[C@H]4CC(CC5)(C)C)C)O)O)O)CO)O)O)O,2.86,2.8746033,是
115,116,biotree,130.8,CC(=CCC[C@@](C)([C@H]1CC[C@@]2([C@@H]1[C@@H](C[C@H]3[C@]2(C[C@@H]([C@@H]4[C@@]3(CC[C@@H](C4(C)C)O)C)O)C)O)C)O[C@H]5[C@@H]([C@H]([C@@H]([C@H](O5)CO[C@H]6[C@@H]([C@H]([C@H](CO6)O)O)O)O)O)O)C,2.18,2.2515001,是
116,117,biotree,136.2,CC(=C[C@@H]1CO[C@]23C[C@]4(CO2)[C@@H]([C@H]3[C@@]1(C)O)CC[C@H]5[C@]4(CC[C@@H]6[C@@]5(CC[C@@H](C6(C)C)O[C@H]7[C@@H]([C@H]([C@H](CO7)O)O[C@H]8[C@@H]([C@H]([C@@H]([C@H](O8)CO)O)O)O)O[C@H]9[C@@H]([C@H]([C@@H](O9)CO)O)O)C)C)C,2.27,2.2764087,是
117,118,biotree,135.6,CC(=CC/C=C(/C)\[C@H]1CC[C@@]2([C@@H]1[C@@H](C[C@H]3[C@]2(CC[C@@H]4[C@@]3(CC[C@@H](C4(C)C)O[C@H]5[C@@H]([C@H]([C@@H]([C@H](O5)CO)O)O)O[C@H]6[C@@H]([C@H]([C@@H]([C@H](O6)CO)O)O)O)C)C)O)C)C,2.26,2.0597703,是
118,119,biotree,145.8,C[C@]12CC[C@@H](C([C@@H]1CC[C@@]3([C@@H]2CC=C4[C@]3(CC[C@@]5([C@H]4CC(CC5)(C)C)C(=O)O[C@H]6[C@@H]([C@H]([C@@H]([C@H](O6)CO)O)O)O)C)C)(C)C)O[C@H]7[C@@H]([C@H]([C@@H]([C@H](O7)C(=O)O)O)O)O,2.43,2.4470532,是
119,120,biotree,126.6,CC(C)NCC(COC1=CC=C(C=C1)CC(=O)N)O,2.11,1.9377809,是
120,121,biotree,163.8,C[C@]12CC[C@@H](C([C@@H]1CC[C@@]3([C@@H]2CC=C4[C@]3(CC[C@@]5([C@H]4CC(CC5)(C)C)C(=O)O[C@H]6[C@@H]([C@H]([C@@H]([C@H](O6)CO)O)O)O)C)C)(C)C)O[C@H]7[C@@H]([C@H]([C@@H]([C@H](O7)C(=O)O)O)O)O[C@H]8[C@@H]([C@H]([C@@H](CO8)O)O)O,2.73,2.7858193,是
121,122,biotree,169.8,CC(CCC(C(C)(C)O)OC1C(C(C(C(O1)CO)O)O)OC2C(C(C(C(O2)CO)O)O)O)C3CCC4(C3(CC(C5(C4CC=C6C5CCC(C6(C)C)OC7C(C(C(C(O7)CO)O)O)O)C)O)C)C,2.83,2.7826216,是
122,123,biotree,157.8,CC1CCC2(C(C3C(O2)CC4C3(C(=O)CC5C4CCC6C5(CCC(C6)OC7C(C(C(C(O7)CO)OC8C(C(C(C(O8)CO)O)OC9C(C(C(CO9)O)O)O)OC2C(C(C(C(O2)CO)O)O)O)O)O)C)C)C)OC1,2.6300000000000003,2.9258776,是
123,124,biotree,193.2,C(CCCC(=O)O)CCCC(=O)O,3.22,3.078553,是
124,125,biotree,145.8,COC1=C(C(=C2C(=C1)OC(=CC2=O)C3=CC=C(C=C3)O)O)[C@H]4[C@@H]([C@H]([C@@H]([C@H](O4)CO)O)O)O[C@H]5[C@@H]([C@H]([C@@H]([C@H](O5)CO)O)O)O,2.43,2.5665874,是
125,126,biotree,132.6,C[C@@H]1[C@@H]([C@@H]([C@H]([C@@H](O1)O[C@H]2CC[C@]3([C@H]([C@]2(C)CO)CC[C@@]4([C@@H]3C=CC5=C6CC(CC[C@@]6([C@@H](C[C@]54C)O)CO)(C)C)C)C)O)O[C@H]7[C@@H]([C@H]([C@@H]([C@H](O7)CO)O)O)O)O,2.21,2.2296658,是
126,127,biotree,147.0,C[C@H]1[C@@H]([C@H]([C@H]([C@@H](O1)O[C@@H]2[C@H](O[C@H]([C@@H]([C@H]2O)O)O[C@H]3CC[C@]4([C@H](C3(C)C)CC[C@@]5([C@@H]4C=C[C@@]67[C@]5(C[C@@H]([C@@]8([C@H]6CC(CC8)(C)C)CO7)O)C)C)C)CO[C@H]9[C@@H]([C@H]([C@@H]([C@H](O9)CO)O)O)O)O)O)O,2.45,2.4140453,是
127,128,biotree,144.6,C[C@H]1[C@@H]([C@H]([C@H]([C@@H](O1)O[C@@H]2[C@H](O[C@H]([C@@H]([C@H]2O)O)O[C@H]3CC[C@]4([C@H](C3(C)C)CC[C@@]5([C@@H]4CC=C6[C@]5(C[C@@H]([C@@]7([C@H]6CC(CC7)(C)C)CO)O)C)C)C)CO[C@H]8[C@@H]([C@H]([C@@H]([C@H](O8)CO)O)O)O)O)O)O,2.41,2.5347137,是
128,129,biotree,176.4,C1C[C@@H](NC1)C(=O)O,2.94,2.9656801,是
129,130,biotree,195.6,CC1(CCC2(CCC3(C(=CCC4C3(CCC5C4(CC(C(C5(C)C(=O)O)OC6C(C(C(C(O6)CO)O)O)O)O)C)C)C2C1)CO)C(=O)O)C,3.26,3.1584568,是
130,131,biotree,192.0,CCN1C[C@@]2([C@@H](C[C@@H]([C@@]34[C@@H]2[C@H]([C@@H](C31)[C@]5(C[C@@H]([C@]6(C[C@@H]4[C@@H]5[C@H]6OC(=O)C7=CC=CC=C7)O)OC)OC(=O)C)OC)OC)O)COC,3.2,2.296387,是
131,132,biotree,132.6,CC1=C(SC=N1)/C=C/C2=C(N3[C@@H]([C@@H](C3=O)NC(=O)/C(=N/OC)/C4=CSC(=N4)N)SC2)C(=O)O,2.21,2.466306,是
132,133,biotree,133.2,C[C@@H]1[C@@H]([C@@H]([C@H]([C@@H](O1)O[C@H]2CC[C@]3([C@H]([C@]2(C)CO)CC[C@@]4([C@@H]3[C@@H](C=C5[C@]4(C[C@H]([C@@]6([C@H]5CC(CC6)(C)C)CO)O)C)OC)C)C)O)O[C@H]7[C@@H]([C@H]([C@@H]([C@H](O7)CO)O)O)O)O,2.22,2.248433,是
133,134,biotree,139.8,C[C@@H]([C@H]1CC[C@@]2([C@@]1(CC[C@@]3([C@H]2CC=C4[C@H]3CC[C@@H](C4(C)C)O[C@H]5[C@@H]([C@H]([C@@H]([C@H](O5)CO[C@H]6[C@@H]([C@H]([C@@H]([C@H](O6)CO)O)O)O)O)O)O)C)C)C)[C@@H]([C@H]([C@H](C(C)(C)O)O)O)O,2.33,2.5538185,是
134,135,biotree,126.6,CC(CCC(C(C)(C)O)OC1C(C(C(C(O1)COC2C(C(C(C(O2)CO)O)O)O)O)O)O)C3CCC4(C3(CC(C5(C4CC=C6C5CCC(C6(C)C)O)C)O)C)C,2.11,2.3581543,是
135,136,biotree,142.2,C[C@]12CC[C@@H]([C@@]([C@@H]1CC[C@@]3([C@@H]2CC=C4[C@]3(CC[C@@]5([C@H]4CC(CC5)(C)C)C(=O)O)C)C)(C)CO)O[C@H]6[C@@H]([C@H]([C@H](CO6)O)O)O[C@H]7[C@@H]([C@H]([C@@H]([C@H](O7)CO)O)O)O,2.37,2.5450485,是
136,137,biotree,289.8,C1=CC(=CC(=C1)N)C(=O)N,4.83,3.173858,是
137,138,biotree,126.0,COC1=C(C=CC(=C1)/C=C/C(=O)OC[C@@H]2[C@H]([C@@H]([C@H]([C@@H](O2)O[C@@H]3[C@H]([C@@H]([C@H](O[C@H]3C4=C(C=C5C(=C4O)C(=O)C=C(O5)C6=CC=C(C=C6)O)OC)CO)O)O)O)O)O)O,2.1,2.4323528,是
138,139,biotree,129.0,C[C@@H]1CC[C@@]2([C@H]([C@]3([C@@H](O2)C[C@@H]4[C@@]3(CC[C@H]5[C@H]4CC=C6[C@@]5(CC[C@@H](C6)O[C@H]7[C@@H]([C@H]([C@@H]([C@H](O7)CO)O[C@H]8[C@@H]([C@@H]([C@H]([C@@H](O8)C)O)O)O)O)O[C@H]9[C@@H]([C@@H]([C@H]([C@@H](O9)C)O)O)O)C)C)O)C)OC1,2.15,2.372863,是
139,140,biotree,155.4,CC(=CCC[C@@](C)([C@H]1CC[C@@]2([C@@H]1[C@@H](C[C@H]3[C@]2(CC[C@@H]4[C@@]3(CC[C@@H](C4(C)C)O[C@H]5[C@@H]([C@H]([C@@H]([C@H](O5)CO)O)O)O)C)C)O)C)O[C@H]6[C@@H]([C@H]([C@@H]([C@H](O6)CO[C@H]7[C@@H]([C@H]([C@@H](CO7)O)O)O)O)O)O)C,2.5900000000000003,2.4877214,是
140,141,biotree,139.2,C[C@H]1[C@H]2[C@H]([C@@H]([C@@H]3[C@@]2(CC[C@H]4[C@H]3CC[C@H]5[C@@]4(CC[C@@H](C5)O[C@H]6[C@@H]([C@H]([C@H]([C@H](O6)CO)O)O)O[C@H]7[C@@H]([C@H]([C@@H]([C@H](O7)CO)O)O)O)C)C)O)OC1(CCC(C)C)O,2.32,2.2937136,是
141,142,biotree,175.8,C[C@H]1[C@@H]([C@H]([C@H]([C@@H](O1)O[C@@H]2[C@H](O[C@H]([C@@H]([C@H]2O)O)OC[C@@H]3[C@H]([C@@H]([C@H]([C@@H](O3)OC(=O)[C@@]45CC[C@@]6(C(=CC[C@H]7[C@]6(C[C@H]([C@@H]8[C@@]7(C[C@H]([C@@H]([C@@]8(C)CO)O)O)C)O)C)[C@@H]4CC(CC5)(C)C)C)O)O)O)CO)O)O)O,2.93,2.962307,是
142,143,biotree,159.0,C[C@@H]1[C@@H]([C@@H]([C@H]([C@@H](O1)O[C@H]2CC[C@]3([C@H]([C@]2(C)CO)CC[C@@]4([C@@H]3C=CC5=C6CC(CC[C@@]6([C@H](C[C@]54C)O)CO)(C)C)C)C)O[C@H]7[C@@H]([C@H]([C@@H]([C@H](O7)CO)O)O)O)O[C@H]8[C@@H]([C@H]([C@@H]([C@H](O8)CO)O)O)O)O,2.65,2.7052588,是
143,144,biotree,195.6,CC(=O)NC(CC1=CC=CC=C1)C(=O)O,3.26,1.678489,是
144,145,biotree,136.2,CC(=CCC[C@](C)([C@H]1CC[C@@]2([C@@H]1[C@@H](C[C@H]3[C@]2(CC[C@@H]4[C@@]3(C[C@H]([C@@H](C4(C)C)O[C@H]5[C@@H]([C@H]([C@@H]([C@H](O5)CO)O)O)O[C@H]6[C@@H]([C@H]([C@@H]([C@H](O6)CO)O)O)O)O)C)C)O)C)O)C,2.27,2.2999916,是
145,146,biotree,136.8,CC(C)CC(=O)O[C@@H]1[C@H]([C@@H]([C@H](O[C@H]1O[C@H]2C[C@]3([C@@H]4CC[C@@H]5C[C@@]4(CC[C@@H]3C(C2)(C(=O)O)C(=O)O)[C@H](C5=C)O)C)CO)OS(=O)(=O)O)OS(=O)(=O)O,2.28,2.8070214,是
146,147,biotree,136.2,CC(=CCC[C@@](C)([C@H]1CC[C@@]2([C@@H]1[C@@H](C[C@H]3[C@]2(CC[C@@H]4[C@@]3(C[C@H]([C@@H](C4(C)C)O[C@H]5[C@@H]([C@H]([C@@H]([C@H](O5)CO)O)O)O[C@H]6[C@@H]([C@H]([C@@H]([C@H](O6)CO)O)O)O)O)C)C)O)C)O)C,2.27,2.2999916,是
147,148,biotree,129.0,C[C@H]1CC[C@@]2(CC[C@@]3(C(=CC[C@H]4[C@]3(CC[C@@H]5[C@@]4(CC[C@@H](C5(C)C)O[C@H]6[C@@H]([C@H]([C@@H](CO6)O)O)O[C@H]7[C@@H]([C@H]([C@@H]([C@H](O7)CO)O)O)O)C)C)[C@@H]2[C@]1(C)O)C)C(=O)O,2.15,2.5718045,是
148,149,biotree,132.0,C[C@@H]1CC[C@@]2([C@H]([C@H]3[C@@H](O2)C[C@@H]4[C@@]3(CC[C@H]5[C@H]4CC=C6[C@@]5([C@@H](C[C@@H](C6)O)O[C@H]7[C@@H]([C@H]([C@H]([C@H](O7)C)O)O[C@H]8[C@@H]([C@H]([C@@H](CO8)O)O)O)O[C@H]9[C@@H]([C@@H]([C@H]([C@@H](O9)C)O)O)O)C)C)C)OC1,2.2,2.2846255,是
149,150,biotree,138.6,C1=CC(=CC=C1C(=O)NCC(=O)O)N,2.31,2.0292823,是
150,151,biotree,136.2,CC(=C[C@H]1C[C@]([C@@H]2[C@H]3CC[C@@H]4[C@]5(CC[C@@H](C([C@@H]5CC[C@]4([C@]36C[C@@]2(O1)OC6)C)(C)C)O[C@H]7[C@@H]([C@H]([C@@H]([C@H](O7)CO)O)O[C@H]8[C@@H]([C@H]([C@@H]([C@H](O8)CO)O)O)O)O[C@H]9[C@@H]([C@H]([C@@H](O9)CO)O)O)C)(C)O)C,2.27,2.3693917,是
151,152,biotree,158.4,C[C@H]1CC[C@H]2[C@@]([C@H]3CC[C@@H]4[C@H]([C@@H]3CN2C1)C[C@H]5[C@H]4CC(=O)[C@@H]6[C@@]5(CC[C@@H](C6)O[C@H]7[C@@H]([C@H]([C@@H]([C@H](O7)CO)O)O)O)C)(C)O,2.64,2.1197374,是
152,153,biotree,152.4,C1=CC(=CC=C1NC(=O)CCC(=O)O)S(=O)(=O)NC2=NC=CS2,2.54,2.3128738,是
153,154,biotree,126.6,CC(=CCCC(=C)[C@H]1CC[C@@]2([C@@H]1[C@@H](C[C@H]3[C@]2(CC[C@@H]4[C@@]3(C[C@H]([C@@H](C4(C)C)O[C@H]5[C@@H]([C@H]([C@@H]([C@H](O5)CO)O)O)O[C@H]6[C@@H]([C@H]([C@@H]([C@H](O6)CO)O)O)O)O)C)C)O)C)C,2.11,2.1722295,是
154,155,biotree,130.8,CC(=O)NC1=CC=C(C=C1)CC(=O)O,2.18,2.0999947,是
155,156,biotree,155.4,CC(C)CCCCCCCCCC/C=C/C(=O)N[C@@H]1[C@H]([C@H]([C@H](O[C@H]1O[C@@H]2[C@@H]([C@H]([C@@H]([C@H](O2)CO)O)O)NC(=O)C)C[C@H]([C@@H]3[C@H]([C@H]([C@@H](O3)N4C=CC(=O)NC4=O)O)O)O)O)O,2.5900000000000003,2.3845,是
156,157,biotree,132.0,COC(=O)C1=CO[C@H]([C@@H]([C@@H]1CCOC(=O)C2=C(C(=CC=C2)O[C@H]3[C@@H]([C@H]([C@@H]([C@H](O3)CO)O)O)O)O)C=C)O[C@H]4[C@@H]([C@H]([C@@H]([C@H](O4)CO)O)O)O,2.2,2.4087846,是
157,158,biotree,215.4,CC1C(C(C(C(O1)OC2=C(OC3=CC(=CC(=C3C2=O)O)OC4C(C(C(C(O4)C)O)O)OC5C(C(C(C(O5)CO)O)O)O)C6=CC=C(C=C6)O)O)O)O,3.5900000000000003,2.9395545,是
158,159,biotree,123.0,C1=CN=CC(=C1N)N,2.05,1.7252264,是
159,160,biotree,148.2,CC(=CCC[C@@](C)([C@H]1CC[C@@]2([C@@H]1[C@@H](C[C@H]3[C@]2(CC[C@@H]4[C@@]3(CC[C@@H](C4(C)C)O[C@H]5[C@@H]([C@H]([C@@H]([C@H](O5)CO)O)O)O)C)C)O)C)O[C@H]6[C@@H]([C@H]([C@@H]([C@H](O6)CO[C@H]7[C@@H]([C@H]([C@@H](O7)CO)O)O)O)O)O)C,2.47,2.4632285,是
160,161,biotree,234.0,C[C@@H]([C@H]1[C@@H](C[C@@]2([C@@]1(CC[C@]34[C@H]2CC[C@@H]5[C@]3(C4)CC[C@@H](C5(C)C)NC)C)C)O)NC,3.9,3.1285872,是
161,162,biotree,171.0,C1C[C@H]2CC(C[C@@H]1N2)O,2.85,2.0506375,是
162,163,biotree,127.2,C[C@@]12CC[C@@H]3[C@@]([C@H]1CC=C4[C@]2(CC[C@@]5([C@H]4CC(CC5)(C)C)C(=O)O)C)(C[C@@H]([C@@H]([C@@]3(C)C(=O)O)O)O)C,2.12,2.448403,是
163,164,biotree,178.2,COC1=C(C=CC(=C1)C[C@H](CO[C@H]2[C@@H]([C@H]([C@@H]([C@H](O2)CO)O)O)O)[C@H](CC3=CC(=C(C=C3)O)OC)CO[C@H]4[C@@H]([C@H]([C@@H]([C@H](O4)CO)O)O)O)O,2.97,2.7507648,是
164,165,biotree,144.0,C[C@H](CC[C@H](C(C)(C)O)O)[C@H]1CC[C@@]2([C@@]1(C[C@H]([C@@]3([C@@H]2CC=C4[C@H]3CC[C@@H](C4(C)C)O[C@H]5[C@@H]([C@H]([C@@H]([C@H](O5)CO[C@H]6[C@@H]([C@H]([C@@H]([C@H](O6)CO)O)O)O)O)O)O)C)O)C)C,2.4,2.3614955,是
165,166,biotree,157.2,CS(=O)CCCCC(=NOS(=O)(=O)O)S[C@H]1[C@@H]([C@H]([C@@H]([C@H](O1)CO)O)O)O,2.62,2.2490664,是
166,167,biotree,142.2,C[C@H]1[C@@H]([C@H]([C@H]([C@@H](O1)OC2=C(OC3=C(C2=O)C(=CC(=C3CC=C(C)C)O[C@H]4[C@@H]([C@H]([C@@H]([C@H](O4)CO)O)O)O)O)C5=CC=C(C=C5)OC)O)O[C@H]6[C@@H]([C@H]([C@@H]([C@H](O6)CO)O)O)O)O,2.37,2.6242352,是
167,168,biotree,131.4,C[C@H](CC[C@H](C(C)(C)O)O[C@H]1[C@@H]([C@H]([C@@H]([C@H](O1)CO)O)O)O[C@H]2[C@@H]([C@H]([C@@H]([C@H](O2)CO)O)O)O)[C@H]3CC[C@@]4([C@@]3(C[C@H]([C@@]5([C@H]4CC=C6[C@H]5CC[C@@H](C6(C)C)O)C)O)C)C,2.19,2.3334446,是
168,169,biotree,206.4,CC(CC(=O)O)(CC(=O)O)O,3.44,3.3803086,是
169,170,biotree,169.2,C1=CC(=CC=C1C2=CC(=O)C3=C(C(=C(C=C3O2)O[C@H]4[C@@H]([C@H]([C@@H]([C@H](O4)CO)O)O)O)[C@H]5[C@@H]([C@H]([C@@H]([C@H](O5)CO)O)O)O)O)O,2.82,2.8327186,是
170,171,biotree,175.8,CC(C)[C@@H](C(=O)O)N,2.93,2.6509657,是
171,172,biotree,262.2,C1=C(NC=N1)C[C@@H](C(=O)O)N,4.37,3.4817483,是
172,173,biotree,182.4,CN1C=C(N=C1)CCN,3.04,2.771296,是
174,175,biotree,127.2,CC(C)(C)NCC(COC1=CC=CC2=C1CC(C(C2)O)O)O,2.12,1.8908706,是
175,176,biotree,135.6,C[C@]12CC[C@@]34C[C@@]35CC[C@@H](C([C@@H]5[C@H](C[C@H]4[C@@]1(C[C@@H]([C@@H]2[C@]6(CC[C@H](O6)C(C)(C)O[C@H]7[C@@H]([C@H]([C@@H]([C@H](O7)CO)O)O)O)C)O)C)O)(C)C)O[C@H]8[C@@H]([C@H]([C@@H](CO8)O)O)O,2.26,2.4101892,是
176,177,biotree,129.0,CC1C(C(C(C(O1)OC2C(C(COC2O[C@H]3CC[C@@]4(C5CCC6C(CC[C@]6([C@@]5(CCC4C3(C)C)C)C)[C@]7(CC(OC7O)C=C(C)C)O)C=O)O)OC8C(C(C(CO8)O)O)O)O)O)O,2.15,2.285048,是
177,178,biotree,136.8,C1CCC(CC1)(CC(=O)O)CN,2.28,2.8158739,是
178,179,biotree,154.8,C(=NN)(N)N,2.58,2.1084766,是
179,180,biotree,201.0,CC1=C2C(CC1C3=COC=C3)OC4C2(C(C5(C6C4OC(=O)C6(C=CC5=O)C)C)CC(=O)OC)C,3.35,3.2923198,是
180,181,biotree,145.2,C[C@H]1[C@@H]([C@H]([C@H]([C@@H](O1)OC2=C(OC3=C(C2=O)C(=CC(=C3CC=C(C)C)O[C@H]4[C@@H]([C@H]([C@@H]([C@H](O4)CO)O)O)O)O)C5=CC=C(C=C5)OC)O[C@H]6[C@@H]([C@H]([C@@H]([C@H](O6)CO)O)O)O)O)O,2.42,2.6221595,是
181,182,biotree,205.8,C1=CO[C@H]([C@H]2[C@@]1([C@@H](C=C2CO)O)O[C@H]3[C@@H]([C@H]([C@@H]([C@H](O3)CO)O)O)O)O[C@H]4[C@@H]([C@H]([C@@H]([C@H](O4)CO)O)O)O,3.43,3.6951325,是
182,183,biotree,124.8,CC(=CCC[C@](C)([C@H]1CC[C@@]2([C@@H]1[C@@H](C[C@H]3[C@]2(CC[C@@H]4[C@@]3(CC[C@@H](C4(C)C)O[C@H]5[C@@H]([C@H]([C@@H]([C@H](O5)CO)O)O)O[C@H]6[C@@H]([C@H]([C@@H]([C@H](O6)CO)O)O)O)C)C)O)C)O)C,2.08,2.1545215,是
183,184,biotree,165.0,C[C@@]12CC[C@@H]3[C@@]([C@H]1CC=C4[C@]2(C[C@H]([C@@]5([C@H]4CC(CC5)(C)C)C(=O)O)O)C)(C[C@@H]([C@@H](C3(CO)CO)O[C@H]6[C@@H]([C@H]([C@@H]([C@H](O6)CO)O)O)O)O)C,2.75,2.7929416,是
184,185,biotree,145.2,CNCCC1=CC=CC=N1,2.42,2.2934966,是
185,186,biotree,120.0,C[C@H](CC[C@H](C(C)(C)O)O[C@H]1[C@@H]([C@H]([C@@H]([C@H](O1)CO)O)O)O[C@@H]2[C@H]([C@@H]([C@H]([C@@H](O2)CO)O)O)O)C3CC[C@@]4([C@@]3(CC(=O)[C@@]5(C4CC=C6C5CC[C@@H](C6(C)C)O)C)C)C,2.0,2.1868055,是
187,188,biotree,133.2,C[C@@H]1CC[C@@]2(CC[C@@]3(C(=CC[C@H]4[C@]3(CC[C@@H]5[C@@]4(CC[C@@H]([C@]5(C)C(=O)O)O)C)C)[C@@H]2[C@]1(C)O)C)C(=O)O[C@H]6[C@@H]([C@H]([C@@H]([C@H](O6)CO)O)O)O,2.22,2.4561923,是
188,189,biotree,211.8,C(CC(=O)O)C(=O)O,3.53,3.3820617,是
189,190,biotree,126.6,C[C@H]1CC[C@@]2([C@H]([C@H]3[C@@H](O2)C[C@@H]4[C@@]3(CC[C@H]5[C@H]4CC=C6[C@@]5(CC[C@@H](C6)O[C@H]7[C@@H]([C@H]([C@@H]([C@H](O7)CO)O)O[C@H]8[C@@H]([C@H]([C@@H](CO8)O)O)O)O[C@H]9[C@@H]([C@@H]([C@H]([C@@H](O9)C)O)O)O)C)C)C)OC1,2.11,2.256475,是
190,191,biotree,130.8,C[C@H](CCC(=O)NCC(=O)O)[C@H]1CC[C@@H]2[C@@]1(CC[C@H]3[C@H]2C[C@@H]([C@H]4[C@@]3(CC[C@H](C4)O)C)O)C,2.18,1.9837407,是
191,192,biotree,142.2,CN(C)C(=N)N=C(N)N,2.37,2.153322,是
192,193,biotree,121.2,C1CN(CCN1CCOCCO)C2=NC3=CC=CC=C3SC4=CC=CC=C42,2.02,2.1987076,是
193,194,biotree,146.4,C1=CC=C(C=C1)[C@@H](C#N)O[C@H]2[C@@H]([C@H]([C@@H]([C@H](O2)CO[C@H]3[C@@H]([C@H]([C@@H]([C@H](O3)CO)O)O)O)O)O)O,2.44,2.4423573,是
194,195,biotree,126.6,C1C2CC3CC1CC(C2)(C3)N,2.11,1.8262529,是
195,196,biotree,126.0,CN1CCN(CC1)CC(=O)N2C3=CC=CC=C3C(=O)NC4=C2N=CC=C4,2.1,2.0054607,是
196,197,biotree,123.6,CSCC[C@@H](C(=O)N[C@@H](CC(=O)O)C(=O)N[C@@H](CC1=CC=CC=C1)C(=O)N)NC(=O)[C@H](CC2=CNC3=CC=CC=C32)N,2.06,2.20413,是
197,198,biotree,221.4,C1=NC2=C(N=C(N=C2N1[C@H]3[C@H]([C@@H]([C@H](O3)COP(=O)(O)O)O)O)F)N,3.69,3.9005432,是
198,199,biotree,129.0,CCCCS(=O)(=O)N[C@@H](CC1=CC=C(C=C1)OCCCCC2CCNCC2)C(=O)O,2.15,2.0610228,是
199,200,biotree,180.6,CC1=NN(C=N1)C2=NC=C(C3=C2N(C=C3C(=O)C(=O)N4CCN(CC4)C(=O)C5=CC=CC=C5)COP(=O)(O)O)OC,3.01,2.8755429,是
201,202,biotree,147.0,CC1=C(C=C(C=C1)NC(=O)C2=CC=C(C=C2)CN3CCNCC3)NC4=NC=CC(=N4)C5=CN=CC=C5,2.45,2.176479,是
202,203,biotree,285.0,C1COCCN1C2=CC(=O)C3=C(O2)C(=CC=C3)C4=CC=CC=C4,4.75,3.5482845,是
203,204,biotree,133.2,C([C@@H]1[C@H]([C@@H]([C@H]([C@H](O1)O[C@@H]2[C@@H]([C@H]([C@@H]([C@H](O2)CO)O)O)O)O)O)O)O,2.22,3.5496657,是
204,205,biotree,125.4,CC1([C@@H](N2[C@H](S1)[C@@H](C2=O)NC(=O)[C@@H](C3=CC=C(C=C3)O)N)C(=O)O)C,2.0900000000000003,2.6455054,是
205,206,biotree,162.6,COC(=O)C1=CO[C@H]([C@H]2[C@@H]1CC=C2CO)O[C@H]3[C@@H]([C@H]([C@@H]([C@H](O3)CO[C@H]4[C@@H]([C@H]([C@@H]([C@H](O4)CO)O)O)O)O)O)O,2.71,2.6533616,是
206,207,biotree,124.8,C[C@H]1[C@@H]([C@H]([C@H]([C@@H](O1)O[C@@H]2[C@H]([C@@H]([C@H](O[C@H]2OC3=CC(=C4C(=C3)OC(=CC4=O)C5=CC=C(C=C5)O)O)CO)O)O)O)O)O,2.08,2.3937216,是
207,208,biotree,121.8,CC1C(C(C(C(O1)OCC2C(C(C(C(O2)OC3=CC(=C4C(=C3)OC(=CC4=O)C5=CC=C(C=C5)O)O)O)O)O)O)O)O,2.03,2.4306593,是
208,209,biotree,198.6,C1CC(CNC1)C(=O)O,3.31,3.0100203,是
209,210,biotree,136.2,CC1=CC(=O)C2=C(C3=C(C=C(C=C3C=C2O1)OC)O[C@H]4[C@@H]([C@H]([C@@H]([C@H](O4)CO[C@H]5[C@@H]([C@H]([C@@H]([C@H](O5)CO)O)O)O)O)O)O)O,2.27,2.5090551,是
210,211,biotree,242.4,C1[C@@H]([C@H]([C@@H]([C@H]([C@H]1N[C@H]2C=C([C@H]([C@@H]([C@H]2O)O)O)CO)O)O)O[C@H]3[C@@H]([C@H]([C@@H]([C@H](O3)CO)O)O)O)CO,4.04,4.3397226,是
211,212,biotree,120.0,C[C@H]1[C@@H]([C@H]([C@H]([C@@H](O1)O[C@@H]2[C@H]([C@@H]([C@H](O[C@H]2OC3=CC(=C(C(=C3)O)C(=O)CCC4=CC=C(C=C4)O)O)CO)O)O)O)O)O,2.0,2.5700371,是
212,213,biotree,124.8,CN1CCN2C(C1)C3=CC=CC=C3CC4=C2N=CC=C4,2.08,2.1787407,是
213,214,biotree,184.2,C[C@H]1C[C@]2([C@H]([C@H]1OC(=O)C3=CC=CC=C3)[C@H](C(=C)[C@@H](C[C@H]4[C@H](C4(C)C)/C=C(\C2=O)/C)OC(=O)C5=CC=CC=C5)OC(=O)C)OC(=O)C,3.07,3.2790442,是
214,215,biotree,139.8,CCN1C=C(C(=O)C2=CN=C(N=C21)N3CCNCC3)C(=O)O,2.33,2.531861,是
215,216,biotree,168.0,C(CC(C(F)F)(C(=O)O)N)CN,2.8,3.7167053,是
216,217,biotree,231.0,C1[C@@H]([C@H](O[C@H]1N2C=NC3=C(N=CN=C32)N)COP(=O)(O)O)O,3.85,3.8057652,是
217,218,biotree,150.6,CC(=O)CC(=O)CCC(=O)O,2.51,1.9957607,是
218,219,biotree,175.8,CC(C)(C)C1=CC(=CC(=C1O)C(C)(C)C)C=C(C#N)C#N,2.93,3.2057152,是
219,220,biotree,156.6,CC(C)C[C@@H](C(=O)O)N,2.61,2.4546661,是
220,221,biotree,158.4,CC(C)(CO)[C@H](C(=O)NCCC(=O)O)O,2.64,2.588104,是
221,222,biotree,183.0,C=CC(CCC(=O)O)N,3.05,3.046145,是
222,223,biotree,159.0,CN1C=NC2=C(C1=N)N=CN2[C@H]3[C@@H]([C@@H]([C@H](O3)CO)O)O,2.65,1.7433323,是
223,224,biotree,166.8,C1[C@@H]2[C@H]([C@H]([C@@H](O2)N3C=NC4=C(N=CN=C43)N)O)OP(=O)(O1)O,2.78,2.5727015,是
224,225,biotree,187.8,C(CCCCC(=O)O)CCCC(=O)O,3.1300000000000003,2.9919035,是
225,226,biotree,184.2,CC(C)(C(=O)O)N,3.07,2.9476001,是
226,227,biotree,126.0,C1=CN=CC=C1C(=O)O,2.1,2.337164,是
227,228,biotree,122.4,CC(=O)C1=C(C=C(C=C1)OC)O[C@H]2[C@@H]([C@H]([C@@H]([C@H](O2)CO[C@H]3[C@@H]([C@H]([C@H](CO3)O)O)O)O)O)O,2.04,2.1365643,是
228,229,biotree,180.0,C[C@H]1CC[C@H]2[C@@]([C@@H]3CC[C@@H]4[C@H]([C@@H]3CN2C1)C[C@H]5[C@H]4CC(=O)[C@@H]6[C@@]5(CC[C@@H](C6)O)C)(C)O,3.0,2.0447154,是
229,230,biotree,213.6,CN(CC1=CN=C2C(=N1)C(=NC(=N2)N)N)C3=CC=C(C=C3)C(=O)N[C@@H](CCC(=O)O)C(=O)O,3.56,3.415144,是
230,231,biotree,141.0,CCN1CC2(C(CC(C34C2C(C(C31)C5(C6C4CC(C6O)(C(C5O)OC)O)O)OC)OC)O)COC,2.35,2.251595,是
231,232,biotree,258.0,C1[C@@H]([C@@H]([C@H]([C@@H](O1)C2=C(C(=C3C(=C2O)C(=O)C=C(O3)C4=CC=C(C=C4)O)[C@H]5[C@@H]([C@H]([C@@H]([C@H](O5)CO)O)O)O)O)O)O)O,4.3,2.9005775,是
232,233,biotree,259.2,C1CN(CC2=C1SC=C2)CC3=CC=CC=C3Cl,4.319999999999999,2.6930428,是
233,234,biotree,147.0,C[C@@]12CC[C@H]([C@@]([C@H]1CCC(=C)[C@H]2/C=C/C3=CCOC3=O)(C)COC(=O)CCC(=O)O)OC(=O)CCC(=O)O,2.45,2.336523,是
234,235,biotree,153.0,C1=C(NN=C1)CCN,2.55,2.7740064,是
235,236,biotree,288.6,CC(C1=CC2=C(C=C1)SC3=CC=CC=C3C(=O)C2)C(=O)O,4.8100000000000005,2.3573742,是
236,237,biotree,238.8,CCC(=O)C1=C(C=C(C=C1O)O)O,3.98,3.3650086,是
237,238,biotree,259.8,CC(CN1C=NC2=C1C(=O)N(C(=O)N2C)C)O,4.33,3.326518,是
238,239,biotree,230.4,C1CN[C@@H]1C(=O)O,3.84,2.8842802,是
239,240,biotree,148.8,CC(C(=O)NC1=CC=C(C=C1)Cl)ONC(=O)C2=CC(=CC(=C2)C(F)(F)F)C(F)(F)F,2.48,2.8761237,是
240,241,biotree,152.4,C1=CC=C(C=C1)CC(CC(=O)O)C(=O)O,2.54,2.6233764,是
241,242,biotree,123.0,C1=CC2=C(C(=C1)O)NC(=CC2=O)C(=O)O,2.05,1.8808396,是
242,243,biotree,139.2,C[C@H](CCC(=O)O)[C@H]1CC[C@@H]2[C@@]1([C@H](C[C@H]3[C@H]2[C@H](C[C@H]4[C@@]3(CC[C@H](C4)O)C)O)O)C,2.32,2.1917279,是
243,244,biotree,135.6,C[C@H]1[C@@H]([C@H]([C@H]([C@@H](O1)O[C@@H]2[C@H]([C@@H]([C@H](O[C@H]2OC3=C(OC4=CC(=CC(=C4C3=O)O)O)C5=CC(=C(C=C5)O)OC)CO)O)O)O)O)O,2.26,2.5887578,是
244,245,biotree,198.6,CN1CCC=C(C1)C(=O)O,3.31,2.9893427,是
245,246,biotree,165.0,CCCC1=C2C(=CC3=C1OC(=CC3=O)C(=O)O)C(=O)C=C(N2CC)C(=O)O,2.75,2.2334719,是
246,247,biotree,120.6,COC1=C(C=C(C2=C1OC(=CC2=O)C3=CC=CC=C3)O)O[C@H]4[C@@H]([C@H]([C@@H]([C@H](O4)C(=O)O)O)O)O,2.01,2.2098563,是
247,248,biotree,172.8,CN1C2CCC1CC(C2)O,2.8800000000000003,2.0529847,是
248,249,biotree,142.2,COC1=CC(=C2C(=C1)OC(=C(C2=O)O[C@H]3[C@@H]([C@H]([C@@H]([C@H](O3)CO)O)O)O)C4=CC=C(C=C4)O[C@H]5[C@@H]([C@H]([C@@H]([C@H](O5)CO)O)O)O)O,2.37,2.6162043,是
249,250,biotree,183.6,C1=CC=C2C(=C1)C(=NN2CC3=C(C=C(C=C3)Cl)Cl)C(=O)O,3.06,2.719501,是
250,251,biotree,130.2,CC1=C(N2[C@@H]([C@@H](C2=O)NC(=O)[C@@H](C3=CC=CC=C3)N)SC1)C(=O)O,2.17,2.3503504,是
251,252,biotree,138.0,C1=CC=C(C=C1)CCC2=CC=C(C=C2)COC3=CC=CC=C3CCN(CCCCC(=O)O)CC4=CC=C(C=C4)C(=O)O,2.3,2.1416354,是
252,253,biotree,167.4,C1=CC=C2C(=C1)C(=CC(=O)C2=O)O,2.79,3.24711,是
253,254,biotree,273.6,C1CC1C#C[C@]2(C3=C(C=CC(=C3)Cl)NC(=O)O2)C(F)(F)F,4.5600000000000005,3.096959,是
254,255,biotree,270.0,C1=CC=C2C(=C1)C(=CN2)CCO,4.5,2.8904257,是
256,257,biotree,136.8,C1=CN(C(=O)N=C1N)[C@H]2[C@@H]([C@@H]([C@H](O2)CO)O)O,2.28,1.780714,是
257,258,biotree,127.2,CNC[C@@H](C1=CC(=CC=C1)O)O,2.12,2.2585158,是
258,259,biotree,141.6,C[C@H](CC(=O)O)[C@H]1CC[C@@H]2[C@@]1([C@H](C[C@H]3[C@H]2[C@@H](C[C@H]4[C@@]3(CC[C@H](C4)O)C)O)O)C,2.36,2.2294059,是
259,260,biotree,126.0,C[C@H](CCC(=O)NCC(=O)O)[C@H]1CC[C@@H]2[C@@]1([C@H](C[C@H]3[C@H]2CC[C@H]4[C@@]3(CC[C@H](C4)O)C)O)C,2.1,1.9823134,是
260,261,biotree,225.6,C1=CC2=C(C=C1C(=O)O)C3(C4=C(C=C(C=C4)O)OC5=C3C=CC(=C5)O)OC2=O,3.76,2.908524,是
261,262,biotree,120.6,C1[C@H](OC2=C(C1=O)C=CC(=C2)O)C3=CC=C(C=C3)O[C@H]4[C@@H]([C@H]([C@@H]([C@H](O4)CO)O)O)O[C@H]5[C@@H]([C@](CO5)(CO)O)O,2.01,2.1851609,是
262,263,biotree,154.8,C1CC(N(C1)C(=O)C(CC2=CN=CN2)NC(=O)C3CCC(=O)N3)C(=O)N,2.58,2.156634,是
263,264,biotree,138.6,CC1C(=O)CCC1=O,2.31,2.3208883,是
265,266,biotree,141.0,CC1C(C(C(C(O1)OCC2C(C(C(C(O2)OC3=C(OC4=CC(=CC(=C4C3=O)O)O)C5=CC=C(C=C5)O)O)O)O)O)O)O,2.35,2.5935135,是
266,267,biotree,195.6,CN1C=C(C(=O)C(=C1)C2=CC(=CC=C2)C(F)(F)F)C3=CC=CC=C3,3.26,3.3246593,是
267,268,biotree,233.4,C1=CC=C2C(=C1)C=CC(=N2)N,3.89,3.1493716,是
268,269,biotree,136.2,C1=CN(C(=O)N=C1N)[C@H]2[C@H]([C@@H]([C@H](O2)CO)O)O,2.27,1.780714,是
269,270,biotree,125.4,C(CCCCCCCC(=O)O)CCCCCCC(=O)O,2.0900000000000003,2.2908492,是
270,271,biotree,171.6,C(CCCCCC(=O)O)CCCCC(=O)O,2.86,2.7940066,是
271,272,biotree,200.4,C1[C@H]2[C@@H]([C@@H](S1)CCCCC(=O)NCCCC[C@@H](C(=O)O)N)NC(=O)N2,3.3400000000000003,3.1187806,是
272,273,biotree,132.0,CNCC(C1=CC=C(C=C1)O)O,2.2,2.3745499,是
273,274,biotree,165.0,CC(=O)NCCCC(=O)O,2.75,2.6704931,是
274,275,biotree,121.8,CC1([C@@H](N2[C@H](S1)[C@@H](C2=O)N=CN3CCCCCC3)C(=O)O)C,2.03,2.239899,是
275,276,biotree,147.0,CC1=CC(=O)OC2=C1C=CC(=C2)O[C@H]3[C@@H]([C@H]([C@@H]([C@H](O3)C(=O)O)O)O)O,2.45,2.321541,是
276,277,biotree,172.8,COC(=O)C1=CO[C@H]([C@@H]([C@@H]1CC(=O)O)C=C)O[C@H]2[C@@H]([C@H]([C@@H]([C@H](O2)CO)O)O)O,2.8800000000000003,2.4663217,是
277,278,biotree,125.4,COC1=C(C=C2C(=C1O)C(=O)C(=CO2)C3=CC=C(C=C3)O)O[C@H]4[C@@H]([C@H]([C@@H]([C@H](O4)CO[C@H]5[C@@H]([C@H]([C@@H](CO5)O)O)O)O)O)O,2.0900000000000003,2.468986,是
278,279,biotree,154.8,C=C[C@H]1[C@@H](OC=C2C1=CCOC2=O)O[C@H]3[C@@H]([C@H]([C@@H]([C@H](O3)CO[C@H]4[C@@H]([C@H]([C@@H]([C@H](O4)CO)O)O)O)O)O)O,2.58,2.479222,是
279,280,biotree,120.0,C1C(OC2=C(C1=O)C=CC(=C2)OC3C(C(CO3)(CO)O)O)C4=CC=C(C=C4)OC5C(C(C(C(O5)CO)O)O)O,2.0,2.1784992,是
280,281,biotree,270.0,COC1=C(C=C(C=C1)[C@@H]2[C@H]3CO[C@@H]([C@H]3CO2)C4=CC(=C(C(=C4)OC)OC)OC)OC,4.5,3.2773948,是
281,282,biotree,129.6,C1CCC(C1)OC2=CC(=C(C=C2)C(=O)C3=CC(=C(C=C3)OCC4=CC5=C(C=C4)C(=O)NO5)CCC(=O)O)O,2.16,2.6090426,是
282,283,biotree,121.2,C[C@@]12CC[C@@H]3[C@@]([C@H]1CCC4=C2CC[C@@]5([C@H]4CC(CC5)(C)C)C(=O)O)(C[C@@H]([C@@H]([C@@]3(C)C(=O)O)O)O)C,2.02,2.500694,是
283,284,biotree,204.6,CC(CC(=O)O)C(=O)O,3.41,3.274826,是
284,285,biotree,133.2,C[C@H](CCC(=O)O)[C@H]1CC[C@@H]2[C@@]1([C@H](C[C@H]3[C@H]2[C@@H](C[C@H]4[C@@]3(CC[C@H](C4)O)C)O)O)C,2.22,2.1917279,是
285,286,biotree,174.6,C1CCN[C@@H](C1)C(=O)O,2.91,2.902597,是
286,287,biotree,175.8,C1[C@@H]([C@H]([C@@H]([C@H](N1)CO)O)O)O,2.93,2.8012435,是
287,288,biotree,168.6,CC(C)(C(=O)O)NC,2.81,3.146621,是
288,289,biotree,261.0,CC1CC2(C(C1OC(=O)C=CC3=CC=CC=C3)C=C(CCC4C(C4(C)C)C=C(C2=O)C)COC(=O)C)OC(=O)C,4.35,3.2950954,是
289,290,biotree,220.8,C1=CC2=C(C=C1C(=O)O)C(=O)OC23C4=C(C=C(C=C4)O)OC5=C3C=CC(=C5)O,3.68,2.9087372,是
290,291,biotree,183.0,C1CN=C(N1)NC2=CC=C(C=C2)C(=O)OC3=CC4=C(C=C3)C=C(C=C4)C(=N)N,3.05,1.916959,是
291,292,biotree,142.8,CC[C@@H](CO)NCCN[C@@H](CC)CO,2.3800000000000003,2.5244398,是
292,293,biotree,178.8,C1=CC(=CC=C1C[C@@H](C(=O)N[C@@H](CCCN=C(N)N)C(=O)O)N)O,2.98,3.555027,是
293,294,biotree,180.0,C(CCCCC(=O)O)CCCCC(=O)O,3.0,2.8984475,是
294,295,biotree,212.4,CC(=O)N[C@@H](CC(=O)O)C(=O)O,3.54,3.4565468,是
295,296,biotree,199.8,C1=CC(=CC=C1C(=O)O)C(=O)O,3.33,3.1482534,是
296,297,biotree,160.2,C(CCCCCC(=O)O)CCCCCC(=O)O,2.67,2.6759787,是
297,298,biotree,199.2,C[Se]CCC(C(=O)O)N,3.32,3.1490788,是
298,299,biotree,178.8,C1=NC2=C(N1[C@H]3[C@@H]([C@@H]([C@H](O3)CO)O)O)NC(=O)NC2=O,2.98,1.7417295,是
299,300,biotree,138.0,C1=C(C(=O)NC(=O)N1)[C@H]2[C@@H]([C@@H]([C@H](O2)CO)O)O,2.3,1.59389,是
300,301,biotree,274.2,C[C@@H]([C@@H](C(=O)O)N)O,4.569999999999999,3.173815,是
301,302,biotree,291.0,C[C@@]1([C@H]2[C@@H]([C@H]3[C@@H](C(=O)C(=C([C@]3(C(=O)C2=C(C4=C1C=CC=C4O)O)O)O)C(=O)N)N(C)C)O)O,4.85,2.981031,是
302,303,biotree,195.6,CC1=CC(=O)OC2=C1C=CC(=C2)OP(=O)(O)O,3.26,3.210707,是
303,304,biotree,159.6,C1=CN=CC(=C1N)O,2.66,1.7987058,是
304,305,biotree,206.4,CC(CC(=O)O)CC(=O)O,3.44,3.1809883,是
305,306,biotree,157.2,C1=CC2=C(C(=C1)O[C@H]3[C@@H]([C@H]([C@@H]([C@H](O3)CO)O)O)O)C(=O)C4=C(C2=O)C=C(C=C4O)C(=O)O,2.62,2.7060883,是
306,307,biotree,122.4,COC(=O)[C@H](CC1=CC=CC=C1)NC(=O)[C@H](CC(=O)O)N,2.04,2.0570776,是
307,308,biotree,273.0,C1=NC(=C2C(=N1)N(C=N2)[C@H]3[C@@H]([C@@H]([C@H](O3)CSCC[C@@H](C(=O)O)N)O)O)N,4.55,3.5402741,是
308,309,biotree,202.2,CC(=O)N[C@@H](CCCN=C(N)N)C(=O)O,3.37,3.3945618,是
309,310,biotree,208.8,C1=CC=C(C=C1)C[C@@H](C(=O)O)NC(=O)CC[C@@H](C(=O)O)N,3.48,3.3180227,是
310,311,biotree,120.0,C=C[C@@H](CC(=NOS(=O)(=O)O)S[C@H]1[C@@H]([C@H]([C@@H]([C@H](O1)CO)O)O)O)O,2.0,2.247033,是
311,312,biotree,153.6,CCCCC1=NC=C(N1CC2=CC=C(C=C2)C(=O)O)/C=C(\CC3=CC=CS3)/C(=O)O,2.56,2.3404,是
312,313,biotree,124.2,C1[C@@H]([C@@H]([C@H]([C@@H](O1)OC[C@@H]2[C@H]([C@@H]([C@H]([C@@H](O2)OC/C=C/C3=CC=CC=C3)O)O)O)O)O)O,2.07,2.0694437,是
313,314,biotree,121.8,CC(=O)OC1(CC(C2(C1C(OC=C2)OC3C(C(C(C(O3)CO)O)O)O)O)O)C,2.03,2.195602,是
314,315,biotree,161.4,C1CC2CC1CC2(C(=O)O)N,2.69,2.4555292,是
315,316,biotree,126.6,CCN(CC)CC1=CC2=C(C=C1)C=C(C=C2)COC(=O)NC3=CC=C(C=C3)C(=O)NO,2.11,1.9818516,是
316,317,biotree,123.0,CC(C)[C@@H](C(=O)O)NC(=O)C,2.05,1.785418,是
317,318,biotree,172.8,CSC(=O)OCC1=C[C@@H]([C@H]2[C@@H]1[C@@H](OC=C2C(=O)O)O[C@H]3[C@@H]([C@H]([C@@H]([C@H](O3)CO)O)O)O)O,2.8800000000000003,3.0877104,是
318,319,biotree,151.8,C1CN2C[C@@H]([C@H]([C@@H]([C@H]2[C@H]1O)O)O)O,2.53,2.6263783,是
319,320,biotree,136.2,CCNCCCC(C)NC1=C2C=CC(=CC2=NC=C1)Cl,2.27,2.0646467,是
320,321,biotree,123.0,COC1=CC(=C(C=C1C(=O)NC2CN3CCC2CC3)Cl)N,2.05,1.941655,是
321,322,biotree,132.0,C1=CC=C(C=C1)CC(=O)N[C@@H](CCC(=O)N)C(=O)O,2.2,1.9762883,是
322,323,biotree,130.2,CC1=CN(C(=O)N=C1N)[C@H]2[C@@H]([C@@H]([C@H](O2)CO)O)O,2.17,1.7650785,是
323,324,biotree,188.4,CC1=NCC[C@H](N1)C(=O)O,3.14,2.805317,是
324,325,biotree,165.0,CC(=O)NCCC(=O)O,2.75,2.6032083,是
325,326,biotree,177.6,C1=CC(=CC=C1CC(=O)O)OC(=O)C2=CC=C(C=C2)N=C(N)N,2.96,2.226355,是
326,327,biotree,122.4,C1CC2=C(C=CC(=C2)Cl)C(=C3CCNCC3)C4=C1C=CC=N4,2.04,1.883404,是
327,328,biotree,196.8,C1CN(CCN1CCS(=O)(=O)O)CCS(=O)(=O)O,3.28,2.5032964,是
328,329,biotree,121.8,C1CNCCC1NC(=O)C2=C(C=NN2)NC(=O)C3=C(C=CC=C3Cl)Cl,2.03,2.1481798,是
330,331,biotree,126.6,CN1C2=C(C(=O)N(C1=O)C)N(C=N2)CC(=O)O,2.11,2.007634,是
331,332,biotree,155.4,C1=CN(C=N1)CC(=O)O,2.5900000000000003,2.4600606,是
332,333,biotree,172.8,C1=CC(=O)NC=C1C(=O)O,2.8800000000000003,1.7451422,是
333,334,biotree,176.4,CC(=O)NCCCCN,2.94,2.8307512,是
334,335,biotree,163.8,CC(C)C[C@@H](C(=O)O)NC(=O)CN,2.73,2.691602,是
335,336,biotree,157.8,CC[C@@H](C)[C@@H](C(=O)O)N,2.6300000000000003,2.4628897,是
336,337,biotree,143.4,CC(=O)N[C@@H](C=O)[C@H]([C@H]([C@@H](CO)O)O)O,2.39,2.2811718,是
337,338,biotree,212.4,CC(=O)N[C@@H](CCC(=O)O)C(=O)O,3.54,3.4739888,是
338,339,biotree,170.4,C1CN[C@@H]([C@H]([C@@H]1O)O)CO,2.8400000000000003,2.5446138,是
339,340,biotree,120.6,C/C(=C\C=C\[C@@]1([C@@H]2CC[C@@]3([C@@]2(CCC(=CC3)C(=O)O)OC(=O)C)C(=O)O1)C)/C(=O)O,2.01,2.5542421,是
341,342,biotree,159.0,C1=CC(=CN=C1)C(=O)NCC(=O)O,2.65,2.4763334,是
342,343,biotree,176.4,C1CCN[C@H](C1)C(=O)O,2.94,2.902597,是
344,345,biotree,142.8,C1[C@@H]([C@H](O[C@H]1N2C=C(C(=NC2=O)N)CO)CO)O,2.3800000000000003,1.7433088,是
345,346,biotree,125.4,CC1=C(C=CC(=C1)C(=O)N)N2C(=CC=C2C3=CC=C(C=C3)N4C=CN=C4)CCC(=O)O,2.0900000000000003,2.1765385,是
346,347,biotree,133.2,COC1=C(C(=C2C(=C1)C=CC(=O)O2)O[C@H]3[C@@H]([C@H]([C@@H]([C@H](O3)CO)O)O)O)O,2.22,1.8832972,是
347,348,biotree,132.0,CC1=CC=C(C=C1)/C(=C\CN2CCCC2)/C3=CC=CC(=N3)/C=C/C(=O)O,2.2,2.1137087,是
348,349,biotree,180.0,CCOC1[C@@H]([C@H]([C@@H]([C@H](O1)C(=O)O)O)O)O,3.0,2.836629,是
349,350,biotree,236.4,CN1C=C(N=C1)C[C@@H](C(=O)O)N,3.94,3.3489304,是
350,351,biotree,132.6,CN[C@@H](CC1=CNC2=CC=CC=C21)C(=O)O,2.21,2.6667373,是
351,352,biotree,163.8,C([C@@H]1[C@H]([C@@H]([C@@H]([C@@H]2N1C(=O)C(=O)N2)O)O)O)O,2.73,2.1004252,是
352,353,biotree,176.4,CN1C=NC=C1CC(=O)O,2.94,2.343308,是
353,354,biotree,134.4,C1[C@@H]([C@H](O[C@H]1N2C=NC3=C2NC=NC[C@H]3O)CO)O,2.24,1.9486516,是
354,355,biotree,231.0,C1[C@@H](CN[C@@H]1C(=O)O)O,3.85,3.0842915,是
355,356,biotree,164.4,C1[C@@H]([C@H]([C@@H]([C@H](N1CCO)CO)O)O)O,2.74,2.618073,是
356,357,biotree,193.2,C[C@@]1(CC[C@H](C1(C)C)C(=O)O)C(=O)O,3.22,3.0472264,是
357,358,biotree,229.8,C[C@@H](C(=O)O)NC(=O)CC[C@@H](C(=O)O)N,3.83,3.7387266,是
358,359,biotree,150.6,C1=CC=C(C=C1)C[C@H](C(=O)O)N,2.51,2.1833115,是
359,360,biotree,195.0,C1[C@@H]([C@@H]([C@H]([C@@H]([C@]1(CO)O)O)O)O)NC(CO)CO,3.25,3.6119714,是
360,361,biotree,180.0,CCOC(OCC)P(=O)(CCCN)O,3.0,3.321168,是
361,362,biotree,192.6,C1=CC(=CC=C1CN)C(=O)O,3.21,2.9616923,是
362,363,biotree,146.4,C1=C(NC=C(C1=O)Cl)O,2.44,2.5579062,是
363,364,biotree,229.2,C[C@H](CN1C=NC2=C(N=CN=C21)N)OCP(=O)(O)O,3.82,3.602984,是
364,365,biotree,242.4,CCCCC/C=C/C(=O)CCC1=CC(=C(C=C1)O)OC,4.04,3.359402,是
365,366,biotree,238.2,C(/C(=C/C(=O)O)/C(=O)O)C(=O)O,3.97,3.9946923,是
366,367,biotree,167.4,C1[C@H](NC(=O)NC1=O)C(=O)O,2.79,2.5851016,是
368,369,biotree,130.8,CNC1=NC(=O)C2=C(N1)N(C=N2)[C@H]3[C@@H]([C@@H]([C@H](O3)CO)O)O,2.18,2.118311,是
369,370,biotree,123.6,CCCN[C@H]1CCC2=C(C1)SC(=N2)N,2.06,2.1336598,是
370,371,biotree,184.2,CC(=O)NCCCCNCCCNC(=O)C,3.07,2.9039497,是
371,372,biotree,238.2,C[C@H]1C[C@H]2[C@H](CC=C1/C=C/C(=O)C)C(=C)C(=O)O2,3.97,3.3331676,是
372,373,biotree,175.2,CC(C)[C@@H](C(=O)O)NC(=O)CN,2.92,2.785546,是
373,374,biotree,167.4,C1=COC2=CC(=C(C=C21)/C=C\C(=O)O)O[C@H]3[C@@H]([C@H]([C@@H]([C@H](O3)CO)O)O)O,2.79,3.0669172,是
374,375,biotree,180.6,CC(=O)N[C@@H](CC1=CN=CN1)C(=O)O,3.01,2.9651413,是
375,376,biotree,148.8,C[C@@H](C(=O)O)NC(=O)[C@H](C(C)C)N,2.48,2.6902914,是
376,377,biotree,229.2,C=CCSC[C@@H](C(=O)O)NC(=O)CC[C@@H](C(=O)O)N,3.82,3.4577384,是
377,378,biotree,168.0,C1=CC2=C(C=CO2)C(=C1/C=C\C(=O)O)O[C@H]3[C@@H]([C@H]([C@@H]([C@H](O3)CO)O)O)O,2.8,3.055433,是
378,379,biotree,149.4,C[C@H]1[C@H](NC(=O)N1)CCCCCC(=O)O,2.49,2.295632,是
379,380,biotree,147.6,CC(=O)N[C@@H]1[C@H]([C@@H]([C@H](OC1O)CO)O)O,2.46,2.3354366,是
380,381,biotree,132.0,C1[C@@H]([C@H](O[C@H]1N2C=NC3=C2NC(=NC3=O)N)CO)O,2.2,1.8925214,是
381,382,biotree,121.2,C[C@@H](C(=O)O)NC(=O)[C@H](CC1=CC=CC=C1)N,2.02,2.326178,是
382,383,biotree,147.6,C[N+]1(CC[C@@]23C=C[C@@H](C[C@@H]2OC4=C(C=CC(=C34)C1)OC)O)[O-],2.46,2.206392,是
383,384,biotree,146.4,C/C=C\1/C[C@@H]([C@@](C(=O)OCC2=CC[N+]3([C@H]2[C@@H](CC3)OC1=O)[O-])(CO)O)C,2.44,2.1769083,是
384,385,biotree,136.2,CN1C(=N)C=CN(C1=O)[C@H]2[C@@H]([C@@H]([C@H](O2)CO)O)O,2.27,1.743612,是
385,386,biotree,201.0,CC=CSCC(C(=O)O)NC(=O)CCC(C(=O)O)N,3.35,3.3948631,是
386,387,biotree,136.8,CC(CCO)(CC(=O)O)O,2.28,2.2434723,是
387,388,biotree,135.6,C([C@@H](C([C@H](CO)O)O)O)O,2.26,2.0858254,是
388,389,biotree,223.2,C[C@@H]1CC[C@H]([C@@H]2[C@H]1CCC(=C2)C)C(=C)C(=O)O,3.72,2.295494,是
389,390,biotree,229.8,C1C(=O)O[C@@H]([C@@]1(C(=O)O)O)C(=O)O,3.83,3.3833659,是
390,391,biotree,122.4,C1=NC(=O)C2=C(N1)N(C=N2)[C@H]3[C@@H]([C@@H]([C@H](O3)CO)O)O,2.04,1.9152892,是
391,392,biotree,166.8,C1=C(NC=N1)/C=C/C(=O)O,2.78,2.8717136,是
392,393,biotree,172.8,C(CCCCC(=O)O)CCC/C=C/C(=O)O,2.8800000000000003,2.874455,是
393,394,biotree,147.0,C[C@@H]([C@@H](C1=NC2=C(NC1)NC(=NC2=O)N)O)O,2.45,1.8997874,是
394,395,biotree,147.0,C[C@@H]([C@@H](C1=CN=C2C(=N1)C(=O)N=C(N2)N)O)O,2.45,1.9306722,是
395,396,biotree,149.4,C1=NC2=C(N1[C@H]3[C@@H]([C@@H]([C@H](O3)CO)O)O)NC(=NC2=O)N,2.49,2.2044907,是
396,397,biotree,235.8,[C@@H]1([C@H]([C@H](OC([C@@H]1O)O)C(=O)O)O)O,3.93,3.4485157,是
397,398,biotree,186.6,C1=C(N=C2C(=N1)NC(=NC2=O)N)[C@@H]([C@@H](CO)O)O,3.11,2.4261484,是
398,399,biotree,187.2,CC(=O)NCCC(=O)N[C@@H](CC1=CN=CN1)C(=O)O,3.12,3.1112483,是
399,400,biotree,132.6,CNC[C@@H](C1=CC=C(C=C1)O)O,2.21,2.3745499,是
400,401,biotree,123.0,CC1(OC2C=C(CC(C2O1)O)C(=O)O)C,2.05,2.21944,是
401,402,biotree,147.6,CNCC(C1=CC(=CC=C1)O)O,2.46,2.2585158,是
402,403,biotree,165.6,C[N+](C)(C)CC(=O)O,2.76,3.3510537,是
404,405,biotree,249.6,C[C@@H]1[C@H](C[C@@H]([C@H](O1)OC2[C@@H]([C@H](C([C@@H]([C@@H]2O)O)O)O)O)N)N=C(C(=O)O)N,4.16,4.065596,是
405,406,biotree,230.4,CCCCCCC(O)C/C=C\CCCCCCCC(=O)OCC(OC(=O)CCCCCCC/C=C\CC(O)CCCCCC)COC(=O)CCCCCCC/C=C\CC(O)CCCCCC,3.84,3.1871395,是
406,407,biotree,183.6,C[C@H]1[C@@H]([C@H]([C@H]([C@@H](O1)O[C@@H]2[C@H]([C@@H]([C@H](O[C@H]2O[C@H]3[C@@H]([C@H](O[C@H]([C@@H]3O)O[C@]45CC[C@H]6[C@@]7(CCC[C@@]([C@H]7CC[C@@]6(C4)CC5=C)(C)C(=O)O[C@H]8[C@@H]([C@H]([C@@H]([C@H](O8)CO)O)O)O)C)CO)O)CO)O)O)O)O)O,3.06,3.2018561,是
407,408,biotree,280.2,C([C@@H]1[C@@H]([C@@H]([C@H]([C@H](O1)OC[C@@H]2[C@@H]([C@@H]([C@H]([C@H](O2)OC[C@@H]3[C@H]([C@@H]([C@H]([C@H](O3)O[C@]4([C@H]([C@@H]([C@H](O4)CO)O)O)CO)O)O)O)O)O)O)O)O)O)O,4.67,4.6200795,是
408,409,biotree,131.4,C[N+](C)(C)CCOC(=O)/C=C/C1=CC(=C(C=C1OC)O)OC,2.19,2.1970913,是
409,410,biotree,178.8,C[C@@]1(CC[C@@]2(CC[C@@]3(C(=CC[C@H]4[C@]3(CC[C@@H]5[C@@]4(C[C@@H]([C@@H]([C@@]5(C)CO)O[C@H]6[C@@H]([C@H]([C@@H](CO6)O[C@H]7[C@@H]([C@H]([C@@H]([C@H](O7)CO)O)O)O)O)O)O)C)C)[C@@H]2C1)C)C(=O)O)C(=O)OC,2.98,2.7535324,是
410,411,biotree,225.0,C1=C(NC=N1)CCN,3.75,2.899911,是
411,412,biotree,174.0,C[N+]1=CC=CC(=C1)C(=O)O,2.9,3.27535,是
412,413,biotree,125.4,C1CCN2C[C@H]3C[C@@H]([C@H]2C1)CN4[C@H]3CCCC4,2.0900000000000003,2.155092,是
413,414,biotree,220.8,C1=CO[C@H]([C@H]2[C@@H]1[C@@H]([C@H]3[C@@]2(O3)CO)O)O[C@H]4[C@@H]([C@H]([C@@H]([C@H](O4)CO[C@H]5[C@@H]([C@H]([C@H]([C@H](O5)CO)O)O)O)O)O)O,3.68,3.5229318,是
414,415,biotree,185.4,CC(=O)O[C@H](CC(=O)O)C[N+](C)(C)C,3.0900000000000003,3.1199265,是
415,416,biotree,167.4,C1=CN2[C@H]3[C@H]([C@@H]([C@H](O3)CO)O)OC2=NC1=N,2.79,1.5187601,是
416,417,biotree,276.0,C([C@@H]1[C@@H]([C@@H]([C@H]([C@H](O1)OC[C@@H]2[C@@H]([C@@H]([C@H]([C@H](O2)OC[C@@H]3[C@H]([C@@H]([C@H](C(O3)O)O)O)O)O)O)O)O)O)O)O,4.6,4.304749,是
417,418,biotree,125.4,COC1=C(C2=C[N+]3=C(C=C2C=C1)C4=CC(=C(C=C4CC3)O)OC)OC,2.0900000000000003,2.200745,是
418,419,biotree,255.6,C1=NC(=C2C(=N1)N(C=N2)C3C(C(C(O3)COP(=O)(O)OP(=O)(O)O)O)O)N,4.26,4.158335,是
419,420,biotree,124.8,C1C[N+]2=C(C=C3C=CC4=C(C3=C2)OCO4)C5=CC6=C(C=C51)OCO6,2.08,2.1672125,是
420,421,biotree,150.6,C1C[N+]2=CC3=CC4=C(C=C3C5=CC(=CC1=C52)O)OCO4,2.51,2.3197622,是
422,423,biotree,189.0,C1C2C(C(C(O2)N3C=NC4=C3NC(=NC4=O)N)O)OP(=O)(O1)O,3.15,2.9107218,是
423,424,biotree,198.6,C1=CC2=C(C(=O)C=CC2=O)C(=C1)O,3.31,3.170361,是
424,425,biotree,168.6,CC1=CC(=CC(=C1)O[C@H]2[C@@H]([C@H]([C@@H]([C@H](O2)CO[C@H]3[C@@H]([C@H]([C@@H]([C@H](O3)CO)O)O)O)O)O)O)O,2.81,2.6606112,是
425,426,biotree,159.0,C1[C@@]([C@H]([C@@H](O1)O[C@@H]2[C@H]([C@@H]([C@H](O[C@H]2C3=C(C4=C(C=C3O)OC5=C(C4=O)C=C(C=C5)O)O)CO)O)O)O)(CO)O,2.65,2.7084107,是
426,427,biotree,163.2,COC1=CC2=C(C=C1)NC=C2CC(C(=O)O)N,2.72,2.5248532,是
427,428,biotree,177.6,CCCCCCCCCCCCCCCCCCCC(=O)OCC(COC(=O)CCCCCCCCCCCCCCCCCCC)OC(=O)CCCCCCCCCCCCCCCCCCC,2.96,3.1452036,是
428,429,biotree,154.8,CC[C@H](C)[C@H]1C(=O)N[C@H](C(=O)N[C@H](C(=O)N[C@@H](CSSC[C@@H](C(=O)N[C@H](C(=O)N1)CC2=CC=C(C=C2)O)N)C(=O)N3CCC[C@H]3C(=O)N[C@@H](CC(C)C)C(=O)NCC(=O)N)CC(=O)N)CCC(=O)N,2.58,2.3519416,是
429,430,biotree,285.6,C([C@@H]1[C@H]([C@@H]([C@H]([C@H](O1)O[C@@H]2[C@H](O[C@@H]([C@@H]([C@H]2O)O)O[C@@H]3[C@H](O[C@@H]([C@@H]([C@H]3O)O)O[C@@H]4[C@H](O[C@@H]([C@@H]([C@H]4O)O)O[C@@H]5[C@H](OC([C@@H]([C@H]5O)O)O)CO)CO)CO)CO)O)O)O)O,4.760000000000001,4.870296,是
430,431,biotree,124.8,C[N+]1=C2C3=C(CCN2C(=O)C4=CC=CC=C41)C5=CC=CC=C5N3,2.08,2.5751781,是
431,432,biotree,256.8,C1[C@H]([C@@H]([C@H]([C@@H](O1)O[C@@H]2CO[C@H]([C@@H]([C@H]2O)O)O[C@@H]3CO[C@H]([C@@H]([C@H]3O)O)O[C@@H]4COC([C@@H]([C@H]4O)O)O)O)O)O,4.28,4.1363745,是
432,433,biotree,216.0,C([C@@H]1[C@H]([C@@H]([C@H]([C@H](O1)O[C@]2([C@H]([C@@H]([C@H](O2)CO)O)O)CO)O)O)O)O,3.6,3.403749,是
433,434,biotree,167.4,CCC(C)C=O,2.79,2.9777899,是
434,435,biotree,226.8,C1=C(NC=N1)C[C@@H](CO)N,3.78,2.8036041,是
435,436,biotree,177.0,C[N+]1=CC=CC(=C1)C(=O)N,2.95,2.6964388,是
436,437,biotree,210.0,C[C@H]1[C@@H]([C@H]([C@H]([C@@H](O1)O[C@@H]2[C@H]([C@H](CO[C@H]2OC(=O)[C@]34CCC(C[C@H]3C5=CC[C@H]6[C@]([C@@]5(C[C@H]4O)C)(CC[C@@H]7[C@@]6(C[C@@H]([C@@H](C7(CO)CO)O[C@H]8[C@@H]([C@H]([C@@H]([C@H](O8)CO[C@H]9[C@@H]([C@H]([C@@H]([C@H](O9)CO)O)O)O)O)O)O)O)C)C)(C)C)O)O)O)O)O[C@H]1[C@@H]([C@H]([C@@H](CO1)O)O)O,3.5,3.648406,是
437,438,biotree,240.0,CN1C=NC=C1CC(C(=O)O)NC(=O)CCN,4.0,3.522975,是
439,440,biotree,144.0,CC1([C@@H](N2[C@H](S1)[C@@H](C2=O)NC(=O)C(C3=CC=CC=C3)S(=O)(=O)O)C(=O)O)C,2.4,1.9981049,是
440,441,biotree,252.6,C1=CN(C(=O)NC1=O)[C@H]2[C@@H]([C@@H]([C@H](O2)COP(=O)(O)OP(=O)(O)O)O)O,4.21,4.0739217,是
441,442,biotree,193.8,C1=CC(=CC=C1[C@@H](C(=O)O)N)O,3.23,2.7845502,是
442,443,biotree,208.8,CN1C=NC=C1CCN,3.48,2.560368,是
443,444,biotree,295.8,C(=O)C(=O)O,4.930000000000001,3.5674498,是
444,445,biotree,158.4,CC[C@H](C)[C@@H](C(=O)N1CCC[C@H]1C(=O)N2CCC[C@H]2C(=O)N[C@@H](CC3=CC=CC=C3)C(=O)N[C@@H](CC4=CNC5=CC=CC=C54)C(=O)N[C@@H](CCCCN)C(=O)N)NC(=O)[C@H](CC(C)C)N,2.64,2.2940285,是
445,446,biotree,139.2,C[N+]1(CCC2=CC(=C(C=C2[C@H]1CC3=CC=C(C=C3)O)OC)O)C,2.32,2.3064594,是
446,447,biotree,209.4,C[C@H]1[C@@H]([C@H]([C@H]([C@@H](O1)OC[C@@H]2[C@H]([C@@H]([C@H]([C@@H](O2)OC[C@@H]3[C@H]([C@@H]([C@H]([C@@H](O3)OC(=O)[C@@]45CC[C@@]6(C(=CC[C@H]7[C@]6(CC[C@@H]8[C@@]7(CC[C@@H]([C@@]8(C)CO)O[C@H]9[C@@H]([C@H]([C@H](CO9)O)O)O[C@H]1[C@@H]([C@H]([C@@H]([C@H](O1)CO)O)O)O)C)C)[C@@H]4CC(CC5)(C)C)C)O)O)O)O)O)O)O)O)O,3.49,3.28823,是
447,448,biotree,268.2,C1=CN(C(=O)NC1=O)[C@H]2[C@@H]([C@@H]([C@H](O2)COP(=O)(O)OP(=O)(O)O[C@@H]3[C@@H]([C@H]([C@@H]([C@H](O3)C(=O)O)O)O)O)O)O,4.47,4.014031,是
448,449,biotree,222.6,C([C@@H]1[C@H]([C@@H]([C@H]([C@H](O1)OC[C@H]([C@H]([C@@H](C(=O)CO)O)O)O)O)O)O)O,3.71,3.515333,是
449,450,biotree,156.0,C[C@H]1[C@@H]([C@H]([C@H]([C@@H](O1)OC2=C(OC3=CC(=CC(=C3C2=O)O)O)C4=CC(=C(C=C4)O)O)O[C@H]5[C@@H]([C@H]([C@@H]([C@H](O5)CO)O)O)O)O)O,2.6,2.8462305,是
450,451,biotree,147.6,C1=CC(=NC=C1C(=O)O)N,2.46,2.2591295,是
451,452,biotree,150.0,COC(=O)C1=COC(C(C1CC(=O)O)(CC(=O)O)O)O[C@H]2[C@@H]([C@H]([C@@H]([C@H](O2)CO)O)O)O,2.5,3.6878476,是
452,453,biotree,198.0,CC(CC(=O)O)N,3.3,3.1638632,是
453,454,biotree,214.8,CC[C@H](C)[C@@H](C(=O)N[C@@H](CC(=O)N)C(=O)N[C@@H](CC(C)C)C(=O)N[C@@H](CCCCN)C(=O)N[C@@H](C)C(=O)N[C@@H]([C@@H](C)CC)C(=O)N[C@@H](C)C(=O)N[C@@H](C)C(=O)N[C@@H](CC(C)C)C(=O)N[C@@H](C)C(=O)N[C@@H](CCCCN)C(=O)N[C@@H](CCCCN)C(=O)N[C@@H](CC(C)C)C(=O)N[C@@H](CC(C)C)C(=O)N)N,3.58,3.1900954,是
454,455,biotree,138.0,C[N+]1(CCC2=CC(=C(C=C2[C@H]1CC3=CC=C(C=C3)O)O)OC)C,2.3,2.3061647,是
455,456,biotree,194.4,C[C@@H](C(=O)N[C@@H](C)C(=O)NCC(=O)N[C@@H](CCSC)C(=O)NCC(=O)N[C@@H](CC1=CC=CC=C1)C(=O)N[C@@H](CC2=CC=CC=C2)C(=O)NCC(=O)N[C@@H](C)C(=O)N[C@@H](CCCN=C(N)N)C(=O)N)N.CC(=O)O,3.24,3.31269,是
456,457,biotree,231.6,C1=NC(=C2C(=N1)N(C=N2)[C@H]3[C@@H]([C@@H]([C@H](O3)CO)OP(=O)(O)O)O)N,3.86,3.8800936,是
457,458,biotree,209.4,C[N+](C)(C)CC(CC(=O)O)O,3.49,3.512361,是
458,459,biotree,211.2,CC1=C2C(=CC(=C1C(=O)O)O)C(=O)C3=C(C2=O)C(=C(C(=C3O)O)[C@H]4[C@@H]([C@H]([C@@H]([C@H](O4)CO)O)O)O)O,3.52,3.421235,是
459,460,biotree,131.4,C1CCC2=C[N+]3=C(C=C2C1)C4=C(C=C3)C5=CC=CC=C5N4,2.19,2.1194375,是
460,461,biotree,148.8,COC1=C(C=C2C(=C1)C(=O)C(=CO2)C3=CC=C(C=C3)O)O[C@H]4[C@@H]([C@H]([C@@H]([C@H](O4)CO[C@H]5[C@@H]([C@H]([C@@H](CO5)O)O)O)O)O)O,2.48,2.2289314,是
461,462,biotree,173.4,C1CO[C@H]([C@H]2C1[C@@H]([C@H]3[C@@]2(O3)CO)O)O[C@H]4[C@@H]([C@H]([C@@H]([C@H](O4)CO)O)O)O,2.89,2.6169586,是
462,463,biotree,124.2,C1=CC2=C(C=C1O)C(=O)C3=C(O2)C=C(C(=C3O)[C@H]4[C@@H]([C@H]([C@@H]([C@H](O4)CO)O)O)O)O,2.07,2.3387616,是
463,464,biotree,208.8,CC1=C(SC=[N+]1CC2=CN=C(N=C2N)C)CCO,3.48,2.5341187,是
464,465,biotree,177.6,C[C@@]12CC[C@@H]3[C@@]([C@H]1CC=C4[C@]2(CC[C@@]5([C@H]4CC(CC5)(C)C)C(=O)O[C@H]6[C@@H]([C@H]([C@@H]([C@H](O6)CO)O)O)O)C)(C[C@H]([C@H]([C@]3(C)C=O)O[C@H]7[C@@H]([C@H]([C@@H]([C@H](O7)C(=O)O)O)O[C@H]8[C@@H]([C@H]([C@@H](CO8)O)O)O)O)O)C,2.96,3.013046,是
465,466,biotree,195.0,C(CO)N,3.25,2.0354235,是
466,467,biotree,122.4,CC1=C2C=CC3=C(C2=C[N+]4=C1C5=CC6=C(C=C5CC4)OCO6)OCO3,2.04,2.1823778,是
467,468,biotree,144.6,C[N+]1(CC[C@@]23CC(=O)C(=C[C@H]2[C@@H]1CC4=C3C(=C(C=C4)OC)O)OC)[O-],2.41,2.1422074,是
468,469,biotree,174.6,C=C[C@@H]1[C@@H]2CC(OC(=O)C2=CO[C@H]1O[C@H]3[C@@H]([C@H]([C@@H]([C@H](O3)CO)O)O)O)O,2.91,1.9443047,是
469,470,biotree,172.8,C[C@@H]1CC[C@@]2([C@H]([C@H]3[C@@H](O2)C[C@@H]4[C@@]3(CC[C@H]5[C@H]4CC=C6[C@@]5(CC[C@@H](C6)O[C@H]7[C@@H]([C@H]([C@@H]([C@H](O7)CO)O[C@H]8[C@@H]([C@H]([C@@H]([C@H](O8)CO)O)O[C@H]9[C@@H]([C@H]([C@@H]([C@H](O9)CO)O)O)O)O)O)O[C@H]2[C@@H]([C@@H]([C@H]([C@@H](O2)C)O)O)O)C)C)C)OC1,2.8800000000000003,2.8550186,是
470,471,biotree,239.4,C[C@H]1[C@@H]([C@H]([C@H]([C@@H](O1)O[C@@H]2[C@H]([C@H](CO[C@H]2OC(=O)[C@]34CCC(C[C@H]3C5=CC[C@H]6[C@]([C@@]5(C[C@H]4O)C)(CC[C@@H]7[C@@]6(C[C@@H]([C@@H](C7(CO)CO)O[C@H]8[C@@H]([C@H]([C@@H]([C@H](O8)CO[C@H]9[C@@H]([C@H]([C@@H]([C@H](O9)CO[C@H]1[C@@H]([C@H]([C@@H]([C@H](O1)CO)O)O)O)O)O)O)O)O)O)O)C)C)(C)C)O)O)O)O)O[C@H]1[C@@H]([C@H]([C@@H](CO1)O)O[C@H]1[C@@H]([C@](CO1)(CO)O)O)O,3.99,4.057169,是
471,472,biotree,207.6,C1=CC(=CC=C1CSC[C@@H](C(=O)NCC(=O)O)NC(=O)CC[C@@H](C(=O)O)N)O,3.46,3.5474863,是
472,473,biotree,124.2,CC1=C(C(=O)OC2=C1C=CC(=C2)N)CC(=O)O,2.07,1.6910257,是
473,474,biotree,124.8,COC1=CC2=C(C=CN=C2C=C1)C(=O)CC[C@@H]3CCNC[C@@H]3C=C,2.08,1.8560474,是
474,475,biotree,276.0,CC(C)[C@@H](C(=O)N[C@@H](CCC(=O)N)C(=O)NCC(=O)N[C@@H](CCC(=O)O)C(=O)N[C@@H](CCC(=O)O)C(=O)N[C@@H](CO)C(=O)N[C@@H](CC(=O)N)C(=O)N[C@@H](CC(=O)O)C(=O)N[C@@H](CCCCN)C(=O)O)N,4.6,4.1081743,是
475,476,biotree,150.0,CC1=CC2=C(C=C1N(C)C)N(C3=NC(=O)NC(=O)C3=N2)C[C@@H]([C@@H]([C@@H](CO)O)O)O,2.5,2.0833557,是
476,477,biotree,241.8,C[C@H]1[C@@H]([C@H]([C@H]([C@@H](O1)OC[C@@H]2[C@H]([C@@H]([C@H]([C@@H](O2)O[C@@H]3[C@H](O[C@H]([C@@H]([C@H]3O)O)O[C@@H]4CO[C@H]([C@@H]([C@@H]4O)O)O[C@@H]5[C@H]([C@@H](O[C@H]([C@@H]5O)O[C@@H]6[C@H]([C@H](CO[C@H]6O[C@H]7CC[C@]8([C@H](C7(C)C)CC[C@@]9([C@@H]8CC=C1[C@]9(CC[C@@]2([C@H]1CC(CC2)(C)C)C(=O)O[C@H]1[C@@H]([C@H]([C@@H]([C@H](O1)CO[C@H]1[C@@H]([C@H]([C@@H]([C@H](O1)CO)O[C@H]1[C@@H]([C@@H]([C@H]([C@@H](O1)C)O)O)O)O)O)O)O)O)C)C)C)O)O)C)O)CO)O)O)O)O)O)O,4.03,3.8301842,是
477,478,biotree,145.8,C1=C(C=C(C=C1N)O)C(=O)O,2.43,2.0191128,是
478,479,biotree,148.2,C1CCC2=NCCCN2CC1,2.47,1.8087664,是
479,480,biotree,123.0,C[C@H]1C[C@@H]2[C@H]([C@H]([C@]3(O2)CC[C@H]4[C@@H]5CC=C6C[C@H](CC[C@@]6([C@H]5C(=O)C4=C3C)C)O[C@H]7[C@@H]([C@H]([C@@H]([C@H](O7)CO)O)O)O)C)NC1,2.05,1.9918334,是
480,481,biotree,200.4,C[C@H]1[C@@H]([C@H]([C@H]([C@@H](O1)O[C@@H]2[C@H]([C@@H]([C@H](O[C@H]2O[C@H]3CC[C@@]4([C@H]5CC[C@]6([C@H]([C@@H]5CC=C4C3)C[C@H]7[C@@H]6C(=C(O7)CC[C@@H](C)CO[C@H]8[C@@H]([C@H]([C@@H]([C@H](O8)CO)O)O)O)C)C)C)CO)O)O[C@H]9[C@@H]([C@H]([C@@H]([C@H](O9)CO)O)O)O)O)O)O,3.3400000000000003,2.9525657,是
481,482,biotree,195.6,CC1=C2COC(=O)C2=C(C(=C1OC)C/C=C(\C)/CCC(=O)O)O[C@H]3[C@H](C([C@@H](C(O3)C(=O)O)O)O)O,3.26,3.179851,是
482,483,biotree,187.8,CC(=CCC[C@@](C)([C@H]1CC[C@@]2([C@@H]1[C@@H](C[C@H]3[C@]2(C[C@@H]([C@@H]4[C@@]3(CC[C@@H](C4(C)C)O)C)O[C@H]5[C@@H]([C@H]([C@@H]([C@H](O5)CO)O)O)O[C@H]6[C@@H]([C@H]([C@@H]([C@H](O6)CO)O)O)O)C)O)C)O[C@H]7[C@@H]([C@H]([C@@H]([C@H](O7)CO)O)O)O)C,3.1300000000000003,2.784223,是
483,484,biotree,172.8,CC(=CCC[C@@](C)([C@H]1CC[C@@]2([C@@H]1[C@@H](C[C@H]3[C@]2(CC[C@@H]4[C@@]3(CC[C@@H](C4(C)C)O[C@H]5[C@@H]([C@H]([C@@H]([C@H](O5)CO)O)O)O[C@H]6[C@@H]([C@H]([C@@H]([C@H](O6)COC(=O)C)O)O)O)C)C)O)C)O[C@H]7[C@@H]([C@H]([C@@H]([C@H](O7)CO[C@H]8[C@@H]([C@H]([C@@H](O8)CO)O)O)O)O)O)C,2.8800000000000003,2.6647785,是
484,485,biotree,154.2,C[C@H]1[C@H]2[C@H]([C@@H]([C@@H]3[C@@]2(CC[C@H]4[C@H]3CC[C@H]5[C@@]4(CC[C@@H](C5)O[C@H]6[C@@H]([C@H]([C@H]([C@H](O6)CO)O)O)O[C@H]7[C@@H]([C@H]([C@@H]([C@H](O7)CO)O)O)O)C)C)O)OC1(CCC(C)C)OC,2.57,2.145953,是
485,486,biotree,152.4,COC1=C(C=C2C(=C1)C=CC(=O)O2)O[C@H]3[C@@H]([C@H]([C@@H]([C@H](O3)CO[C@H]4[C@@H]([C@H]([C@@H](CO4)O)O)O)O)O)O,2.54,2.2176838,是
486,487,biotree,222.0,C[C@H]1[C@@H]([C@H]([C@H]([C@@H](O1)O[C@@H]2[C@H](O[C@H]([C@@H]([C@H]2O)O)OC[C@@H]3[C@H]([C@@H]([C@H]([C@@H](O3)OC(=O)[C@@]45CC[C@@]6(C(=CC[C@H]7[C@]6(CC[C@@H]8[C@@]7(CC[C@@H]([C@@]8(C)CO)O[C@H]9[C@@H]([C@H]([C@H](CO9)O[C@H]1[C@@H]([C@H]([C@@H]([C@H](O1)CO)O)O)O)O)O[C@H]1[C@@H]([C@@H]([C@H]([C@@H](O1)C)O)O)O)C)C)[C@@H]4CC(CC5)(C)C)C)O)O)O)CO)O)O)O,3.7,3.4451244,是
487,488,biotree,290.4,C1[C@@H]([C@H](O[C@H]1N2C=CC(=O)NC2=O)COP(=O)(O)OP(=O)(O)OP(=O)(O)O)O,4.84,4.2207637,是
488,489,biotree,280.8,C1C[C@H](N(C1)C(=O)[C@@H]2CCCN2C(=O)[C@H](CCCN=C(N)N)N)C(=O)NCC(=O)N[C@@H](CC3=CC=CC=C3)C(=O)N[C@@H](CO)C(=O)N4CCC[C@H]4C(=O)N[C@@H](CC5=CC=CC=C5)C(=O)N[C@@H](CCCN=C(N)N)C(=O)O,4.680000000000001,3.8708694,是
489,490,biotree,175.8,C[C@@H](C(=O)N[C@@H](CC(=O)N)C(=O)N[C@@H](CC(C)C)C(=O)N[C@@H](CC(=O)N)C(=O)N[C@@H](CC(C)C)C(=O)O)NC(=O)CNC(=O)[C@H](CO)NC(=O)[C@H](CC(C)C)NC(=O)[C@H](CC1=CC=C(C=C1)O)N,2.93,2.8308978,是
490,491,biotree,210.6,C[C@H]([C@@H](C(=O)O)NC(=O)[C@@H]1CCCN1C(=O)[C@H](CC(C)C)NC(=O)[C@H](CC2=CC=C(C=C2)O)NC(=O)[C@H](CCCN=C(N)N)N)O,3.51,3.3470845,是
491,492,biotree,147.0,C1=CC=C(C=C1)C2=CC(=O)C3=C(C=C(C=C3O2)O[C@H]4[C@@H]([C@H]([C@@H]([C@H](O4)CO[C@H]5[C@@H]([C@H]([C@@H]([C@H](O5)CO)O)O)O)O)O)O)O,2.45,2.353825,是
492,493,biotree,174.0,C[C@H](CC[C@H](C(C)(C)O)O[C@H]1[C@@H]([C@H]([C@@H]([C@H](O1)CO[C@H]2[C@@H]([C@H]([C@@H]([C@H](O2)CO)O)O)O)O)O)O[C@H]3[C@@H]([C@H]([C@@H]([C@H](O3)CO)O)O)O)[C@H]4CC[C@@]5([C@@]4(C[C@H]([C@@]6([C@H]5CC=C7[C@H]6CC[C@@H](C7(C)C)O)C)O)C)C,2.9,2.825829,是
493,494,biotree,131.4,CCCCCCCC/C=C\CCCCCCCC(=O)OC[C@H](COP(=O)(O)OCC[N+](C)(C)C)O,2.19,2.0526416,是
494,495,biotree,128.4,C1C[C@@H]2CN(C(=O)C3=CC=CC(=C23)C1)[C@@H]4CN5CCC4CC5,2.14,2.1237574,是
495,496,biotree,242.4,C1=NC(=C2C(=N1)N(C=N2)[C@H]3[C@@H]([C@@H]([C@H](O3)COP(=O)(O)O)O)O)N,4.04,3.9042313,是
496,497,biotree,145.8,COC1=C(C=C2C(=C1)C(=O)C3=C(O2)C=C(C(=C3O)[C@H]4[C@@H]([C@H]([C@@H]([C@H](O4)CO)O)O)O)O)O,2.43,2.3651423,是
497,498,biotree,120.6,C[N+]1(CCC2=CC(=C(C3=C2[C@@H]1CC4=C3C(=C(C=C4)OC)O)O)OC)C,2.01,2.3450603,是
498,499,biotree,126.0,C1=CC(=CC=C1O)OC2=C(C=C(C=C2I)C[C@@H](C(=O)O)N)I,2.1,2.0801854,是
499,500,biotree,175.2,C/[N+](=N/CO[C@H]1[C@@H]([C@H]([C@@H]([C@H](O1)CO[C@H]2[C@@H]([C@H]([C@@H](CO2)O)O)O)O)O)O)/[O-],2.92,3.2672696,是
500,501,biotree,211.2,CNC(=O)CNC(=O)CN,3.52,2.6557398,是
501,502,biotree,220.8,C[N+](C)(C)CCCC(=O)O,3.68,3.4896338,是
502,503,biotree,130.8,COC1=CC2=C(C=C1)NC=C2CCN,2.18,1.8457847,是
503,504,biotree,172.8,COC1=CC(=C2C(=C1)OC(=C(C2=O)O[C@H]3[C@@H]([C@H]([C@@H]([C@H](O3)CO)O)O)O[C@H]4[C@@H]([C@](CO4)(CO)O)O)C5=CC=C(C=C5)O[C@H]6[C@@H]([C@H]([C@@H]([C@H](O6)CO)O)O)O)O,2.8800000000000003,2.9972467,是
504,505,biotree,181.2,CC(C)C[C@@](CC(=O)OCC1=CC=C(C=C1)O[C@H]2[C@@H]([C@H]([C@@H]([C@H](O2)CO)O)O)O)(C(=O)OCC3=CC=C(C=C3)O[C@H]4[C@@H]([C@H]([C@@H]([C@H](O4)CO)O)O)O)O[C@H]5[C@@H]([C@H]([C@@H]([C@H](O5)CO)O)O)O,3.02,2.792728,是
505,506,biotree,176.4,C[C@]12CC[C@@H]([C@]([C@@H]1CC[C@@]3([C@@H]2CC=C4[C@]3(CC[C@@]5([C@H]4CC(C[C@H]5O)(C)C)C)C)C)(C)CO)O[C@H]6[C@@H]([C@H]([C@@H]([C@H](O6)C(=O)O)O)O)O[C@H]7[C@@H]([C@H]([C@H]([C@H](O7)CO)O)O)O[C@H]8[C@@H]([C@H]([C@@H]([C@H](O8)CO)O)O)O,2.94,3.1135802,是
506,507,biotree,152.4,C[C@@H](C(=O)N[C@@H](CO)C(=O)N[C@@H](CC1=CC=CC=C1)C(=O)N[C@@H](CC2=CC=C(C=C2)O)C(=O)N[C@@H](CO)C(=O)N[C@@H](CC3=CNC4=CC=CC=C43)C(=O)NCC(=O)N)NC(=O)CN,2.54,2.4578123,是
507,508,biotree,276.6,C[C@@H]1CC(=O)[C@]2([C@@H](O1)O[C@@H]3[C@H]([C@@H]([C@@H]([C@@H]([C@H]3O2)NC)O)NC)O)O,4.61,3.933752,是
508,509,biotree,170.4,C[N+]1(CCC[C@H]1C(=O)O)C,2.8400000000000003,3.3442826,是
509,510,biotree,292.2,C([C@@H]1[C@H]([C@@H]([C@H]([C@H](O1)O[C@@H]2[C@H](O[C@@H]([C@@H]([C@H]2O)O)O[C@@H]3[C@H](O[C@@H]([C@@H]([C@H]3O)O)O[C@@H]4[C@H](O[C@@H]([C@@H]([C@H]4O)O)O[C@@H]5[C@H](O[C@@H]([C@@H]([C@H]5O)O)O[C@@H]6[C@H](O[C@@H]([C@@H]([C@H]6O)O)O[C@@H]7[C@H](O[C@@H]([C@@H]([C@H]7O)O)O)CO)CO)CO)CO)CO)CO)O)O)O)O,4.87,5.190261,否
510,511,biotree,161.4,C[C@H]1CC[C@H]2[C@@H]([C@@H]3CC[C@@H]4[C@H]([C@@H]3CN2C1)C[C@H]5[C@H]4CC(=O)[C@@H]6[C@@]5(CC[C@@H](C6)O[C@H]7[C@@H]([C@H]([C@@H]([C@H](O7)CO)O)O)O)C)C,2.69,2.0100935,是
511,512,biotree,157.2,C[C@H](C(=O)N[C@H](CC1=CC2=CC=CC=C2C=C1)C(=O)N[C@@H](C)C(=O)N[C@@H](CC3=CNC4=CC=CC=C43)C(=O)N[C@H](CC5=CC=CC=C5)C(=O)N[C@@H](CCCCN)C(=O)N)N,2.62,2.248362,是
512,513,biotree,199.2,C[C@H]1[C@@H]([C@H]([C@H]([C@@H](O1)O[C@@H]2[C@H]([C@H](CO[C@H]2O[C@H]3CC[C@@]4([C@H]5CC=C6[C@H]7CC(CC[C@@]7(CC[C@]6([C@@]5(CCC4C3(C)CO)C)C)C(=O)O[C@H]8[C@@H]([C@H]([C@@H]([C@H](O8)CO)O[C@H]9[C@@H]([C@H]([C@@H]([C@H](O9)CO)O)O)O)O)O)(C)C)C)O)O[C@@H]1[C@@H]([C@H]([C@@H](CO1)O)O)O)O)O)O,3.32,3.1443262,是
513,514,biotree,211.8,C[C@@]1(C[C@H]([C@H]2[C@@H]1[C@@H](OC=C2C(=O)O)O[C@H]3[C@@H]([C@H]([C@@H]([C@H](O3)CO)O)O)O)O)O,3.53,3.630859,是
514,515,biotree,148.2,CC1=CC(=O)C2=C(O1)C3=C(C=C(C=C3C=C2O)OC)O[C@H]4[C@@H]([C@H]([C@@H]([C@H](O4)CO[C@H]5[C@@H]([C@H]([C@@H]([C@H](O5)CO)O)O)O)O)O)O,2.47,2.4968867,是
515,516,biotree,200.4,C[C@H]1[C@@H]([C@H]([C@H]([C@@H](O1)O[C@@H]2[C@H](O[C@H]([C@@H]([C@H]2O)O)OC[C@@H]3[C@H]([C@@H]([C@H]([C@@H](O3)OC(=O)[C@]45CC[C@H]([C@@H]4[C@H]6C[C@H]([C@H]7[C@]([C@@]6(CC5)C)(CC[C@@H]8[C@@]7([C@H](OC8(C)C)CC(=O)O)C)C)O)C(=C)C)O)O)O)CO)O)O)O,3.3400000000000003,3.0431385,是
516,517,biotree,288.6,C[C@H]1[C@@H]([C@H]([C@H]([C@@H](O1)OC2=C(C=C3C4=C2OC(=O)C5=CC(=C(C(=C54)OC3=O)O)O)O)O)O)O,4.8100000000000005,2.3573062,是
517,518,biotree,251.4,C[C@H]1[C@H]([C@H]([C@@H]([C@@H](O1)O[C@@H]2[C@H]([C@H]([C@H](O[C@H]2O[C@@H]3[C@H](OC([C@@H]([C@H]3O)O)O)CO)CO)O)O)O)O)O,4.19,3.913582,是
518,519,biotree,202.8,C1=CC(=CC=C1C(=O)O)NCC2=CN=C3C(=N2)C(=O)N=C(N3)N,3.3800000000000003,2.760493,是
519,520,biotree,175.2,C1[C@@H]([C@@H]([C@H]([C@@H](O1)C2=C(C(=C3C(=C2O)C(=O)C=C(O3)C4=CC=CC=C4)[C@H]5[C@@H]([C@H]([C@@H]([C@H](O5)CO)O)O)O)O)O)O)O,2.92,2.586329,是
520,521,biotree,150.0,CNCCC1=CC=C(C=C1)O,2.5,2.247893,是
521,522,biotree,182.4,C[C@H]1[C@@H]([C@H]([C@H]([C@@H](O1)OC[C@@H]2[C@H]([C@@H]([C@H]([C@@H](O2)OC3=C(OC4=CC(=CC(=C4C3=O)O)O)C5=CC=C(C=C5)O)O[C@H]6[C@@H]([C@H]([C@@H](CO6)O)O)O)O)O)O)O)O,3.04,2.9943905,是
522,523,biotree,147.6,C1=CC=C(C=C1)COC(=O)C[C@@H](C(=O)O)N,2.46,2.0651894,是
523,524,biotree,242.4,C([C@@H]1[C@H]([C@@H]([C@H]([C@@H](O1)OC[C@H]([C@H]([C@@H]([C@H](C=O)O)O)O)O)O)O)O)O,4.04,3.5320745,是
524,525,biotree,164.4,CC[C@H](C)[C@@H](C(=O)N[C@@H](CC(C)C)C(=O)NCC(=O)N[C@@H](CCCCN)C(=O)N[C@@H](CC(C)C)C(=O)N[C@@H](C(C)C)C(=O)N[C@@H](CCCCN)C(=O)NCC(=O)N[C@@H](CC(C)C)C(=O)N[C@@H](CC(C)C)C(=O)N)NC(=O)[C@H](CC(C)C)NC(=O)[C@@H]1CCCN1C(=O)[C@H](CC(C)C)NC(=O)[C@H](CC2=CC=CC=C2)N,2.74,2.4132767,是
525,526,biotree,208.2,C(C(=O)O)N=C(N)N,3.47,3.178138,是
526,527,biotree,284.4,CC1=CN(C(=O)NC1=O)[C@H]2C[C@@H]([C@H](O2)COP(=O)(O)OP(=O)(O)OP(=O)(O)O)O,4.739999999999999,4.1804247,是
527,528,biotree,181.2,C1=CO[C@H]([C@H]2[C@@]1([C@@H](C=C2CO)O)O)O[C@H]3[C@@H]([C@H]([C@@H]([C@H](O3)CO)O)O)O,3.02,2.8222666,是
528,529,biotree,294.6,C[C@H]([C@@H](C(=O)N[C@@H](CC1=CC=C(C=C1)O)C(=O)N2CCC[C@H]2C(=O)N[C@@H](CCCNC(=N)N)C(=O)N[C@@H]([C@@H](C)O)C(=O)N[C@@H](CC(=O)N)C(=O)N[C@@H]([C@@H](C)O)C(=O)NCC(=O)N[C@@H](CO)C(=O)N[C@@H](CC(=O)N)C(=O)N[C@@H]([C@@H](C)O)C(=O)N[C@@H](CC3=CC=C(C=C3)O)C(=O)N)NC(=O)[C@H](CCC(=O)N)NC(=O)[C@H](CC(C)C)NC(=O)[C@H](CCCCN)NC(=O)[C@H](CC4=CNC=N4)NC(=O)[C@H](CC(C)C)NC(=O)[C@H](CCC(=O)O)NC(=O)[C@H](CCC(=O)N)NC(=O)[C@H](CO)NC(=O)[C@H](CC(C)C)NC(=O)[C@H](CCCCN)NC(=O)CNC(=O)[C@H](CC(C)C)NC(=O)[C@H](C(C)C)NC(=O)C)O,4.91,3.8678632,是
530,531,biotree,153.0,CN1C[C@@]2(CC[C@@H](C34[C@@H]2[C@H](C(C31)[C@]5([C@H]([C@@H]([C@@]6(C[C@@H]4C5[C@@H]6O)O)OC)O)O)OC)OC)COC,2.55,2.1371748,是
531,532,biotree,155.4,CC1C(=O)OC2CC[N+]3(C2C(=CC3)COC(=O)C(C1(C)O)(C)O)[O-],2.5900000000000003,2.378038,是
532,533,biotree,300.0,C(CC(C(=O)O)N)C(CN)O,5.0,4.055393,是
533,534,biotree,275.4,CC1=C(SC=[N+]1CC2=CN=C(N=C2N)C)CCOP(=O)(O)O,4.59,4.149624,是
534,535,biotree,297.0,C1=NC2=C(N1[C@H]3[C@@H]([C@@H]([C@H](O3)COP(=O)(O)OP(=O)(O)OP(=O)(O)O)O)O)NC(=NC2=O)N,4.95,4.3428416,是
535,536,biotree,286.8,C[S+](C)CCC(C(=O)O)N,4.78,4.300578,是
541,542,biotree,211.8,CC(C)C[C@@H](C(=O)N[C@@H](CC(C)C)C(=O)N[C@@H](CO)C(=O)N[C@@H](CC1=CN=CN1)C(=O)O)NC(=O)[C@H](CCCCN)NC(=O)[C@H](CC2=CC=CC=C2)NC(=O)[C@H](CC(=O)N)NC(=O)[C@H](C(C)C)NC(=O)[C@@H]3CCCN3,3.53,3.213006,是
542,543,biotree,154.8,C/C(=C\CO[C@H]1[C@@H]([C@H]([C@@H]([C@H](O1)CO)O)O)O)/CC[C@@H]2C(=C)CC[C@H]3[C@]2(CC[C@H]([C@]3(C)CO[C@H]4[C@@H]([C@H]([C@@H]([C@H](O4)CO)O)O)O)O)C,2.58,2.5403106,是
543,544,biotree,198.6,C[C@]12CCC[C@](C1[C@H]([C@H](C34C2CCC(C3)C(C4)(CO)O[C@H]5[C@@H]([C@H]([C@@H]([C@H](O5)CO)O)O)O)O)O)(C)C(=O)O,3.31,3.1865826,是
544,545,biotree,193.8,C[C@H](C1=CC2(C=C[C@H]3[C@@H]2[C@@H](OC=C3C(=O)O)O[C@H]4[C@@H]([C@H]([C@@H]([C@H](O4)CO[C@H]5[C@@H]([C@H]([C@@H]([C@H](O5)CO)O)O)O)O)O)O)OC1=O)OC(=O)/C=C/C6=CC=C(C=C6)O,3.23,3.0609546,是
545,546,biotree,194.4,CC(C(C(C)O)(C(=O)OCC1=C(C=CC(=C1)O)NC(=O)CCC(C(=O)O)N)O)O,3.24,3.3721676,是
546,547,biotree,152.4,CC12CCC(CC1=CCC3C2CCC\4(C3(CC/C4=C\5/CC(=O)OC5)O)C)OC6C(C(C(C(O6)CO)O)OC7C(C(C(C(O7)CO)O)O)O)O,2.54,2.393246,是
547,548,biotree,141.6,C/C(=C/COC(=O)CC(=O)O)/CCC1C(=C)C(CC2C1(CCC(C2(C)C)O)C)OC3C(C(C(C(O3)CO)O)O)O,2.36,2.416987,是
548,549,biotree,129.0,C[C@H]1[C@@H]([C@H]([C@H]([C@@H](O1)O[C@@H]2[C@H]([C@@H]([C@H](O[C@H]2OC3=CC(=C4C(=C3)OC(=CC4=O)C5=CC(=C(C=C5)O)OC)O)CO)O)O)O)O)O,2.15,2.4276886,是
549,550,biotree,143.4,C[C@H]1[C@@H]([C@H]([C@H]([C@@H](O1)OCC2C(C(C(C(O2)OC3=C(OC4=CC(=CC(=C4C3=O)O)O)C5=CC(=C(C=C5)O)OC)O)O)O)O)O)O,2.39,2.6258109,是
550,551,biotree,166.8,C1=CC(=CC=C1C2=C(C(=O)C3=C(C=C(C=C3O2)O)O)OC4C(C(C(C(O4)CO)O)O)OC5C(C(C(C(O5)CO)O)O)O)O,2.78,2.7692676,是
551,552,biotree,148.2,CC(CCCCC(C(CO)C(=O)O)O)C/C(=C/C(=C/C(=O)O)/C)/C,2.47,2.8320827,是
552,553,biotree,183.6,C[C@H]1[C@@H]([C@H]([C@H]([C@@H](O1)O[C@H]2[C@@H]([C@H](O[C@H]([C@@H]2O[C@H]3[C@@H]([C@H]([C@@H](CO3)O)O)O)O[C@H]4CC[C@]5(C(C4(C)C)CC[C@@]6(C5CC=C7[C@]6(CC[C@@]8(C7CC(CC8)(C)C)C(=O)O)C)C)C)C(=O)O)O)O)O)O,3.06,3.0706139,是
553,554,biotree,198.6,C[C@H]1[C@@H]([C@H]([C@H]([C@@H](O1)O[C@@H]2[C@H]([C@H]([C@H](O[C@H]2O[C@@H]3[C@H]([C@@H]([C@H](O[C@H]3O[C@H]4CC[C@]5(C([C@@]4(C)CO)CC[C@@]6(C5CC=C7[C@]6(CC[C@@]8([C@H]7CC(C[C@H]8O)(C)C)C)C)C)C)C(=O)O)O)O)C(=O)O)O)O)O)O)O,3.31,3.3222606,是
554,555,biotree,183.6,CC1C(C(C(C(O1)OC2C(C(C(OC2OC3C(C(OC(C3OC4C(C(C(C(O4)CO)O)O)O)OC5CCC6(C(C5(C)C)CCC7(C6CCC89C7(CC(C1(C8CC(CC1)(C)C(=O)O)CO9)O)C)C)C)C(=O)O)O)CO)O)O)O)O)O,3.06,3.663742,是
555,556,biotree,147.6,C[C@]12CC[C@@H](C(C1CC[C@@]3(C2CC=C4[C@]3(CC[C@@]5(C4CC(CC5)(C)C)C(=O)O)C)C)(C)CO)O[C@H]6[C@@H]([C@H]([C@@H]([C@H](O6)C(=O)O)O)O)O,2.46,2.7055657,是
556,557,biotree,186.6,C/C=C(\C)/CC(/C=C(\C)/C(C(C)/C=C(\C)/C(C(C)/C=C/C(C/C=C/C(C(C(=O)O)O)O)O)O)O)C(=O)O,3.11,2.982892,是
557,558,biotree,168.6,CC1C(C(C(C(O1)OC2C(C(OC(C2OC3C(C(C(CO3)O)O)O)OC4CCC5(C(C4(C)C)CCC6(C5C=CC7=C8CC(CC(C8(CCC76C)C)O)(C)C)C)C)C(=O)O)O)O)O)O,2.81,2.6214404,是
558,559,biotree,151.8,C[C@]12CC[C@@H](CC1=CC[C@@H]3[C@@H]2CC[C@]4([C@@]3(CC[C@@H]4C5=CC(=O)OC5)O)C)O[C@H]6[C@@H]([C@H]([C@@H]([C@H](O6)CO)O)O)O[C@H]7[C@@H]([C@H]([C@@H]([C@H](O7)CO)O)O)O,2.53,2.3701415,是
559,560,biotree,139.8,CC(CCC/C=C/C1CC(CC1C(/C=C/C(=O)O)O)O)O,2.33,2.287486,是
560,561,biotree,177.0,COC1=C(C=CC(=C1)C[C@@H]2CO[C@H]([C@@H]2CO)C3=CC(=C(C=C3)O[C@H]4[C@@H]([C@H]([C@@H]([C@H](O4)CO)O)O)O)OC)O[C@H]5[C@@H]([C@H]([C@@H]([C@H](O5)CO)O)O)O,2.95,2.5296268,是
561,562,biotree,154.8,CC1C(C(C(C(O1)OC2CCC3(C(C2)CCC45C3CCC6(C4(OC7(C6CC5)CC(=O)OC7)O)C)C)O)OC)OC8C(C(C(C(O8)CO)OC9C(C(C(C(O9)CO)O)O)O)O)O,2.58,2.5138655,是
562,563,biotree,136.2,CCC(CCO[C@H]1[C@@H]([C@H]([C@@H]([C@H](O1)CO[C@@H]2[C@@H]([C@](CO2)(CO)O)O)O)O)O)C(C)(C)O,2.27,2.1811652,是
563,564,biotree,172.2,C[C@H]1[C@@H]([C@H]([C@H]([C@@H](O1)O[C@@H]2[C@H]([C@@H]([C@H](O[C@H]2O[C@H]3CO[C@H]([C@@H]([C@H]3O)O[C@H]4[C@@H]([C@H]([C@@H]([C@H](O4)CO)O)O)O)OC5CC[C@@]6(C7CC[C@@]89C1C[C@@](CC[C@]1(CO8)[C@@H](C[C@]9([C@@]7(CCC6C5(C)C)C)C)O)(C)C=O)C)CO)O)O)O)O)O,2.87,2.7508678,是
564,565,biotree,193.8,C[C@H]1[C@@H]([C@H]([C@H]([C@@H](O1)O[C@@H]2[C@H](O[C@H]([C@@H]([C@H]2O)O)O[C@@H]3[C@H]([C@@H]([C@H](O[C@H]3O[C@H]4CC[C@@]5(C6CC[C@]7([C@H]([C@@H]6CC=C5C4)C[C@H]8[C@@H]7C([C@]9(O8)CC[C@@](O9)(C)CO[C@H]1[C@@H]([C@H]([C@@H]([C@H](O1)CO)O)O)O)C)C)C)CO)O)O)CO)O)O)O,3.23,3.1056566,是
565,566,biotree,128.4,C1CC(C(C(C1O)O)(C(=O)OCC2=C(C=CC(=C2)O)OC3C(C(C(C(O3)COC(=O)C4=CC=CC=C4)O)O)O)O)O,2.14,2.2545233,是
566,567,biotree,145.2,CC(=CCC/C(=C/CC/C(=C/CC1=C(C=C2C(=C1O)CN(C2=O)C(CCC(=O)O)C(=O)O)O)/C)/C)C,2.42,2.4982364,是
567,568,biotree,162.0,COC1=CC(=CC(=C1O[C@H]2[C@@H]([C@H]([C@@H]([C@H](O2)CO)O)O)O)OC)[C@@H]3[C@H]4CO[C@@H]([C@H]4CO3)C5=CC(=C(C(=C5)OC)O[C@H]6[C@@H]([C@H]([C@@H]([C@H](O6)CO)O)O)O)OC,2.7,2.3518229,是
568,569,biotree,144.6,C[C@H]1[C@@H]([C@H]([C@H]([C@@H](O1)O[C@@H]2[C@H]([C@@H]([C@H](O[C@H]2OC3=CC(=C4C(=O)CC(OC4=C3)C5=CC=C(C=C5)O)O)COC(=O)CC(C)(CC(=O)O)O)O)O)O)O)O,2.41,2.9679127,是
569,570,biotree,166.8,CC1(CCC23C4(CCCC(C4CC(C2(C1)O3)O)(C)C(=O)O)C)CCOC5C(C(C(C(O5)CO)O)O)O,2.78,2.6358776,是
570,571,biotree,200.4,CC1C(C(C(C(O1)OC2C(C(C(OC2C3=C4C(=C(C=C3O)OC5C(C(C(C(O5)CO)O)O)O)C(=O)C=C(O4)C6=CC=C(C=C6)O)CO)O)O)O)O)O,3.3400000000000003,3.1593423,是
571,572,biotree,193.2,C[C@H]1[C@@H]([C@H]([C@H]([C@@H](O1)OC[C@@H]2[C@H]([C@@H]([C@H]([C@@H](O2)OC3=C(OC4=CC(=C(C(=C4C3=O)O)OC)O[C@H]5[C@@H]([C@@H]([C@H]([C@@H](O5)C)O)O)O)C6=CC=C(C=C6)O)O[C@H]7[C@@H]([C@@H]([C@H]([C@@H](O7)C)O)O)O)O)O)O)O)O,3.22,3.219477,是
572,573,biotree,166.8,C[C@H]1[C@@H]([C@H]([C@H]([C@@H](O1)OC[C@@H]2[C@H]([C@@H]([C@H]([C@@H](O2)OC3=C(C=C4C=CC(=O)OC4=C3)OC)O[C@H]5[C@@H]([C@@H]([C@H]([C@@H](O5)C)O)O)O)O)O)O)O)O,2.78,2.618652,是
573,574,biotree,141.0,C[C@@]12CCC3[C@@](C1CC=C4[C@]2(CC[C@@]5(C4CC(CC5)(C)C)C(=O)O[C@H]6[C@@H]([C@H]([C@@H]([C@H](O6)CO)O)O)O)C)(C[C@@H]([C@@H]([C@@]3(C)CO)O[C@H]7[C@@H]([C@H]([C@@H](CO7)O)O)O)O)C,2.35,2.2947545,是
574,575,biotree,148.8,C/C=C\1/C[N+]2(C3CC1C(C2CC4=C3NC5=C4C=C(C=C5)O)CO)C,2.48,2.3047223,是
575,576,biotree,147.6,CC1=C(C(=O)OC(C1)C(C)C2CCC3C2(CCC4C3CC=C5C4(C(CC(C5)OC6C(C(C(C(O6)COC7C(C(C(C(O7)CO)O)O)O)O)O)O)O)C)C)C,2.46,2.2179217,是
576,577,biotree,128.4,CC(=CCCC(C)(CCCC(C)(CCCC(C)(CCCC(C)(CCCC(C)(CCCC(C)(C(CC/C(=C/CC/C(=C/CO[C@H]1[C@@H]([C@H]([C@@H]([C@H](O1)CO)O)O)O)/C)/C)O)O)O)O)O)O)O)C,2.14,2.5042167,是
577,578,biotree,152.4,CC12CCC(CC1CCC3C2CCC\4(C3(CC/C4=C\5/CC(=O)OC5)O)C)OC6C(C(C(C(O6)CO)O)O)OC7C(C(C(C(O7)CO)O)O)O,2.54,2.3737068,是
578,579,biotree,162.0,C[C@H]1[C@@H]([C@H]([C@H]([C@@H](O1)OC[C@@H]2[C@H]([C@@H]([C@H]([C@@H](O2)OC3=CC(=CC4=C3C(=O)C(O4)(CC5=CC=C(C=C5)O)O)O)O)O)O)O)O)O,2.7,2.583431,是
579,580,biotree,207.6,CCCCC(C)C(C(CC(C)CCCCCCC(CC(C(C)NC(=O)C)O)O)OC(=O)CC(CC(=O)O)C(=O)O)OC(=O)CC(CC(=O)O)C(=O)O,3.46,3.4718847,是
580,581,biotree,191.4,CC1(C(C(OC1=O)C2=C(C=C(C(=C2)CCC(=O)O)O[C@H]3[C@@H]([C@H]([C@@H]([C@H](O3)COC(=O)CCC4=CC(=C(C=C4O[C@H]5[C@@H]([C@H]([C@@H]([C@H](O5)CO)O)O)O)OC)C6C(C(C(=O)O6)(C)O)O)O)O)O)OC)O)O,3.19,3.376647,是
581,582,biotree,156.6,CC(C(CCCCCCCCCCCCCCCCC(C(C)O)OC1C(C(C(C(O1)CO)O)O)O)O)N,2.61,2.0614166,是
582,583,biotree,174.0,C/C(=C\CCC(C)(C=C)O[C@H]1[C@@H]([C@H]([C@@H]([C@H](O1)CO)O)O)O[C@H]2[C@@H]([C@H]([C@@H]([C@H](O2)CO)O)O)O)/CC/C=C(\C)/CC(/C=C(\C)/C(=O)O)O,2.9,2.9103718,是
583,584,biotree,161.4,C[C@H]1CC[C@H]2[C@@]([C@@H]3[C@@H](CN2C1)[C@@H]4C[C@@]56[C@H]([C@@]4([C@H]([C@@H]3O)O)O)[C@@H](C[C@H]7[C@@]5(CC[C@@H]([C@@]7(O6)O)O)C)O)(C)O,2.69,2.6807165,是
584,585,biotree,153.0,COC1=C(C=CC(=C1C(=O)OCC2=CC=CC=C2O[C@H]3[C@@H]([C@H]([C@@H]([C@H](O3)CO)O)O)O)O)OC4C(C(C(C(O4)CO)O)O)O,2.55,2.546318,是
585,586,biotree,166.8,CC(C)CCC(CCO[C@H]1[C@@H]([C@H]([C@@H]([C@H](O1)CO)O)O)O[C@H]2[C@@H]([C@H]([C@@H]([C@H](O2)CO)O)O)O)O,2.78,2.5824614,是
586,587,biotree,127.2,C1=CC(=C(C(=C1)O)O[C@H]2[C@@H]([C@H]([C@@H]([C@H](O2)CO)O)O)O)COC(=O)C3(C4C=CC(C3=O)C5C4C=CC(=O)C5(C(=O)OCC6=C(C(=CC=C6)O)O[C@H]7[C@@H]([C@H]([C@@H]([C@H](O7)CO)O)O)O)O)O,2.12,2.838345,是
587,588,biotree,192.6,CC(=O)N(CCCCCNC(=O)CC(CC(=O)NCCCCCN(C(=O)C)O)(C(=O)O)O)O,3.21,3.5215497,是
588,589,biotree,139.2,CCCCCCCCCCC(C(CC(=O)O)O)C(=O)O,2.32,2.4115708,是
589,590,biotree,184.8,C[C@@H]1C[C@@H]([C@@]2([C@@H]([C@@]1(C)CC[C@@](C)(C=C)O[C@H]3[C@@H]([C@H]([C@H]([C@H](O3)C)O)O)O[C@H]4[C@@H]([C@@H]([C@H]([C@@H](O4)C)O)O)O)CCC=C2C)C)O[C@H]5[C@@H]([C@@H]([C@H]([C@@H](O5)C)O)O[C@H]6[C@@H]([C@H]([C@@H]([C@H](O6)CO[C@H]7[C@@H]([C@@H]([C@H]([C@@H](O7)C)O)O)O)O)O)O)O,3.08,2.9217963,是
590,591,biotree,153.0,COC1=C(C(=C2C(=C1)OC=C(C2=O)C3=CC(=C(C=C3)OC4C(C(C(C(O4)COC5C(C(C(C(O5)CO)O)O)O)O)O)O)O)OC)O,2.55,2.6663747,是
591,592,biotree,180.6,CC1=CC2=CC3=C(C(CC(C(=O)O3)OC)OC(C(C(C(C(CO)O)O)O)O)O)C(=C2C(=O)O1)O,3.01,2.327032,是
592,593,biotree,146.4,CC(=O)OC(C)(C)/C=C/C(=O)C(C)(C1C(CC2(C1(CC(=O)C3(C2CC=C(C3CC(=O)O)C(C)(C)C(=O)O)C)C)C)O)O,2.44,2.4291763,是
593,594,biotree,213.6,CC1(CC2(C(=CC3=C(C2(C(=O)C1O)O)C(=O)C4=C(C3=O)C(=CC=C4)O)O[C@@H]5[C@@H]([C@H]([C@@H]([C@H](O5)CO)O)O)S)O[C@@H]6[C@@H]([C@H]([C@@H]([C@H](O6)CO)O)O)O)O,3.56,3.0934272,是
594,595,biotree,168.6,C(CCC/C=C\C/C=C\CC(=O)NC(CO)C(=O)O)CCCC(=O)O,2.81,2.749546,是
595,596,biotree,148.2,CC1=CC(=O)CC(C1(/C=C/C(C)OC2C(C(C(C(O2)COC3C(C(C(CO3)O)O)O)O)O)O)O)(C)C,2.47,2.3355834,是
596,597,biotree,157.8,CC1=CC(=O)CC(C1(/C=C/C(C)OC2C(C(C(C(O2)CO)O)O)OC3C(C(C(C(O3)CO)O)O)O)O)(C)C,2.6300000000000003,2.4653206,是
597,598,biotree,196.8,C/C(=C\C(=O)NCCCC1C(=O)NC(C(=O)N1)CCCNC(=O)/C=C(\C)/CCOC2C(C(C(C(O2)CO)O)O)O)/CCO,3.28,2.4623175,是
598,599,biotree,159.0,CC1=C(C(C[C@@H](C1)O[C@H]2[C@@H]([C@H]([C@@H]([C@H](O2)CO[C@H]3[C@@H]([C@H]([C@@H]([C@H](O3)CO)O)O)O)O)O)O)(C)C)CCC(C)O,2.65,2.4463825,是
599,600,biotree,145.2,C[C@]1(CCC2[C@@]([C@@H](CC(=O)[C@]2([C@@]13[C@@H](O3)C(=O)O)C)C(C)(C)O)(C)[C@H](CC(=O)OC)O)[C@H](C4=COC=C4)O[C@H]5[C@@H]([C@H]([C@@H]([C@H](O5)CO)O)O)O,2.42,2.3719988,是
600,601,biotree,149.4,CCC(C)/C=C/C=C/CC(C)CC(C)/C=C/C=C/C(C(CO)C(=O)NC(CCCCN=C(N)N)C(=O)O)O,2.49,2.1413121,是
601,602,biotree,174.0,CC(C)CC(=O)O[C@H]1[C@H]2[C@H](C[C@@H]([C@H]2CO)O)C(=CO1)CO[C@H]3[C@@H]([C@H]([C@@H]([C@H](O3)CO[C@H]4[C@@H]([C@H]([C@@H]([C@H](O4)CO)O)O)O)O)O)O,2.9,2.7779503,是
602,603,biotree,178.2,C[C@H]1[C@@H]([C@H]([C@H]([C@@H](O1)OC[C@@H]2[C@H]([C@@H]([C@H]([C@@H](O2)OC/C=C(\C)/C=C/C3=C(CC(CC3(C)C)O[C@H]4[C@@H]([C@H]([C@@H]([C@H](O4)CO)O)O)O)C)O)O)O)O)O)O,2.97,2.8595338,是
603,604,biotree,225.6,CC(=O)N1CCCC1C(=O)O,3.76,2.4048629,是
604,605,biotree,140.4,CC(=O)CCCCCC(CCCCCC(=O)O)OC1C(C(C(C(O1)COC)O)O)O,2.3400000000000003,2.079523,是
605,606,biotree,144.0,CC(C(=O)CCC(=O)O)NC(=O)C,2.4,2.542027,是
606,607,biotree,165.6,C[C@]12CC[C@H](C(C1CC[C@@]3(C2CC=C4[C@]3(C[C@H]([C@@]5(C4CC(CC5)(C)C)C(=O)O[C@H]6[C@@H]([C@H]([C@@H]([C@H](O6)CO)O)O)O)O)C)C)(C)C)O[C@H]7[C@@H]([C@H]([C@@H]([C@H](O7)CO)O)O)O[C@H]8[C@@H]([C@H]([C@@H]([C@H](O8)CO)O)O)O,2.76,2.6919937,是
607,608,biotree,165.6,CC1C(C(C(C(O1)OC2C(C(COC2OC3C(C(C(OC3O[C@H]4CC[C@]5(C(C4(C)C)CC[C@@]6(C5CC=C7[C@]6(CC[C@@]8(C7CC(CC8O)(C)C)C)C)C)C)C(=O)O)O)O)O)O)O)O)O,2.76,2.6228251,是
608,609,biotree,198.0,CC1(C2CCC3(C(C2(CCC1OC4C(C(C(C(O4)C(=O)O)O)O)OC5C(C(C(C(O5)C(=O)O)O)O)O)C=O)CC=C6C3(CCC7(C6CC(CC7O)(C)CO)C)C)C)C,3.3,3.173905,是
609,610,biotree,142.2,CC(CC(=O)O)(CC(=O)OC[C@@H]1[C@H]([C@@H]([C@H]([C@@H](O1)OC2=C(C=C(C=C2)/C=C/CO)OC)O)O)O)O,2.37,2.5622683,是
610,611,biotree,145.2,CC(=CCCC1(C(C2=COC3=C4CN(C(=O)C4=CC(=C23)O1)C(CCC(=O)O)C(=O)O)CCC(=O)C)C)C,2.42,2.1775398,是
611,612,biotree,184.2,C[C@H]1[C@@H]([C@H]([C@H]([C@@H](O1)OC[C@@H]2[C@H]([C@@H]([C@H]([C@@H](O2)OC/C(=C\CC/C(=C/CC/C(=C/CC[C@@](C)(C=C)O[C@H]3[C@@H]([C@H]([C@@H]([C@H](O3)CO)O)O)O)/CO)/C)/C)O)O)O[C@H]4[C@@H]([C@@H]([C@H]([C@@H](O4)C)O)O)O)O)O)O,3.07,2.9169402,是
612,613,biotree,143.4,CC1C2C(CC(=C)C(C2(CC(=O)O)C(=O)OC)CC/C(=C/C(=O)O)/C)OC1=O,2.39,2.5038202,是
613,614,biotree,161.4,C[C@H]1[C@@H]([C@H]([C@H]([C@@H](O1)O[C@@H]2[C@H]([C@@H]([C@H](O[C@H]2O[C@@]34CC[C@H]5[C@@]6(CCC[C@@]([C@H]6CC[C@]5(C3)CC4=C)(C)C(=O)O[C@H]7[C@@H]([C@H]([C@@H]([C@H](O7)CO)O)O)O)C)CO)O)O)O)O)O,2.69,2.6882029,是
614,615,biotree,141.6,CC1=CC(=O)OC2=C1C=CC(=C2)OC(=O)C,2.36,3.1985142,是
615,616,biotree,147.0,CC(=O)NC(CSC1=CC2=C(C(=O)C3=C(C2=O)C(=CC=C3)O)C4(C1(CC(C(C4=O)O)(C)O)O)O)C(=O)O,2.45,2.6629198,是
616,617,biotree,172.8,CC(C1CCC2(C1(CCC34C2CCC5C3(C4)CCC(C5(C)C(=O)O)OC6C(C(C(C(O6)CO)O)O)OC7C(C(C(C(O7)CO)O)O)O)C)C)C(C/C=C(\C)/CO)O,2.8800000000000003,2.9594333,是
617,618,biotree,147.0,CCO[C@H]1[C@@H]([C@H]([C@@H]([C@H](O1)COC(=O)CC(C)(CC(=O)O)O)O)O)O,2.45,2.7435737,是
618,619,biotree,144.6,CC(C)O[C@H]1[C@@H]([C@H]([C@@H]([C@H](O1)COC(=O)CC(C)(CC(=O)O)O)O)O)O,2.41,2.5924764,是
619,620,biotree,147.6,C(/C=C/CO)C(CO)/C=C/C=C/CO,2.46,1.9374597,是
620,621,biotree,186.6,C(CCCCCCC(C(=O)O)O)CCCCCC(CO[C@H]1[C@@H]([C@H]([C@@H]([C@H](O1)CO)O[C@H]2[C@@H]([C@H]([C@@H]([C@H](O2)CO)O)O)O)O)O)O,3.11,3.2025084,是
621,622,biotree,235.2,C/C=C(\C)/C(=O)OC[C@@H]1[C@H]([C@@H]([C@H]([C@H](O1)O[C@@H]2[C@@H]([C@H]([C@@H]([C@H](O2)CO)O)O)O[C@H]3[C@@H]([C@H]([C@@H]([C@H](O3)CO)O)O)O)O[C@H]4[C@@H]([C@H]([C@@H]([C@H](O4)CO)O)O)O)O)O,3.92,3.8229892,是
622,623,biotree,167.4,CC(C1CCC2(C1(CCC34C2CCC5C3(C4)CCC(C5(C)C)OC6C(C(C(C(O6)CO)O)OC7C(C(C(C(O7)CO)O)O)O)OC8C(C(C(C(O8)CO)O)O)O)C)C)C(C(C=C(C)C)O)O,2.79,2.618549,是
623,624,biotree,198.6,C(CCCC(/C=C/C(=O)O)O)CCCC(=O)O,3.31,3.2196753,是
624,625,biotree,140.4,CC1CCC2C(C(CCC2(C13CC4=C(C=C5CN=C(C5=C4O3)N)O)C)O)(C)C,2.3400000000000003,2.1917353,是
625,626,biotree,136.2,C/C(=C\CO)/CCC1C2(CC(CC(C2C(CC1(C)O)O[C@H]3[C@@H]([C@H]([C@H](CO3)O)O)O)(C)CO)O)C,2.27,2.1751897,是
626,627,biotree,174.0,CC(=O)OC[C@@H]1[C@H]([C@@H]([C@H]([C@@H](O1)OCC(CCCCCCCCCCCC(CC(=O)O)O)O)O)O)O[C@H]2[C@@H]([C@H]([C@@H]([C@H](O2)CO)O)O)O,2.9,2.943395,是
627,628,biotree,186.0,CC(C/C(=C/C(=C/C(=O)O)/C)/C)C(=O)O,3.1,3.1169305,是
628,629,biotree,142.8,C[C@]1(CCC2[C@]3(C=CC(=O)OC(C3CC(=O)[C@]2([C@@]14[C@@H](O4)C(=O)O)C)(C)C)C)[C@H](C5=COC=C5)O[C@H]6[C@@H]([C@H]([C@@H]([C@H](O6)CO)O)O)O,2.3800000000000003,2.1893811,是
629,630,biotree,145.2,CCCCC/C=C\CCCCCCCCCCC(=O)OC[C@@H](COP(=O)(O)OC1[C@@H]([C@H](C([C@H]([C@H]1O)O)O)O)O)O,2.42,2.2702563,是
630,631,biotree,145.2,C[C@]1(CCC2[C@]([C@@]13[C@H](O3)C(=O)O)(C(=O)CC4[C@@]25COC(=O)C[C@@H]5OC4(C)C)C)[C@H](C6=COC=C6)OC7C(C(C(C(O7)CO)O)O)O,2.42,2.2575932,是
631,632,biotree,171.6,C(CCCCCCC(=O)O)CCCCCC(=O)NC(CO)C(=O)O,2.86,2.7519455,是
632,633,biotree,223.2,CC(C/C=C/CC(C)C(CC(=O)O)OC(=O)CC(=O)O)C(CC(=O)O)O,3.72,3.517927,是
633,634,biotree,198.6,C[C@H]1[C@@H]([C@H]([C@H]([C@@H](O1)OC[C@@H]2[C@H]([C@@H]([C@H]([C@@H](O2)OC/C(=C/CC/C(=C/CC/C(=C/CCC(C)(C=C)O[C@H]3[C@@H]([C@H]([C@@H]([C@H](O3)CO)O)O)O[C@H]4[C@@H]([C@H]([C@@H]([C@H](O4)CO)O)O)O)/C)/C)/C)O)O)O[C@H]5[C@@H]([C@@H]([C@H]([C@@H](O5)C)O)O)O)O)O)O,3.31,3.1657357,是
634,635,biotree,183.6,C[C@H]1[C@@H]([C@H]([C@H]([C@@H](O1)O[C@@H]2[C@H]([C@H](CO[C@H]2O[C@H]3CC[C@]4(C([C@]3(C)CO)CC[C@@]5(C4CC=C6[C@]5(CC[C@@]7([C@H]6CC(CC7)(C)C)C(=O)O[C@H]8[C@@H]([C@H]([C@@H]([C@H](O8)CO[C@H]9[C@@H]([C@H]([C@@H]([C@H](O9)CO)O)O)O)O)O)O)C)C)C)O)O)O)O)O,3.06,2.87531,是
635,636,biotree,126.6,CC(=O)N[C@@H]1[C@H]([C@@H]([C@H](O[C@H]1O[C@H]2CC[C@]3(C(C2(C)C)CC[C@@]4(C3CC=C5[C@]4(CC[C@@]6([C@H]5CC(CC6)(C)C)C(=O)O)C)C)C)CO)O[C@H]7[C@@H]([C@H]([C@H]([C@H](O7)CO)O)O)O)O,2.11,2.406435,是
636,637,biotree,127.8,C[C@]1(CC[C@@]2(CC[C@@]3(C(=CCC4[C@]3(CCC5[C@@]4(C[C@H]([C@@H]([C@@]5(C)CO)O)O)C)C)[C@@H]2C1)C)C(=O)O[C@H]6[C@@H]([C@H]([C@@H]([C@H](O6)CO)O)O)O)CO,2.13,2.1490948,是
637,638,biotree,174.6,C=C(CCO)C(=O)OCC1C(C(C(CO1)OC(=O)C(=C)CCO[C@H]2[C@@H]([C@H]([C@@H]([C@H](O2)COC(=O)C(=C)CCO[C@H]3[C@@H]([C@H]([C@@H]([C@H](O3)CO)O)O)O)O)O)O)O)O,2.91,2.5562007,是
638,639,biotree,213.6,CC1C(C(C(C(O1)OC2C(OC(C(C2O)O)OCC3C(C(C(C(O3)OC(=O)C45CCC(CC4C6=CCC7C8(CCC(C(C8CCC7(C6(CC5)C)C)(C)C)OC9C(C(C(C(O9)C(=O)O)O)OC1C(C(C(C(O1)CO)O)O)O)O)C)(C)C)O)O)O)CO)O)O)O,3.56,3.4638276,是
639,640,biotree,196.2,C[C@H]1[C@@H]([C@H]([C@H]([C@@H](O1)OC2C(C(COC2OC(=O)[C@@]34CC[C@@]5(C(=CCC6[C@]5(C[C@H](C7[C@@]6(C[C@@H]([C@@H]([C@@]7(C)CO)OC8C(C(C(C(O8)CO)O)O)O)O)C)O)C)C3CC(CC4)(C)C)C)O)O)O)O)OC9C(C(C(CO9)O)OC1C(C(C(C(O1)C)O)O)O)O,3.27,3.338704,是
640,641,biotree,188.4,CC(C1CCC2(C1(CCC34C2CCC5C3(C4)CCC(C5(C)C(=O)O)OC6C(C(C(C(O6)C(=O)O)O)O)OC7C(C(C(C(O7)CO)O)O)O)C)C)C(C/C=C(\C)/CO)O,3.14,3.3734093,是
641,642,biotree,170.4,C[C@@]12CCC3[C@@](C1CC=C4[C@]2(CC[C@@]5(C4CC(CC5)(C)C)C(=O)O[C@H]6[C@@H]([C@H]([C@@H]([C@H](O6)CO)O)O)O)C)(C[C@@H]([C@@H]([C@@]3(C)CO)O[C@H]7[C@@H]([C@H]([C@@H]([C@H](O7)C(=O)O)O)O)O)O)C,2.8400000000000003,2.8681452,是
642,643,biotree,175.8,C[C@@H]1CC[C@@]2(CC[C@@]3(C(=CCC4[C@]3(CCC5[C@@]4(CC[C@@H]([C@]5(C)C(=O)O)O)C)C)[C@@H]2[C@]1(C)O)C)C(=O)O[C@H]6[C@@H]([C@H]([C@@H]([C@H](O6)CO[C@H]7[C@@H]([C@H]([C@@H]([C@H](O7)CO)O)O)O)O)O)O,2.93,2.9882278,是
643,644,biotree,168.6,C[C@H]1[C@@H]([C@H]([C@H]([C@@H](O1)OC2C(C(C(OC2O[C@@H]3[C@H]([C@@H]([C@H](O[C@H]3O[C@H]4CC[C@]5(C(C4(C)C)CC[C@@]6(C5CC=C7[C@]6(CC[C@@]8(C7CC(CC8O)(C)C)C)C)C)C)C(=O)O)O)O)CO)O)O)O)O)O,2.81,2.7446308,是
644,645,biotree,172.8,CC(C)(C1CC2=C(O1)C=CC(=C2O[C@H]3[C@@H]([C@H]([C@@H]([C@H](O3)CO)O)O)O)CCC(=O)O)O,2.8800000000000003,2.6911058,是
645,646,biotree,219.0,C[C@@]12CC[C@@]3(C(=CC(=O)C4[C@]3(CCC5[C@@]4(CC[C@@H](C5(C)C)O[C@H]6[C@@H]([C@H]([C@@H]([C@H](O6)C(=O)O)O)O)O[C@H]7[C@@H]([C@H]([C@@H]([C@H](O7)C(=O)O)O)O)O)C)C)[C@@H]1CC(CC2)(C)C(=O)O)C,3.65,3.4281044,是
646,647,biotree,195.6,C[C@H]1[C@H]2[C@H](CC3[C@@]2([C@@H](CC4C3CC=C5[C@@]4(CC[C@@H](C5)O[C@H]6[C@@H]([C@H]([C@@H]([C@H](O6)CO)O[C@H]7[C@@H]([C@@H]([C@H]([C@@H](O7)C)O)O)O)O)O[C@H]8[C@@H]([C@@H]([C@H]([C@@H](O8)C)O)O)O)C)O)C)O[C@]19CC[C@H](CN9)CO,3.26,2.8954668,是
647,648,biotree,201.0,CC1(CCC2(CCC3(C(=CCC4C3(CCC5C4(CCC(C5(C)C(=O)OC6C(C(C(C(O6)CO)O)O)O)O)C)C)C2C1)C)C(=O)OC7C(C(C(C(O7)COC8C(C(C(C(O8)CO)O)O)O)O)O)OC9C(C(C(C(O9)CO)O)O)O)C,3.35,3.180156,是
648,649,biotree,180.6,C[C@H]1[C@@H]([C@H]([C@H]([C@@H](O1)OC[C@@H]2[C@H]([C@@H]([C@H]([C@@H](O2)OC3=C(C=C(C=C3)C4CC(=O)C5=C(C=C(C=C5O4)O[C@H]6[C@@H]([C@H]([C@@H]([C@H](O6)CO)O)O)O)O)OC)O)O)O)O)O)O,3.01,3.0486789,是
649,650,biotree,124.2,C[C@H]1[C@@H]([C@H]([C@H]([C@@H](O1)O[C@@H]2[C@H]([C@@H]([C@H](O[C@H]2OC3=CC=CC=C3C(=O)OC)CO)O)O)O)O)O,2.07,1.9652944,是
650,651,biotree,143.4,C[C@]12CC[C@@H](C(C1CC[C@@]3(C2CC=C4[C@]3(CC[C@@]5(C4CC(CC5)(C)C)C(=O)O[C@H]6[C@@H]([C@H]([C@@H]([C@H](O6)CO)O)O)O)C)C)(C)C)O[C@H]7[C@@H]([C@H]([C@@H]([C@H](O7)C(=O)O)O)O)O,2.39,2.4470534,是
651,652,biotree,219.0,C[C@@H]1[C@H]([C@@H]([C@@H]([C@H](O1)O[C@H]2[C@@H](CO[C@H]([C@@H]2O)O[C@H]3[C@@H](O[C@H]([C@@H]([C@@H]3O)O)O[C@@H]4[C@H]([C@H](CO[C@H]4OC(=O)[C@@]56CC[C@@]7(C(=CCC8[C@]7(C[C@H](C9[C@@]8(C[C@H]([C@H]([C@@]9(C)CO)O[C@H]1[C@@H]([C@H]([C@@H]([C@H](O1)CO)O)O)O)O)C)O)C)[C@@H]5CC(CC6)(C)C)C)O)O)C)O[C@H]1[C@@H]([C@H]([C@@H](CO1)O)O)O)O)O)O,3.65,3.5572438,是
652,653,biotree,147.6,C1=CC=C(C=C1)C(=O)OCC(CO[C@H]2[C@@H]([C@H]([C@@H]([C@H](O2)C(=O)O)O)O)O)O,2.46,2.5000448,是
653,654,biotree,159.0,C[C@H]1[C@@H]([C@H]([C@H]([C@@H](O1)O[C@@H]2[C@H](O[C@H]([C@@H]([C@H]2O)O)OC[C@@H]3[C@H]([C@@H]([C@H]([C@@H](O3)OC(=O)[C@@]45CC[C@@]6(C(=CCC7[C@]6(CCC8[C@@]7(CC[C@@H]([C@@]8(C)CO)O)C)C)[C@@H]4CC(CC5)(C)C)C)O)O)O)CO)O)O)O,2.65,2.567505,是
654,655,biotree,150.0,CC(C(CCCCCCCCCCCCCCCCC(C(C)OC1C(C(C(C(O1)CO)O)O)O)O)OC2C(C(C(C(O2)CO)O)O)O)O,2.5,2.3378632,是
655,656,biotree,175.8,C[C@H](CC[C@H](C(C)(C)O)O[C@H]1[C@@H]([C@H]([C@@H]([C@H](O1)CO[C@H]2[C@@H]([C@H]([C@@H]([C@H](O2)CO)O)O)O)O)O)O)[C@H]3CC[C@@]4([C@@]3(C[C@H]([C@@]5([C@H]4CC=C6C5CC[C@@H](C6(C)C)O[C@H]7[C@@H]([C@H]([C@@H]([C@H](O7)CO)O)O)O)C)O)C)C,2.93,2.8073568,是
656,657,biotree,171.0,CC(=O)OC[C@@H]1[C@H]([C@@H]([C@H]([C@@H](O1)OCCC(CCCCCCCCCCCC(C(=O)O)O)O)O)O)O[C@H]2[C@@H]([C@H]([C@@H]([C@H](O2)CO)O)O)O,2.85,2.910774,是
657,658,biotree,183.0,C[C@H]1[C@@H]([C@H]([C@H]([C@@H](O1)OC2=C(OC3=C(C2=O)C(=CC(=C3CC=C(C)C)O[C@H]4[C@@H]([C@H]([C@@H]([C@H](O4)CO)O)O)O)O)C5=CC=C(C=C5)OC)OC6C(CC(O6)C)(C(=O)O)OO)O)O,3.05,2.805287,是
658,659,biotree,169.8,C[C@@H]1CC[C@@]2(CC[C@@]3(C(=CCC4[C@]3(CCC5[C@@]4(CC[C@@H](C5(C)C)O[C@H]6[C@@H]([C@H]([C@H](CO6)O)O[C@H]7[C@@H]([C@H]([C@@H]([C@H](O7)CO)O)O)O)O[C@H]8[C@@H]([C@@H]([C@H]([C@@H](O8)C)O)O)O)C)C)[C@@H]2[C@H]1C)C)C(=O)O[C@H]9[C@@H]([C@H]([C@@H]([C@H](O9)CO)O)O)O,2.83,2.6711316,是
659,660,biotree,175.8,C1=CC(=CC=C1/C=C/C(=O)OC[C@@H]2[C@H]([C@@H]([C@H]([C@@H](O2)OC(=O)C3=CC(=C(C(=C3)O)O)O)OC(=O)C4=CC(=C(C(=C4)O)O)O)O)O)O,2.93,3.1201043,是
660,661,biotree,153.0,C[C@@H]1CC[C@@]2(CC[C@@]3(C(=CCC4[C@]3(CCC5[C@@]4(CC[C@@H](C5(C)C)O[C@H]6[C@@H]([C@H]([C@H](CO6)O)O[C@H]7[C@@H]([C@H]([C@@H]([C@H](O7)CO)O)O)O)O)C)C)[C@@H]2[C@H]1C)C)C(=O)O[C@H]8[C@@H]([C@H]([C@@H]([C@H](O8)CO)O)O)O,2.55,2.3936996,是
661,662,biotree,168.6,C[C@]12CC[C@@H]([C@@](C1CC[C@@]3(C2CC=C4[C@]3(CC[C@@]5([C@H]4CC(CC5)(C)C)C(=O)O[C@H]6[C@@H]([C@H]([C@@H]([C@H](O6)CO[C@H]7[C@@H]([C@H]([C@@H]([C@H](O7)CO)O)O)O)O)O)O)C)C)(C)CO)O[C@H]8[C@@H]([C@H]([C@H](CO8)O)O)O,2.81,2.6025276,是
662,663,biotree,207.0,COC1=C(C=CC(=C1)/C=C/C(=O)OC2C(C(C(OC2C3=C(C4=C(C=C3O)OC(=CC4=O)C5=CC(=C(C=C5)O)OC)O)CO)O)OC6C(C(C(C(O6)CO)O)O)OC7C(C(C(C(O7)CO)O)O)O)O,3.45,3.057344,是
663,664,biotree,198.0,C/C=C(\C)/C(=O)OC[C@@H]1[C@H]([C@@H]([C@H]([C@@H](O1)O[C@@H]2[C@H]([C@@H]([C@H](O[C@@H]2O[C@@H]3[C@@H]([C@H]([C@@H]([C@H](O3)CO)O)O)O[C@H]4[C@@H]([C@H]([C@@H]([C@H](O4)CO)O)O)O)COC(=O)/C(=C/C)/C)O)O)O)O)O,3.3,3.1566439,是
664,665,biotree,176.4,C1C(C(C(C(O1)C2=C(C(=C3C(=C2O)C(=O)C=C(O3)C4=CC=C(C=C4)O)C5C(C(C(CO5)O)O)O)O)O)O)O,2.94,2.7350442,是
665,666,biotree,159.0,C1=CC(=C(C(=C1)O)O[C@H]2[C@@H]([C@H]([C@@H]([C@H](O2)CO)O)O)O)CCC(=O)O,2.65,3.1111064,是
666,667,biotree,121.8,COC1=C(C=CC(=C1)O[C@H]2[C@@H]([C@H]([C@@H]([C@H](O2)CO)O)O)O)CC(CO)O,2.03,2.0164227,是
667,668,biotree,192.6,CC1C(C(C(C(O1)O[C@@H]2[C@H]([C@@H]([C@H](O[C@H]2OC(=O)[C@@]34CC[C@@]5(C(=CCC6[C@]5(CCC7[C@@]6(CC[C@@H](C7(C)C)O[C@H]8[C@@H]([C@H]([C@@H]([C@H](O8)CO[C@H]9[C@@H]([C@H]([C@H](CO9)O)O)O[C@H]1[C@@H]([C@H]([C@@H](CO1)O)O)O)O)O)O)C)C)C3CC(CC4)(C)C)C)CO)O)OC(=O)/C(=C/CCC(C)(C=C)O)/C)O)O)O[C@H]1[C@@H]([C@H]([C@@H](CO1)O)O[C@H]1[C@@H]([C@H]([C@@H](CO1)O)O)O)O,3.21,3.1020067,是
668,669,biotree,151.8,CCC(C)C(=O)O[C@@H]1[C@H]([C@@H]([C@H](O[C@@H]1O[C@@H]2[C@@H]([C@H]([C@@H]([C@H](O2)CO)O)O)O)CO)O)O,2.53,2.3713138,是
669,670,biotree,193.8,C[C@H]1[C@@H]([C@H]([C@H]([C@@H](O1)OC2C(OC(C(C2O)O)OCC3C(C(C(C(O3)OC(=O)[C@@]45CC[C@@]6(C(=CCC7[C@]6(CCC8[C@@]7(CC[C@H]([C@]8(C)C(=O)O)O)C)C)C4CC(CC5)(C)C)C)O)O)O)CO)O)O)O,3.23,3.000184,是
670,671,biotree,166.8,C[C@H]1[C@H]2[C@H](CC3[C@@]2(CCC4[C@H]3CC=C5[C@@]4(CC[C@@H](C5)O[C@H]6[C@@H]([C@H]([C@@H]([C@H](O6)CO)O[C@H]7[C@@H]([C@@H]([C@H]([C@@H](O7)C)O)O)O)O)O[C@H]8[C@@H]([C@H]([C@@H]([C@H](O8)CO)O)O)O)C)C)O[C@]19CC[C@@](O9)(C)CO,2.78,2.6009138,是
671,672,biotree,126.0,C[C@H]1[C@@H]([C@H]([C@H]([C@@H](O1)OC[C@@H]2[C@H]([C@@H]([C@H]([C@@H](O2)OCC/C(=C/CCC(C)(C)O)/C)O)O)O)O)O)O,2.1,2.185286,是
672,673,biotree,123.0,COC1=C(OC2=CC3=C(C(=C2C1=O)O)OCO3)C4=CC(=C(C=C4)O[C@H]5[C@@H]([C@H]([C@@H]([C@H](O5)C(=O)O)O)O)O)O,2.05,2.6747425,是
673,674,biotree,189.6,C/C=C(\C)/C(=O)OC[C@@H]1[C@H]([C@@H]([C@H]([C@H](O1)OC2[C@@H]([C@H]([C@@H]([C@H](O2)COC(=O)/C(=C/C)/C)O)O)O[C@H]3[C@@H]([C@H]([C@@H]([C@H](O3)CO)O)O)O)O[C@H]4[C@@H]([C@H]([C@@H]([C@H](O4)CO)O)O)O)O)O,3.16,3.1566253,是
674,675,biotree,195.6,CC1C(C(C(C(O1)OC2C(C(OC(C2O)OC3CCC4(C(C3(C)C)CCC5(C4CC=C6C5(CCC7(C6CC(CC7)(C)C)C(=O)OC8C(C(C(C(O8)CO)O)O)O)C)C)C)C(=O)O)O)OC9C(C(C(C(O9)CO)O)O)O)O)O,3.26,3.1384661,是
675,676,biotree,129.6,CC(=C)C1CCC(=CC1)C(=O)O[C@H]2[C@@H]([C@H]([C@@H]([C@H](O2)CO)O)O)O,2.16,1.8824031,是
676,677,biotree,164.4,COC1=CC(=C(C=C1)O[C@H]2[C@@H]([C@H]([C@@H]([C@H](O2)CO)O)O)O)CC(=O)O,2.74,2.826283,是
677,678,biotree,148.8,C/C=C\1/C(C(=COC1O[C@H]2[C@@H]([C@H]([C@@H]([C@H](O2)CO)O)O)O)C(=O)OC)CC(=O)OC[C@@H]3[C@@H]([C@H](C[C@H]3C(CO)CO)OC(=O)CC\4C(=COC(/C4=C\C)O[C@H]5[C@@H]([C@H]([C@@H]([C@H](O5)CO)O)O)O)C(=O)OC)C,2.48,2.3041658,是
678,679,biotree,174.0,C1=CC(=C(C=C1O[C@H]2[C@@H]([C@H]([C@@H]([C@H](O2)CO)O)O)O)O)/C=C\C3=CC(=CC(=C3)O[C@H]4[C@@H]([C@H]([C@@H]([C@H](O4)CO)O)O)O)O,2.9,2.8154402,是
679,680,biotree,186.6,COC(=O)C(CC(=O)O)(C(C(=O)O)OC(=O)/C=C/C1=CC=C(C=C1)O)O,3.11,2.8439627,是
680,681,biotree,149.4,CC1C(C(C(C(O1)OC2C(OC(CC2OC)OC3CCC4(C5CCC6(C(CCC6(C5CC=C4C3)O)C(C)OC7C(C(C(C(O7)COC8C(C(C(C(O8)CO)O)O)O)O)O)O)C)C)C)O)OC)O,2.49,2.6516135,是
681,682,biotree,191.4,C[C@H]1[C@@H]([C@H]([C@H]([C@@H](O1)O[C@H]2[C@@H]([C@H]([C@@H](O[C@@H]2C(=O)O)O[C@H]3CC[C@]4(C(C3(C)C)CC[C@@]5(C4CC=C6[C@]5(CC[C@@]7([C@H]6CC(CC7)(C)C)C(=O)O[C@H]8[C@@H]([C@H]([C@@H]([C@H](O8)CO)O)O)O)C)C)C)O[C@H]9[C@@H]([C@H]([C@H]([C@H](O9)CO)O)O)O)O)O)O)O,3.19,3.138726,是
682,683,biotree,129.6,CC1C(C(C(C(O1)OC2CCC3(C(C2(C)C)CCC4(C3CC=C5C4(CCC6(C5CC(CC6)(C)C)C(=O)OC7C(C(C(C(O7)CO)O)O)O)C(=O)O)C)C)O)O)O,2.16,2.4571934,是
683,684,biotree,180.6,C1=C[C@@]([C@@H]2[C@H]1C(=CO[C@H]2O[C@H]3[C@@H]([C@H]([C@@H]([C@H](O3)CO)O)O)O)C(=O)O)(COC(=O)/C=C/C4=CC=C(C=C4)O)O,3.01,2.8558393,是
684,685,biotree,139.8,C[C@H]1[C@@H]([C@H]([C@H]([C@@H](O1)O[C@@H]2[C@H]([C@@H]([C@H](O[C@H]2OC3=CC(=C4C(=C3)OC(=C(C4=O)O)C5=CC=C(C=C5)O)O)CO)O)O)O)O)O,2.33,2.6261442,是
685,686,biotree,217.8,C1[C@H]([C@@H]([C@H]([C@@H](O1)O[C@@H]2[C@H]([C@@H]([C@H](O[C@H]2O[C@H]3[C@@H]([C@H](O[C@H]([C@@H]3O)OC4=C(OC5=CC(=CC(=C5C4=O)O)O)C6=CC(=C(C=C6)O)O)CO)O)CO)O)O)O)O)O,3.63,3.438352,是
686,687,biotree,154.2,C[C@H]1[C@@H]([C@H]([C@@H]([C@@H](O1)O[C@H]2CC[C@]3([C@@H](C2)CCC4C3CC[C@]5([C@@]4(CC[C@H]5C6=CC(=O)OC6)O)C)C)O)OC)O[C@H]7[C@@H]([C@H]([C@@H]([C@H](O7)CO[C@H]8[C@@H]([C@H]([C@@H]([C@H](O8)CO)O)O)O)O)O)O,2.57,2.5118816,是
687,688,biotree,179.4,CC1CCC2(C(C3(C(O2)CC4C3(C(CC5C4CC=C6C5(CCC(C6)OC7C(C(C(C(O7)CO)OC8C(C(C(C(O8)C)O)O)OC9C(C(C(C(O9)CO)O)O)O)OC2C(C(C(C(O2)C)O)O)O)O)C)O)C)O)C)OC1,2.99,3.0454643,是
688,689,biotree,169.8,CC12CCC(C1CCC3C2(CCC4C3(CCC(C4(C)CO)O[C@H]5[C@@H]([C@H]([C@@H]([C@H](O5)CO[C@H]6[C@@H]([C@H]([C@@H]([C@H](O6)CO)O)O)O)O)O)O)C)C)C(C)(CCC(C(C)(C)O)O)O,2.83,2.5330448,是
689,690,biotree,123.0,COC1=CC=C(C=C1)C2=CC(=O)C3=C(O2)C(=C(C=C3O)OC)O[C@H]4[C@@H]([C@H]([C@@H]([C@H](O4)CO)O)O)O[C@H]5[C@@H]([C@H]([C@@H]([C@H](O5)CO)O)O)O,2.05,2.3658962,是
690,691,biotree,150.0,COC(=O)C[C@H]([C@@H]1[C@H](OC(=O)C2=CC(=C(C(=C12)O)O)O)C(=O)OC)C(=O)O,2.5,2.370915,是
691,692,biotree,198.6,CC1C(CC2C1C(OC=C2C(=O)O)O[C@H]3[C@@H]([C@H]([C@@H]([C@H](O3)CO)O)O)O)OC(=O)CC4C(C(OC=C4C(=O)OC)O[C@H]5[C@@H]([C@H]([C@@H]([C@H](O5)CO)O)O)O)C=C,3.31,3.0094724,是
692,693,biotree,137.4,C1=CC=C(C=C1)/C=C/C(=O)OC[C@@H]2[C@H]([C@@H]([C@](O2)(CO)O[C@@H]3[C@@H]([C@H]([C@@H]([C@H](O3)CO)O)O)O)O)O,2.29,2.1498978,是
693,694,biotree,155.4,CC1CCC2(CCC3(C(=CCC4C3(CCC5C4(CCC(C5(C)C)OC6C(C(C(CO6)O)O)OC7C(C(C(C(O7)CO)O)O)O)C)C)C2C1(C)O)C)C(=O)OC8C(C(C(C(O8)CO)O)O)O,2.5900000000000003,2.6000483,是
694,695,biotree,138.6,C[C@H]1[C@@H]([C@H]([C@H]([C@@H](O1)OC2=C(OC3=C(C2=O)C(=CC(=C3CC=C(C)C)O[C@H]4[C@@H]([C@H]([C@@H]([C@H](O4)CO)O)O)O)O)C5=CC=C(C=C5)OC)O)O[C@H]6[C@@H]([C@H]([C@@H]([C@H](O6)CO)O)O)O)OC(=O)C,2.31,2.3846097,是
695,696,biotree,158.4,CC1=CC(=O)C2C(C(CCC2(C1CO)C)O)(C)C,2.64,2.684529,是
696,697,biotree,199.8,CCCCCC(CC(CC(=O)O)OC1C(C(C(C(O1)CO)O)O)O)OC(=O)CC(CC(CCCC(C)O)O)OC2C(C(C(C(O2)CO)O)O)O,3.33,3.2544663,是
697,698,biotree,220.8,CC(C/C=C/CC(C)C(CC(=O)O)O[C@H]1[C@@H]([C@H]([C@@H]([C@H](O1)CO)O)O)O)C(CC(=O)O)O,3.68,3.5096328,是
698,699,biotree,174.6,COC1=CC(=CC(=C1O)OC)C(=O)OCC(CO[C@H]2[C@@H]([C@H]([C@@H]([C@H](O2)C(=O)O)O)O)O)O,2.91,2.9177136,是
699,700,biotree,169.8,CC1(NC2=CC=CC=C2C(=O)N1)CCC/C=C\C/C=C\CCCC(=O)NC(CCC(=O)O)C(=O)O,2.83,2.5446358,是
700,701,biotree,153.6,C[C@H]1[C@@H]([C@H]([C@H]([C@@H](O1)O[C@@H]2[C@H](O[C@H]([C@@H]([C@H]2O)O)OC[C@@H]3[C@H]([C@@H]([C@H]([C@@H](O3)OC(=O)[C@]45CCC(=C)C[C@H]4C6=CCC7[C@]8(CC[C@@H](C(C8CC[C@]7([C@@]6(CC5)C)C)(C)C)O[C@H]9[C@@H]([C@H]([C@H](CO9)O)O)O)C)O)O)O)COC(=O)C)O)O)O,2.56,2.5219004,是
701,702,biotree,148.2,CC1(CCC2(CCC3(C(=CCC4C3(CCC5C4(CCC(C5(C)CO)O[C@H]6[C@@H]([C@H]([C@H](CO6)O)O)O)C)C)C2C1)C)C(=O)O[C@H]7[C@@H]([C@H]([C@@H]([C@H](O7)CO)O)O)O)CO,2.47,2.3151708,是
702,703,biotree,192.6,CCCCCC(CC(CC(=O)O)OC1C(C(C(C(O1)CO)O)O)O)OC(=O)CC(CC(CC(CCC)O)O)OC2C(C(C(C(O2)CO)O)O)O,3.21,3.266597,是
703,704,biotree,151.2,C[C@H]1[C@@H]([C@H]([C@H]([C@@H](O1)OC2=CC=C(C=C2)C3C(C(C3C(=O)OC[C@@H]4[C@H]([C@@H]([C@H]([C@@H](O4)OC5=C(OC=CC5=O)C)O)O)O)C6=CC=C(C=C6)O[C@H]7[C@@H]([C@@H]([C@H]([C@@H](O7)C)O)O)O)C(=O)OC)O)O)O,2.52,2.3206499,是
704,705,biotree,144.0,C/C(=C\CC1=C(C(=CC(=C1)O)CC(=O)O)O[C@H]2[C@@H]([C@H]([C@@H]([C@H](O2)CO)O)O)O)/CC/C=C(\C)/CO,2.4,2.6900911,是
705,706,biotree,153.0,CC(=CCCC(C)(C=C)C1=C(C=C(C(=C1)C2COC3=CC(=CC(=C3C2=O)O)O)O)O)C,2.55,3.3552952,是
706,707,biotree,156.0,CC(=O)N[C@H]1[C@H]([C@@H]([C@H](O[C@H]1OC(C)(C)C2CCC(O2)(C)C(CCC(=C)C3CCC4C3(CCC5C4(CCC(O5)C(C)(C)O[C@H]6[C@H]([C@H]([C@@H]([C@H](O6)CO)O)O)O)C)C)O)CO)O)O,2.6,2.2159379,是
707,708,biotree,196.8,C[C@H]1[C@@H]([C@H]([C@H]([C@@H](O1)OC[C@@H]2[C@H]([C@@H]([C@H]([C@@H](O2)OC3=C(C(=C(C=C3)O)C)C/C=C(\C)/C(=O)O)O)O)O)O)O)O,3.28,3.3195372,是
708,709,biotree,127.2,CC1(CCC2=C(O1)C(=O)C3=C(C=CC=C3O)C(=O)O2)C,2.12,3.2653265,是
709,710,biotree,148.8,CC(=O)NC1C(C(C(OC1OC(C)(C)C2CCC3(C=C(CCC3O2)C4CCC5C4(CC(C6C5(CCC(O6)C(C)(C)OC7C(C(C(C(O7)CO)O)O)NC(=O)C)C)O)C)C)CO)O)O,2.48,2.2267609,是
710,711,biotree,180.6,C[C@@H]1CC[C@@]2(CC[C@@]3(C(=CCC4[C@]3(CCC5[C@@]4(CC[C@@H]([C@@]5(C)COS(=O)(=O)O)O[C@H]6[C@@H]([C@H]([C@@H]([C@H](O6)C(=O)O)O)O)O)C)C)[C@@H]2[C@H]1C)C)C(=O)O[C@H]7[C@@H]([C@H]([C@@H]([C@H](O7)CO)O)O)O,3.01,2.6813374,是
711,712,biotree,145.2,C[C@@]12CCC3[C@]([C@@]14[C@H](O4)C(=O)O[C@H]2C5=COC=C5)(C(=O)C[C@H]([C@@]36COC(=O)C[C@@H]6O[C@H]7[C@@H]([C@H]([C@@H]([C@H](O7)CO)O)O)O)C(C)(C)O)C,2.42,2.1407394,是
712,713,biotree,203.4,C1[C@@H]([C@@H]([C@H]([C@@H](O1)O[C@@H]2[C@H]([C@@H]([C@H](O[C@H]2C3=C(C=C4C(=C3O)C(=O)C=C(O4)C5=CC=C(C=C5)O)O[C@H]6[C@@H]([C@H]([C@@H]([C@H](O6)CO)O)O)O)CO)O)O)O)O)O,3.39,3.2544847,是
713,714,biotree,228.0,C[C@@H]1[C@H]([C@@H]([C@@H]([C@H](O1)O[C@@H]2[C@H](O[C@H]([C@@H]([C@H]2O)O)OC[C@@H]3[C@H]([C@@H]([C@H]([C@@H](O3)OC(=O)[C@]45CC[C@@](C[C@H]4C6=CCC7[C@]8(CC[C@@H](C(C8CC[C@]7([C@@]6(CC5)C)C)(C)C)O[C@H]9[C@@H]([C@H]([C@H](CO9)O)O)O[C@H]1[C@@H]([C@@H]([C@H]([C@@H](O1)C)O)O)O)C)(C)C(=O)O)O)O)O)CO)O)O)O,3.8,3.4770188,是
714,715,biotree,171.0,C/C=C(/C)\C(=O)O[C@H]1[C@@H]([C@H](O[C@H]([C@@H]1O)OC2C[C@]3(C([C@H]([C@@H]2C)C)C4=CCC5[C@]6(CC[C@@H]([C@@](C6CC[C@]5([C@@]4(CC3=O)C)C)(C)CO)O[C@H]7[C@@H]([C@H]([C@@H]([C@H](O7)C(=O)O)O)O)OC8C(C(C(C(O8)CO)O)O)O)C)CO)CO)O,2.85,2.8910217,是
715,716,biotree,131.4,CC1C=CC2CCCCC2C1C3=CC(=C(C(=O)O3)C=O)NC(CCCCC(=O)N)C(=O)O,2.19,2.272612,是
716,717,biotree,191.4,COC1=C2C(=CC(=C1O[C@H]3[C@@H]([C@H]([C@@H]([C@H](O3)CO)O)O)O[C@H]4[C@@H]([C@H]([C@@H]([C@H](O4)CO)O)O)O)CCC(=O)O)C=CO2,3.19,3.3532639,是
717,718,biotree,147.6,CC1(CCCC2(C1C(C=C(C2(C(=O)O)O)CO)OC(=O)CCC(=O)O)C)C,2.46,2.931655,是
718,719,biotree,178.8,C[C@H]1[C@@H]([C@H]([C@H]([C@@H](O1)O[C@H]2[C@@H]([C@H](O[C@H]([C@@H]2O)O[C@@H]3[C@@H](C[C@]4(C([C@]3(C)C=O)CC[C@@]5(C4CC=C6[C@]5(CC[C@@]7([C@H]6CC(=C)CC7)C(=O)O[C@H]8[C@@H]([C@H]([C@@H]([C@H](O8)CO)O)O)O)C)C)C)O)C(=O)O)O)O)O)O,2.98,3.040523,是
719,720,biotree,155.4,COC1=CC(=CC(=C1O[C@H]2[C@@H]([C@H]([C@@H]([C@H](O2)CO)O)O)O)/C=C/C(=O)O)/C=C/C3=CC=C(C=C3)O,2.5900000000000003,2.5406346,是
720,721,biotree,142.2,CC1=C(C(=O)OC(=C1)C(=O)O)C2=C(C(=CC(=C2)O)OC)C(=O)O,2.37,2.8018262,是
721,722,biotree,153.6,C[C@H]1[C@@H]([C@H]([C@H]([C@@H](O1)OC[C@@H]2[C@H]([C@@H]([C@H]([C@@H](O2)OC3=CC(=C4C(=O)CC(OC4=C3)C5=CC=C(C=C5)O)O)O[C@H]6[C@@H]([C@@H]([C@H]([C@@H](O6)C)O)O)O)O)O)O)O)O,2.56,2.7975934,是
722,723,biotree,183.0,C[C@H]1[C@@H]([C@H]([C@H]([C@@H](O1)O[C@@H]2[C@H]([C@H]([C@H](O[C@H]2O[C@@H]3[C@H]([C@@H]([C@H](O[C@H]3O[C@H]4CC[C@]5(C([C@@]4(C)CO)CC[C@@]6(C5CC=C7[C@@]6(CC[C@@]8(C7C[C@](C[C@H]8O)(C)CO)C)C)C)C)C(=O)O)O)O)CO)O)O)O)O)O,3.05,3.1646876,是
723,724,biotree,183.6,C[C@H]1[C@@H]([C@H]([C@H]([C@@H](O1)O[C@H]2[C@@H]([C@H](O[C@H]([C@@H]2O)O[C@@H]3[C@@H](C[C@]4(C([C@]3(C)CO)CC[C@@]5(C4CC=C6[C@]5(CC[C@@]7([C@H]6CC(CC7)(C)C)C(=O)O[C@H]8[C@@H]([C@H]([C@@H]([C@H](O8)CO)O)O)O)C)C)C)O)C(=O)O)O)O)O)O,3.06,3.1193821,是
724,725,biotree,142.8,CCCCC1(C2=C(C=CC=C2O[C@H]3[C@@H]([C@H]([C@@H]([C@H](O3)CO)O)O)O)C(=O)O1)O,2.3800000000000003,1.8313897,是
725,726,biotree,171.6,C[C@H]1[C@@H]([C@H]([C@H]([C@@H](O1)O[C@@H]2[C@H]([C@@H]([C@H](O[C@H]2OC3=CC(=CC4=C3C(=O)C=C(O4)C5=CC=C(C=C5)O)O)CO)O)O)O)O)O,2.86,2.3430016,是
726,727,biotree,147.6,C[C@@H]1CC[C@@]2(CC[C@@]3(C(=CCC4[C@]3(CCC5[C@@]4(CC[C@@H]([C@@]5(C)COS(=O)(=O)O)O[C@H]6[C@@H]([C@H]([C@@H]([C@H](O6)C(=O)O)O)O)O)C)C)[C@@H]2[C@H]1C)C)C(=O)O,2.46,2.7313437,是
727,728,biotree,204.0,C[C@@]12CCC3[C@@](C1CC=C4[C@]2(CC[C@@]5([C@H]4CC(CC5)(C)C)C(=O)O[C@H]6[C@@H]([C@H]([C@@H]([C@H](O6)CO)O)O)O)C)(C[C@H]([C@H]([C@@]3(C)C(=O)O)O[C@H]7[C@@H]([C@H]([C@@H]([C@H](O7)C(=O)O)O)O)O)O)C,3.4,3.3197565,是
728,729,biotree,127.2,C[C@@H]([C@H]1CN2CC[C@@]34[C@@H]2C[C@@H]1C(=C3NC5=C4C=CC=C5OC)C(=O)OC)O,2.12,2.5543492,是
729,730,biotree,170.4,C[C@H]1[C@@H]([C@H]([C@H]([C@@H](O1)O[C@H]2[C@@H]([C@H](O[C@H]([C@@H]2O)O[C@H]3CC[C@]4(C(C3(C)C)CC[C@@]5(C4CC=C6[C@]5(CC[C@@]7([C@H]6CC(CC7)(C)C)C(=O)O[C@H]8[C@@H]([C@H]([C@@H]([C@H](O8)CO)O)O)O)C)C)C)C(=O)O)O)O)O)O,2.8400000000000003,2.7357254,是
730,731,biotree,180.0,CC1CC[C@@]2(CC[C@@]3(C(=CCC4[C@]3(CCC5[C@@]4(CC[C@@H]([C@@]5(C)COS(=O)(=O)O)O[C@H]6[C@@H]([C@H]([C@@H]([C@H](O6)C(=O)O)O)O)O)C)C)C2C1C)C)C(=O)O[C@H]7[C@@H]([C@H]([C@@H]([C@H](O7)CO)O)O)O,3.0,2.6813374,是
731,732,biotree,173.4,C[C@@H]1CC[C@@]2(CC[C@@]3(C(=CCC4[C@]3(CCC5[C@@]4(CC[C@@H]([C@@]5(C)CO)O[C@H]6[C@@H]([C@H]([C@@H]([C@H](O6)C(=O)O)O)O)O)C)C)[C@@H]2[C@]1(C)O)C)C(=O)O,2.89,2.9811954,是
732,733,biotree,213.6,C1=CC=C(C=C1)C(C(=O)O)OC2C(C(C(C(O2)COC3C(C(C(C(O3)CO)O)O)O)O)O)O,3.56,3.290985,是
733,734,biotree,147.0,CC(C)CC(=O)O[C@@H]1[C@H]([C@@H]([C@H](O[C@H]1O[C@H]2C[C@]3([C@@H]4CC[C@@H]5C[C@@]4(CCC3C(C2)(C(=O)O)C(=O)O)[C@H](C5=C)O)C)CO)O)O,2.45,2.841372,是
734,735,biotree,186.6,C[C@H]1[C@@H]([C@H]([C@H]([C@@H](O1)O[C@@H]2[C@H]([C@H](CO[C@H]2O[C@H]3CC[C@]4(C(C3(C)C)CC[C@@]5(C4C[C@@H](C6=C7[C@]([C@@]8(CC[C@@]7(CC[C@]65C)C(=O)O8)C)(C)O)O)C)C)O)O[C@H]9[C@@H]([C@H]([C@@H]([C@H](O9)CO)O)O)O[C@H]1[C@@H]([C@H]([C@@H]([C@H](O1)CO)O)O)O)O)O)O,3.11,2.9425387,是
735,736,biotree,207.0,COC1=C(C=CC(=C1)/C=C/C(=O)O)O/C(=C\C2=CC(=C(C=C2)O/C(=C\C3=CC(=C(C=C3)O)OC)/C(=O)O)OC)/C(=O)O,3.45,3.312859,是
736,737,biotree,196.8,C[C@H]1[C@@H]([C@H]([C@H]([C@@H](O1)O[C@@H]2[C@H]([C@H](CO[C@H]2OC(=O)[C@@]34CC[C@@]5(C(=CCC6[C@]5(CCC7[C@@]6(C[C@@H]([C@@H]([C@@]7(C)CO)O[C@H]8[C@@H]([C@H]([C@@H]([C@H](O8)CO)O)O)O[C@H]9[C@@H]([C@H]([C@H](CO9)O)O)O)O)C)C)[C@@H]3CC(CC4)(C)C)C)O)O)O)O[C@H]1[C@@H]([C@H]([C@@H](CO1)O)O)O)OC(=O)CC(C)(CC(=O)O)O,3.28,3.463893,是
737,738,biotree,156.6,CC1CC[C@@]2(CC[C@@]3(C(=CCC4[C@]3(CCC5[C@@]4(CC[C@@H](C5(C)C)O[C@H]6[C@@H]([C@H]([C@H](CO6)O)O)O[C@H]7[C@@H]([C@H]([C@@H]([C@H](O7)CO)O)O)O)C)C)[C@@H]2[C@]1(C)O)C)C(=O)O[C@H]8[C@@H]([C@H]([C@@H]([C@H](O8)CO)O)O)O,2.61,2.600048,是
738,739,biotree,168.6,C[C@H]1[C@@H]([C@H]([C@H]([C@@H](O1)O[C@@H]2[C@H]([C@H](CO[C@H]2O[C@H]3CC[C@]4(C(C3(C)C)CC[C@@]5(C4CC=C6[C@]5(CC[C@@]7([C@H]6CC(CC7)(C)C)C(=O)O[C@H]8[C@@H]([C@H]([C@@H]([C@H](O8)CO)O)O)O)C)C)C)O)O[C@H]9[C@@H]([C@H]([C@@H]([C@H](O9)CO)O)O)O)O)O)O,2.81,2.6567786,是
739,740,biotree,183.0,C[C@H]1[C@@H]([C@H]([C@H]([C@@H](O1)O[C@@H]2[C@H]([C@@H](CO[C@H]2O[C@@H]3[C@H]([C@@H]([C@H](O[C@H]3O[C@H]4CC[C@]5(C([C@@]4(C)CO)CC[C@@]6(C5CC=C7[C@]6(CC[C@@]8(C7C[C@@](CC8=O)(C)CO)C)C)C)C)C(=O)O)O)O)O)O)O)O)O,3.05,2.875063,是
740,741,biotree,246.6,CC(C/C=C/CC(C)C(CC(=O)O)O[C@H]1[C@@H]([C@H]([C@@H]([C@H](O1)CO)O)O)O)C(CC(=O)O)O[C@H]2[C@@H]([C@H]([C@@H]([C@H](O2)CO)O)O)O,4.11,3.768341,是
741,742,biotree,184.2,CC12CCCC(C1C(C(C34C2CC(C(C3)C(C4)(CO)O)O)O)O)(C)C(=O)O,3.07,2.9674766,是
742,743,biotree,196.2,C[C@]12CC[C@@H](C(C1CC[C@@]3(C2CC=C4[C@]3(CC[C@@]5([C@H]4CC(CC5)(C)C)C(=O)O)C)C)(C)C)O[C@H]6[C@@H]([C@H]([C@@H]([C@H](O6)C(=O)O)O)O[C@H]7[C@@H]([C@H]([C@@H](CO7)O)O)O)O[C@H]8[C@@H]([C@H]([C@@H]([C@H](O8)CO)O)O)O,3.27,3.221628,是
743,744,biotree,143.4,C[C@@H]1CC[C@@]2(CC[C@@]3(C(=CCC4[C@]3(CCC5[C@@]4(CC([C@@H]([C@]5(C)C(=O)O)O)O)C)C)C2=C1C)C)C(=O)O[C@H]6[C@@H]([C@H]([C@@H]([C@H](O6)CO)O)O)O,2.39,2.4562912,是
744,745,biotree,141.6,CC(CCCC(C)(C1=C(C=C(C=C1)C(=O)O)O)O)(CO)O,2.36,2.3054323,是
745,746,biotree,124.8,CC1CC[C@@]2(CC[C@@]3(C(=CCC4[C@]3(CCC5[C@@]4(CC[C@@H](C5(C)C)O[C@H]6[C@@H]([C@H]([C@H](CO6)O)O)O[C@H]7[C@@H]([C@H]([C@@H]([C@H](O7)CO)O)O)O)C)C)[C@@H]2[C@]1(C)O)C)C(=O)O,2.08,2.5718045,是
746,747,biotree,196.8,CC1(C2CCC3(C(C2(CCC1O[C@H]4[C@@H]([C@H]([C@H](CO4)O[C@H]5[C@@H]([C@H]([C@@H]([C@H](O5)CO)O)O)O)O)O[C@H]6[C@@H]([C@H]([C@@H]([C@H](O6)CO)O)O)O)C)CC=C7C3(CCC8(C7CC(CC8)(C)CO)C(=O)O[C@H]9[C@@H]([C@H]([C@@H]([C@H](O9)CO)O)O)O)C)C)C,3.28,3.047233,是
747,748,biotree,147.6,C[C@H](CC/C=C(\C)/C(=O)O)CCO[C@H]1[C@@H]([C@H]([C@@H]([C@H](O1)CO)O)O)O,2.46,2.6120777,是
748,749,biotree,172.2,CC(=CC(C(C(CO)C1CCC2(C1(CCC34C2CCC5C3(C4)CCC(C5(C)C)OC6C(C(C(C(O6)CO)O)OC7C(C(C(C(O7)CO)O)O)O)OC8C(C(C(C(O8)CO)O)O)O)C)C)O)O)C,2.87,2.8320901,是
749,750,biotree,168.0,CC(=O)OC[C@@H]1[C@H]([C@@H]([C@H]([C@@H](O1)OCC(CCCCCCCCCCCCC(C(=O)O)O)O)O)O)O[C@H]2[C@@H]([C@H]([C@@H]([C@H](O2)CO)O)O)O,2.8,2.877029,是
750,751,biotree,178.2,CCCCCC(CC(CC(=O)OC(CCCCC)CC(CC(=O)O)OC1C(C(C(C(O1)CO)O)O)O)O)OC2C(C(C(C(O2)CO)O)O)O,2.97,3.0036173,是
751,752,biotree,191.4,C[C@H]1[C@@H]([C@H]([C@H]([C@@H](O1)OC2C(C(C(OC2OC3=C(OC4=CC(=CC(=C4C3=O)O)OC5C(C(C(C(O5)CO)O)O)O)C6=CC=C(C=C6)O)CO)O)O)O)O)O,3.19,3.1618173,是
752,753,biotree,135.0,CC(C)(C1=CCC23C1CCC(C(C2)OC3)(C(=O)O)O)O,2.25,1.9339062,是
753,754,biotree,153.0,COC(=O)C(C1=CC=CC=C1)OC2C(C(C(C(O2)COC3C(C(C(C(O3)CO)O)O)O)O)O)O,2.55,2.205215,是
754,755,biotree,206.4,C(CCC(=O)O)C/C=C/CC(C(CCCC(=O)O)O)O,3.44,3.376454,是
755,756,biotree,144.6,CC1CCC2(CCC3(C(=CCC4C3(CCC5C4(CCC(C5(C)C)O[C@H]6[C@@H]([C@H]([C@@H]([C@H](O6)C(=O)O)O)O)O)C)C)C2C1C)C)C(=O)O[C@H]7[C@@H]([C@H]([C@@H]([C@H](O7)CO)O)O)O,2.41,2.461105,是
756,757,biotree,120.6,CC(C)(C1CC2=C(O1)C=C3C(=C2)C=CC(=O)O3)O[C@H]4[C@@H]([C@H]([C@@H]([C@H](O4)CO[C@H]5[C@@H]([C@](CO5)(CO)O)O)O)O)O,2.01,2.077641,是
757,758,biotree,226.2,CC(C/C=C/C=C(\C)/C(=O)O)C(CC(=O)O)O[C@H]1[C@@H]([C@H]([C@@H]([C@H](O1)CO)O)O)O,3.77,3.5590758,是
758,759,biotree,146.4,C[C@@]12CC[C@@H]([C@@]([C@H]1[C@@H]([C@]34[C@H]2CC[C@H](C3)C(=C)C4)C(=O)O)(C)C(=O)O)O,2.44,2.8207808,是
759,760,biotree,147.0,C1=CC=C(C(=C1)C(=O)O)NC(=O)CCCCC(=O)O,2.45,3.0863366,是
760,761,biotree,123.6,C[C@@]1(C[C@H]([C@H]2[C@@H]1[C@@H](OC=C2C(=O)OC)O[C@H]3[C@@H]([C@H]([C@@H]([C@H](O3)CO)O)O)O)O)O,2.06,2.123644,是
761,762,biotree,151.8,CC1C2CC(C(C1(C(O2)C(=O)C)C(=O)O)OCC(C(C(C(CO)O)O)O)O)O,2.53,3.3474717,是
762,763,biotree,179.4,C[C@@H]1[C@@H]([C@H]([C@H]([C@@H](O1)O[C@@H]2[C@H]([C@@H]([C@H](O[C@H]2OC3=C(OC4=C(C3=O)C(=CC(=C4OC)O)O)C5=CC=C(C=C5)O)COC(=O)CC(C)(CC(=O)O)O)O)O)O)O)O,2.99,3.1041403,是
763,764,biotree,208.2,C(CCCC(C(CCCC(=O)O)O)O)CCCC(=O)O,3.47,3.3185883,是
764,765,biotree,147.6,COC(=O)[C@@H]1[C@H](C2=C(C(=C(C=C2C(=O)O1)O)O)O)[C@@H](CC(=O)O)C(=O)OC,2.46,2.3500402,是
765,766,biotree,151.2,CCC(C)CCCCCCCCCCC1CC(=O)NC(C(=O)NC(C(=O)NC(C(=O)NC(C(=O)N2CCCC2C(=O)NC(C(=O)NC(C(=O)N1)CO)CC(=O)N)CCC(=O)N)CC(=O)N)CC3=CC=C(C=C3)O)CC(=O)N,2.52,2.182437,是
766,767,biotree,199.2,C[C@]12CC[C@@H](C(C1CC[C@@]3(C2CC=C4[C@]3(CC[C@@]5([C@H]4CC(CC5)(C)C)C(=O)O[C@H]6[C@@H]([C@H]([C@@H]([C@H](O6)CO[C@H]7[C@@H]([C@H]([C@@H]([C@H](O7)CO)O)O)O)O)O)O)C)C)(C)C)O[C@H]8[C@@H]([C@H]([C@@H]([C@H](O8)C(=O)O)O)O[C@H]9[C@@H]([C@H]([C@H](CO9)O)O)O)O,3.32,3.2080693,是
767,768,biotree,161.4,C[C@@H]1CC[C@@]2(CC[C@@]3(C(=CCC4[C@]3(CCC5[C@@]4(CC[C@@H]([C@@]5(C)CO)O[C@H]6[C@@H]([C@H]([C@@H]([C@H](O6)C(=O)O)O)O)O)C)C)[C@@H]2[C@H]1C)C)C(=O)O[C@H]7[C@@H]([C@H]([C@@H]([C@H](O7)CO)O)O)O,2.69,2.6730924,是
768,769,biotree,161.4,C=CCC1=CC(=C(C=C1)O[C@H]2[C@@H]([C@H]([C@@H]([C@H](O2)CO)O)O)O)O[C@H]3[C@@H]([C@H]([C@@H]([C@H](O3)CO)O)O)O,2.69,2.4766908,是
769,770,biotree,153.0,CCCCCC(CC(CC(=O)OC(CCCCC)CC(CC(=O)OC(CCCCC)CC(CC(=O)OC)OC1C(C(C(C(O1)CO)O)O)O)OC2C(C(C(C(O2)CO)O)O)O)O)OC3C(C(C(C(O3)CO)O)O)O,2.55,2.569055,是
770,771,biotree,136.2,COC1=C(C=C(C2=C1OC3=C(C=CC(=C3C2=O)O)O)O)O[C@H]4[C@@H]([C@H]([C@@H]([C@H](O4)CO)O)O)O,2.27,2.3661625,是
771,772,biotree,122.4,CC1(CCC2(CCC3(C(=CCC4C3(CCC5C4(CCC(C5(C)CO)O[C@H]6[C@@H]([C@H]([C@H](CO6)O)O)O)C)C)C2C1)C)C(=O)O)CO,2.04,2.268223,是
772,773,biotree,214.8,C[C@H]1[C@H]2[C@H](CC3[C@@]2([C@@H](CC4C3CC=C5[C@@]4(CC[C@@H](C5)O[C@H]6[C@@H]([C@H]([C@@H]([C@H](O6)CO)O)O[C@H]7[C@@H]([C@H]([C@H]([C@H](O7)CO)O)O)O)O[C@H]8[C@@H]([C@@H]([C@H]([C@@H](O8)C)O)O)O)C)O)C)O[C@]19CC[C@H](CN9)CO,3.58,3.116235,是
773,774,biotree,160.8,C[C@H]1[C@@H]([C@H]([C@H]([C@@H](O1)O[C@H]2[C@@H](O[C@H]([C@@H]([C@@H]2O)O)O[C@H]3[C@@H](O[C@H]([C@@H]([C@@H]3O)O)O[C@@H]4[C@H](O[C@H]([C@@H]([C@H]4O)O)O[C@H]5CC[C@@]6(C7CC[C@]8(C(C7CC=C6C5)CC=C8C(=O)C)C)C)CO)C)C)O)O)O,2.68,2.5235064,是
774,775,biotree,132.0,C/C=C(/C)\C(=O)O[C@@H]1[C@H](O[C@H]([C@@H]([C@H]1OC(=O)/C(=C\C)/C)O)O[C@H]2[C@@H]([C@@]3(C(C[C@@]4(C(=CCC5[C@]4(CCC6[C@@]5(CC[C@@H]([C@@]6(C)CO)O[C@H]7[C@@H]([C@H]([C@@H]([C@H](O7)C(=O)O)O)O)O[C@H]8[C@@H]([C@H]([C@@H]([C@H](O8)CO)O)O)O)C)C)C3CC2(C)C)C)O)COC(=O)C)O)C,2.2,2.4715452,是
775,776,biotree,157.8,C[C@H]1[C@@H]([C@H]([C@H]([C@@H](O1)OC2CC[C@]3(C(C2)CCC4C3CC[C@]5([C@@]4(CC[C@@H]5C6=COC(=O)C=C6)O)C)C)O)O)O[C@H]7[C@@H]([C@H]([C@@H]([C@H](O7)CO)O[C@H]8[C@@H]([C@H]([C@@H]([C@H](O8)CO)O)O)O)O)O,2.6300000000000003,2.6293864,是
776,777,biotree,174.6,COC1=C(C=CC(=C1)/C=C/C(=O)O)O/C(=C/C2=CC(=C(C=C2)O)OC)/C(=O)O,2.91,2.7934809,是
777,778,biotree,220.8,C[C@H]1[C@@H]([C@H]([C@H]([C@@H](O1)OC[C@@H]2[C@H]([C@@H]([C@H]([C@@H](O2)OC(=O)[C@]34CCC(C[C@H]3C5=CCC6[C@]7(CC[C@@H](C(C7CC[C@]6([C@@]5(C[C@H]4O)C)C)(C)C)O[C@H]8[C@@H]([C@H]([C@@H]([C@H](O8)CO[C@H]9[C@@H]([C@H]([C@H](CO9)O)O)O[C@H]1[C@@H]([C@H]([C@@H](CO1)O)O)O)O)O)O)C)(C)C)O[C@H]1[C@@H]([C@@H]([C@H]([C@@H](O1)C)O[C@H]1[C@@H]([C@H]([C@@H](CO1)O)O[C@H]1[C@@H]([C@H]([C@@H](CO1)O)O)O)O)O)O)O)O)O)O)O,3.68,3.7166522,是
778,779,biotree,225.6,C[C@@H]1[C@H]([C@@H]([C@H]([C@@H](O1)O[C@@H]2[C@H](O[C@H]([C@@H]([C@H]2O)O)OC[C@@H]3[C@H]([C@@H]([C@H]([C@@H](O3)OC(=O)[C@@]45CC[C@@]6(C(=CCC7[C@]6(CCC8[C@@]7(C[C@@H]([C@@H]([C@@]8(C)C(=O)O)O)O)C)C)[C@@H]4CC(CC5)(C)C)C)O[C@H]9[C@@H]([C@H]([C@@H]([C@H](O9)CO)O)O)O)O)O)CO)O)O)O,3.76,3.4919906,是
779,780,biotree,148.2,CC(=O)NCCC1=CC=CC=C1,2.47,2.8989537,是
780,781,biotree,159.6,C[C@H]1[C@@H]([C@H]([C@H]([C@@H](O1)O[C@H]2CC[C@@]3(C4CC[C@@]5([C@H](CC[C@@]5([C@@H]4CCC3=C2)O)C6=COC(=O)C=C6)C)C)O)O)O[C@H]7[C@@H]([C@H]([C@@H]([C@H](O7)CO)O[C@H]8[C@@H]([C@H]([C@@H]([C@H](O8)CO)O)O)O)O)O,2.66,2.6438193,是
781,782,biotree,148.2,C/C=C/C1=CC2=C(C(=C1)OC)OC(=C2C)C3=CC(=C(C=C3)OC)OC,2.47,3.314659,是
782,783,biotree,145.2,C[C@]12CC[C@@H](C(C1CC[C@@]3(C2CC=C4[C@]3(CC[C@@]5([C@H]4CC(CC5)(C)C)C(=O)O[C@H]6[C@@H]([C@H]([C@@H]([C@H](O6)CO)O)O)O)C)C)(C)C)O[C@H]7[C@@H]([C@H]([C@H]([C@H](O7)C(=O)O)O)O)O,2.42,2.4470534,是
783,784,biotree,187.2,C[C@H]1[C@@H]([C@H]([C@H]([C@@H](O1)OC[C@@H]2[C@H]([C@@H]([C@H]([C@@H](O2)OC(=O)[C@]34CCC(C[C@H]3C5=CCC6[C@]7(CC[C@@H](C(C7CC[C@]6([C@@]5(C[C@H]4O)C)C)(C)C)O[C@H]8[C@@H]([C@H]([C@@H]([C@H](O8)CO[C@H]9[C@@H]([C@H]([C@H](CO9)O)O)O[C@H]1[C@@H]([C@H]([C@@H](CO1)O)O)O)O)O)O)C)(C)C)O[C@H]1[C@@H]([C@@H]([C@H]([C@@H](O1)C)O[C@H]1[C@@H]([C@H]([C@@H](CO1)O)O[C@H]1[C@@H]([C@H]([C@@H](CO1)O)O)O)O)O)O)O)O)OC(=O)/C(=C/CCC(C)(C=C)O)/C)OC(=O)/C(=C/CCC(C)(C=C)O)/C)O,3.12,3.106741,是
784,785,biotree,194.4,C=CCSSCC(C(=O)O)NC(=O)CCC(C(=O)O)N,3.24,3.4214077,是
785,786,biotree,227.4,C[C@]1(CC[C@@]2(CC[C@@]3(C(=CCC4[C@]3(CCC5[C@@]4(CC[C@@H](C5(C)C)O[C@H]6[C@@H]([C@H]([C@H](CO6)O[C@H]7[C@@H]([C@H]([C@@H]([C@H](O7)CO)O)O)O)O)O[C@H]8[C@@H]([C@H]([C@@H]([C@H](O8)CO)O)O)O)C)C)[C@@H]2C1)C)C(=O)O[C@H]9[C@@H]([C@H]([C@@H]([C@H](O9)CO)O)O)O)C(=O)O,3.79,3.4366102,是
786,787,biotree,144.6,CCC(C)C(=O)O[C@H]1[C@@H]([C@H](O[C@@H]([C@@H]1O)O[C@@H]2[C@@H]([C@H]([C@@H]([C@H](O2)CO)O)O)O)CO)O,2.41,2.3742867,是
787,788,biotree,171.0,CC(C(/C=C/C=C/C(=O)OC1C(C2=C(C(=O)N(C2)C(CCC(=O)O)C(=O)O)C3(C1C(CCC3)(C)C)C)OC)O)O,2.85,2.6837554,是
788,789,biotree,193.8,C[C@@H]1[C@@H]([C@@H]([C@H]([C@@H](O1)O[C@H]2[C@H](O[C@H]([C@@H]([C@H]2O)O[C@H]3[C@@H]([C@@H]([C@H]([C@@H](O3)C)O[C@H]4[C@@H]([C@H]([C@@H](CO4)O)O[C@H]5[C@@H]([C@H]([C@@H]([C@H](O5)CO)O)O)O)O)O)O)OC(=O)[C@]67CCC(C[C@H]6C8=CCC9[C@]1(CC[C@@H]([C@@](C1CC[C@]9([C@@]8(C[C@H]7O)C)C)(C)C=O)O[C@H]1[C@@H]([C@H]([C@@H]([C@H](O1)C(=O)O)O)O)O[C@H]1[C@@H]([C@H]([C@H]([C@H](O1)CO)O)O)O)C)(C)C)C)O)O)O,3.23,3.7340531,是
789,790,biotree,154.2,C[C@H]1[C@@H]([C@H]([C@H]([C@@H](O1)OC[C@@H]2[C@H]([C@@H]([C@H]([C@@H](O2)OC3=C(C=CC(=C3)CCO)O)O)O)O)O)O)O,2.57,2.7705498,是
790,791,biotree,147.0,C[C@@H]1[C@H]([C@@H]([C@@H]([C@@H](O1)O[C@H]2C[C@H]([C@@]3(C4[C@@H](C[C@@]5([C@H](CC[C@@]5(C4CC[C@@]3(C2)O)O)C6=CC(=O)OC6)C)O)CO)O)O)O)O,2.45,2.5357358,是
791,792,biotree,180.0,CC(C)(C(C(=O)OCC1=CC=C(C=C1)O[C@H]2[C@@H]([C@H]([C@@H]([C@H](O2)CO)O)O)O)O)O[C@H]3[C@@H]([C@H]([C@@H]([C@H](O3)CO)O)O)O,3.0,2.8020346,是
792,793,biotree,145.2,C[C@H]1[C@@H]([C@H]([C@H]([C@@H](O1)O[C@H]2[C@@H]([C@H](O[C@H]([C@@H]2O)OC3=C(OC4=CC(=CC(=C4C3=O)O)O)C5=CC=C(C=C5)O)CO)O)O)O)O,2.42,2.560338,是
793,794,biotree,172.2,COC1=C(C=CC(=C1)/C=C/C(=O)O[C@@H]2[C@H]([C@@H]([C@H](O[C@H]2O[C@@H]3[C@H]([C@@H]([C@H](O[C@H]3OC4=C(OC5=CC(=CC(=C5C4=O)O)O[C@H]6[C@@H]([C@H]([C@@H]([C@H](O6)CO)O)O)O)C7=CC=C(C=C7)O)CO)O)O)CO)O)O)O,2.87,3.0152411,是
794,795,biotree,198.6,CC1=CC(=CC(=C1C(=O)OCCC(C(=O)O)NC(=O)C(CCC(=O)O)N)O)O,3.31,3.588902,是
795,796,biotree,138.0,C[C@H]1[C@@H]([C@H]([C@H]([C@@H](O1)OC2=C(OC3=C(C2=O)C(=CC(=C3CC=C(C)C)O[C@H]4[C@@H]([C@H]([C@@H]([C@H](O4)CO)O)O)O)O)C5=CC=C(C=C5)OC)OC6C(C(C(C(O6)C)O)O)O)O)O,2.3,2.4458709,是
796,797,biotree,202.8,C1=CC=C(C=C1)CC(C(=O)O)NC(=O)CCC(C(=O)O)N,3.3800000000000003,3.3180227,是
797,798,biotree,213.0,CC1(C2CCC3(C(C2(CCC1O[C@H]4[C@@H]([C@H]([C@H](CO4)O[C@H]5[C@@H]([C@H]([C@@H]([C@H](O5)CO)O)O)O)O)O[C@H]6[C@@H]([C@H]([C@@H]([C@H](O6)CO)O)O)O)C)CC=C7C3(CCC8(C7CC(CC8)(C)O)C(=O)O)C)C)C,3.55,3.0554042,是
798,799,biotree,169.8,C/C=C(\C)/C(=O)OC[C@@H]1[C@H]([C@@H]([C@H]([C@@H](O1)O[C@@H]2[C@H]([C@@H]([C@H](O[C@@H]2O[C@@H]3[C@@H]([C@H]([C@@H]([C@H](O3)COC(=O)/C(=C/C)/C)O)O)O[C@H]4[C@@H]([C@H]([C@@H]([C@H](O4)CO)O)O)O)COC(=O)/C(=C/C)/C)O)O)O)O)O,2.83,2.7142236,是
799,800,biotree,188.4,C[C@H]1[C@@H]([C@H]([C@H]([C@@H](O1)O[C@H]2[C@@H]([C@H](O[C@H]([C@@H]2O)O[C@@H]3[C@@H](C[C@]4(C([C@]3(C)CO)CC[C@@]5(C4CC=C6[C@]5(CC[C@@]7([C@H]6CC(=C)CC7)C(=O)O[C@H]8[C@@H]([C@H]([C@@H]([C@H](O8)CO)O)O)O)C)C)C)O)C(=O)O)O)O)O)O,3.14,3.203484,是
800,801,biotree,178.8,C[C@H]1[C@@H]([C@H]([C@H]([C@@H](O1)OCC2C(C(C(C(O2)OC3=C(OC4=CC(=CC(=C4C3=O)O)O)C5=CC=C(C=C5)O)O[C@H]6[C@@H]([C@@H]([C@H]([C@@H](O6)C)O)O)O)O)O)O)O)O,2.98,2.924597,是
801,802,biotree,209.4,C[C@H]1[C@@H]([C@H]([C@H]([C@@H](O1)O[C@@H]2[C@H]([C@H]([C@H](O[C@H]2OC(=O)[C@@]34CC[C@@]5(C(=CCC6[C@]5(CCC7[C@@]6(C[C@@H]([C@@H]([C@@]7(C)C(=O)O)O[C@H]8[C@@H]([C@H]([C@@H]([C@H](O8)C(=O)O)O)O)O)O)C)C)[C@@H]3CC(CC4)(C)C)C)C)O)O[C@H]9[C@@H]([C@](CO9)(CO)O)O)O)O[C@H]1[C@@H]([C@H]([C@@H]([C@H](O1)CO)O)O)O)O,3.49,3.7071018,是
802,803,biotree,181.2,CC1C2C(CC3C2(CCC4C3CC=C5C4(CCC(C5)OC6C(C(C(C(O6)CO)OC7C(C(C(C(O7)C)O)O)OC8C(C(C(C(O8)CO)O)O)O)OC9C(C(C(C(O9)C)O)O)O)O)C)C)OC11CCC(CO1)CO,3.02,2.9184494,是
803,804,biotree,194.4,CC(=CCC[C@@](C)([C@H]1CC[C@@]2(C1[C@@H](CC3[C@]2(CCC4[C@@]3(CC[C@@H](C4(C)C)O[C@H]5[C@@H]([C@H]([C@@H]([C@H](O5)CO)O)O)O[C@H]6[C@@H]([C@H]([C@@H]([C@H](O6)CO)O)O)O)C)C)O)C)O[C@H]7[C@@H]([C@H]([C@@H]([C@H](O7)CO[C@H]8[C@@H]([C@H]([C@H](CO8)O)O)O)O)O)O)C,3.24,2.913166,是
804,805,biotree,143.4,COC1=C(C=CC(=C1)/C=C/C(=O)O[C@@H]2[C@H]([C@@H]([C@H](O[C@@H]2O[C@@]3([C@@H]([C@H]([C@@H](O3)CO)O)O)CO)CO)O)O)O,2.39,2.5255017,是
805,806,biotree,219.0,C[C@H]1[C@@H]([C@H]([C@H]([C@@H](O1)O[C@@H]2[C@H]([C@H](CO[C@H]2O[C@H]3CC[C@]4(C(C3(C)C)CC[C@@]5(C4CC=C6[C@]5(CC[C@@]7([C@H]6C[C@](CC7)(C)C(=O)O)C(=O)O[C@H]8[C@@H]([C@H]([C@@H]([C@H](O8)CO[C@H]9[C@@H]([C@H]([C@@H]([C@H](O9)CO)O)O)O)O)O)O)C)C)C)O)O)O)O)O,3.65,3.3162866,是
806,807,biotree,154.2,C[C@]12CC[C@@H](C[C@@H]1CC[C@@H]3C2CC[C@]4([C@@]3(CC[C@@H]4C5=CC(=O)OC5)O)C)OC6C(C(C(C(O6)CO)O)O)OC7C(C(C(C(O7)CO)O)O)O,2.57,2.3532999,是
807,808,biotree,147.0,C1[C@H]([C@@H]([C@H]([C@@H](O1)OC[C@@H]2[C@H]([C@@H]([C@H]([C@@H](O2)OC3=C(C(=C4C(=C3)C(=O)C5=CC=CC=C5C4=O)O)CO)O)O)O)O)O)O,2.45,2.490448,是
808,809,biotree,189.6,CC#C[C@]1(CCC2C(C1CC(=O)O)CC=C3[C@@]2(CC[C@@H](C3)O[C@H]4[C@@H]([C@H]([C@@H]([C@H](O4)CO)O[C@H]5[C@@H]([C@@H]([C@H]([C@@H](O5)C)O)O)O)O)O[C@H]6[C@@H]([C@@H]([C@H]([C@@H](O6)C)O)O)O)C)C,3.16,3.159928,是
809,810,biotree,144.0,CC/C=C\CC1(CCC=CC1C(=O)O)O[C@H]2[C@@H]([C@H]([C@@H]([C@H](O2)CO)O)O)O,2.4,2.3177102,是
810,811,biotree,154.8,C1[C@@]([C@H]([C@@H](O1)O[C@@H]2[C@H]([C@@H]([C@H](O[C@H]2C3=C(C=C(C4=C3OC(=CC4=O)C5=CC=C(C=C5)O)O)O)CO)O)O)O)(CO)O,2.58,2.609124,是
811,812,biotree,125.4,COC1=C(C=CC(=C1)/C=C/C(=O)O[C@H]2[C@@H]([C@H](O[C@@H]([C@@H]2O)O[C@@]3([C@@H]([C@H]([C@@H](O3)CO)O)O)CO)CO)O)O,2.0900000000000003,2.5282688,是
812,813,biotree,207.0,C[C@]12CC[C@@H](C(C1CC[C@@]3(C2CC=C4[C@]3(CC[C@@]5([C@H]4CC(CC5)(C)C)C(=O)O[C@@H]6[C@@H]([C@H]([C@@H]([C@H](O6)CO)O)O)O)C)C)(C)C)OC7C(C(C(C(O7)C(=O)O)O)OC(C(C(=O)O)O)OCC(=O)O)O,3.45,3.4800007,是
813,814,biotree,148.8,C[C@H]1[C@@H]([C@H]([C@H]([C@@H](O1)O[C@@H]2[C@H]([C@H](CO[C@H]2O[C@H]3CC[C@]4(C(C3(C)C)CC[C@@]5(C4C=CC6=C7[C@]([C@@]8(CC[C@@]7(CC[C@]65C)C(=O)O8)C)(C)O)C)C)O)O[C@H]9[C@@H]([C@H]([C@@H]([C@H](O9)CO)O)O)O)O)O)O,2.48,2.3117588,是
814,815,biotree,147.0,COC(=O)C1=CO[C@H](/C(=C/C(=O)O)/[C@@H]1CC(=O)OCCC2=CC(=C(C=C2)O)O)O[C@H]3[C@@H]([C@H]([C@@H]([C@H](O3)CO)O)O)O,2.45,2.8213792,是
815,816,biotree,199.2,C1C(C(C(C(O1)C2=C(C(=C3C(=C2O)C(=O)C=C(O3)C4=CC=C(C=C4)O)C5C(C(C(C(O5)CO)O)O)O)O)O)O)O,3.32,2.9005773,是
816,817,biotree,126.0,CCCCC/C=C\C/C=C\CCCCCCCC(=O)OC(CO)COP(=O)(O)OCC[N+](C)(C)C,2.1,2.0728366,是
817,818,biotree,140.4,C[C@@]12CC[C@H](C[C@H]1[C@@H](C(=O)C=C2)CCC3([C@@H]4C[C@@H](CC[C@]4(C=CC3=O)C)C(=C)C(=O)O)O)C(=C)C(=O)O,2.3400000000000003,2.4953852,是
818,819,biotree,147.0,CC(CC(=O)O)(CC(=O)OC[C@@H]1[C@H]([C@@H]([C@H]([C@@H](O1)OC2=C(OC3=C(C2=O)C(=CC(=C3OC)O)O)C4=CC(=C(C=C4)O)OC)O)O)O)O,2.45,2.8443048,是
819,820,biotree,144.6,C/C=C(/C)\C(=O)O[C@@H]1[C@H](O[C@H]([C@@H]([C@H]1OC(=O)/C(=C\C)/C)O)O[C@H]2[C@@H]([C@@]3(C(C[C@@]4(C(=CCC5[C@]4(CCC6[C@@]5(CC[C@@H]([C@@]6(C)CO)O[C@H]7[C@@H]([C@H]([C@@H]([C@H](O7)C(=O)O)O)O)O[C@H]8[C@@H]([C@H]([C@@H]([C@H](O8)CO)O)O)O)C)C)C3CC2(C)C)C)O)CO)OC(=O)C)C,2.41,2.4643257,是
820,821,biotree,212.4,C[C@]12CC[C@@H](C(C1CC[C@@]3(C2CC=C4[C@]3(CC[C@@]5([C@H]4CC(CC5)(C)C)C(=O)O)C)C)(C)C)OC6C(C(C(C(O6)C(=O)O)O)OC(C(C(=O)O)O)OCC(=O)O)O,3.54,3.5537157,是
821,822,biotree,171.6,COC1=C(C=CC(=C1)C(=O)OC2=CC(=CC(=C2CC(=O)O)O)O[C@H]3[C@@H]([C@H]([C@@H]([C@H](O3)CO)O)O)O)O,2.86,2.9459896,是
822,823,biotree,141.0,C[C@@H]1CC[C@@]2(CC[C@@]3(C(=CCC4[C@]3(CCC5[C@@]4(C[C@H]([C@H]([C@]5(C)C(=O)O)O)O)C)C)[C@@H]2[C@]1(C)O)C)C(=O)O,2.35,2.7823052,是
823,824,biotree,171.6,C[C@H]1[C@@H]([C@H]([C@H]([C@@H](O1)O[C@@H]2[C@H](O[C@H]([C@@H]([C@H]2O)O)OC[C@@H]3[C@H]([C@@H]([C@H]([C@@H](O3)OC(=O)[C@]45CCC(=C)C[C@H]4C6=CCC7[C@]8(CC[C@@H](C(C8CC[C@]7([C@@]6(CC5)C)C)(C)C)O[C@H]9[C@@H]([C@H]([C@H](CO9)O)O)O)C)O)O)O)CO)O)O)O,2.86,2.7532892,是
824,825,biotree,179.4,COC1=CC(=CC(=C1O[C@H]2[C@@H]([C@H]([C@@H]([C@H](O2)CO[C@H]3[C@@H]([C@H]([C@@H]([C@H](O3)CO)O)O)O)O)O)O)OC)/C=C/CO,2.99,2.5790567,是
825,826,biotree,180.6,C1=CC(=CC=C1C2=CC(=O)C3=C(O2)C(=C(C=C3O)O)C4C(C(C(C(O4)CO)O)O)OC5C(C(C(C(O5)CO)O)O)O)O,3.01,2.8329136,是
826,827,biotree,125.4,C[C@@H]1[C@@H]([C@@H]([C@@H]([C@@H](O1)O[C@H]2C[C@H]([C@@]3(C4[C@@H](C[C@@]5([C@H](CC[C@@]5(C4CC[C@@]3(C2)O)O)C6=CC(=O)OC6)C)O)CO)O)O)O)O,2.0900000000000003,2.5357358,是
827,828,biotree,202.8,C1C(C(C(C(O1)C2=C3C(=C(C(=C2O)C4C(C(C(C(O4)CO)O)O)O)O)C(=O)C=C(O3)C5=CC=C(C=C5)O)O)O)O,3.3800000000000003,2.9005857,是
828,829,biotree,127.2,CCCCC/C=C\C/C=C\CCCCCCCC(=O)OCC(COP(=O)(O)OCC[N+](C)(C)C)O,2.12,2.0815558,是
829,830,biotree,155.4,C1[C@@]([C@H]([C@@H](O1)OC[C@@H]2[C@H]([C@@H]([C@H]([C@@H](O2)C3=C(C=CC4=C3OC=C(C4=O)C5=CC=C(C=C5)O)O)O)O)O)O)(CO)O,2.5900000000000003,2.4185953,是
830,831,biotree,208.8,C[C@@]12CCC3[C@@](C1CC=C4[C@]2(CC[C@@]5([C@H]4CC(=C)CC5)C(=O)O[C@H]6[C@@H]([C@H]([C@@H]([C@H](O6)CO)O)O)O)C)(C[C@H]([C@H]([C@@]3(C)C(=O)O)O[C@H]7[C@@H]([C@H]([C@@H]([C@H](O7)C(=O)O)O)O)O)O)C,3.48,3.4005864,是
831,832,biotree,181.2,C[C@H]1[C@@H]([C@H]([C@H]([C@@H](O1)OC[C@@H]2[C@H]([C@@H]([C@H]([C@@H](O2)OC3=CC(=C4C(=O)C[C@@H](OC4=C3)C5=CC=C(C=C5)O[C@H]6[C@@H]([C@H]([C@@H]([C@H](O6)CO)O)O)O)O)O)O)O)O)O)O,3.02,3.093351,是
832,833,biotree,187.2,CCCCCC(CC(CC(=O)OC(CCCCC)CC(CC(=O)OC(CCCCC)CC(CC(=O)O)OC1C(C(C(C(O1)CO)O)O)O)OC2C(C(C(C(O2)CO)O)O)O)O)OC3C(C(C(C(O3)CO)O)O)O,3.12,3.174012,是
833,834,biotree,168.6,C[C@H]1[C@@H]([C@H]([C@H]([C@@H](O1)O[C@@H]2[C@H](O[C@H]([C@@H]([C@H]2O)O)OC[C@@H]3[C@H]([C@@H]([C@H]([C@@H](O3)OC(=O)[C@]45CCC(=C)C[C@H]4C6=CCC7[C@]8(CC[C@@H](C(C8CC[C@]7([C@@]6(CC5)C)C)(C)C)O[C@H]9[C@@H]([C@H]([C@H](CO9)O)O)O[C@H]1[C@@H]([C@@H]([C@H]([C@@H](O1)C)O)O)O)C)O)O)O)COC(=O)C)O)O)O,2.81,2.7698588,是
834,835,biotree,174.6,C1C(C(C(C(O1)C2=C3C(=C(C(=C2O)C4C(C(C(C(O4)CO)O)O)O)O)C(=O)C=C(O3)C5=CC=CC=C5)O)O)O,2.91,2.5863366,是
835,836,biotree,126.0,C[C@H]1[C@@H]([C@H]([C@H]([C@@H](O1)OC[C@@H]2[C@H]([C@@H]([C@H]([C@@H](O2)OC3=CC(=C4C=CC(=O)OC4=C3)O)O)O)O)O)O)O,2.1,2.4876957,是
836,837,biotree,187.8,C[C@H]1[C@@H]([C@H]([C@H]([C@@H](O1)O[C@@H]2[C@H]([C@H](CO[C@H]2O[C@H]3CC[C@]4(C(C3(C)C)CC[C@@]5(C4CC=C6[C@]5(CC[C@](C6C(=O)C)(CCC(C)O)C(=O)O)C)C)C)O)O[C@H]7[C@@H]([C@H]([C@@H]([C@H](O7)CO)O)O)O)O)O)O,3.1300000000000003,2.7548468,是
837,838,biotree,179.4,C[C@@H]1CC[C@@]2(CC[C@@]3(C(=CCC4[C@]3(CCC5[C@@]4(CC[C@@H](C5(C)C)O[C@H]6[C@@H]([C@H]([C@@H]([C@H](O6)C(=O)O)O)O)O[C@H]7[C@@H]([C@H]([C@H](CO7)O)O)O)C)C)[C@@H]2[C@]1(C)O)C)C(=O)O[C@H]8[C@@H]([C@H]([C@@H]([C@H](O8)CO)O)O)O,2.99,3.0093248,是
838,839,biotree,165.0,COC1=C(C=C2C(=C1)C=C(C(=O)O2)OC3=CC(=C(C=C3)CCC(=O)O)O[C@H]4[C@@H]([C@H]([C@@H]([C@H](O4)CO)O)O)O)O,2.75,2.6287544,是
839,840,biotree,177.0,CC(=CCCC1(C2CCC(C3C2C4=C(O1)C=C5C(=C4O3)CN(C5=O)C(CCC(=O)O)C(=O)O)(CO)O)C)C,2.95,2.614163,是
840,841,biotree,168.0,C[C@H]1[C@@H]([C@H]([C@H]([C@@H](O1)O[C@@H]2[C@H]([C@@H]([C@H](O[C@H]2C3=C(C4=C(C=C3O)OC(=CC4=O)C5=CC=C(C=C5)O)O)CO)O)O)O)O)O,2.8,2.6180668,是
841,842,biotree,177.0,CC1CCC2[C@@](C13CC4=C(C=C5C(=C4O3)CN(C5=O)C(CCC(=O)O)C(=O)O)O)(CC[C@@H](C2(C)C)O)C,2.95,2.8172166,是
842,843,biotree,124.8,COC1=CC(=CC(=C1O)OC)/C=C/C(=O)O[C@H]2[C@@H]([C@H](O[C@@]2(CO)O[C@@H]3[C@@H]([C@H]([C@@H]([C@H](O3)CO)O)O)O)CO)O,2.08,2.50069,是
843,844,biotree,177.6,C[C@@]1(CC[C@@]2(CC[C@@]3(C(=CCC4[C@]3(CCC5[C@@]4(C[C@@H]([C@@H]([C@@]5(C)CO)O[C@H]6[C@@H]([C@H]([C@@H](CO6)O[C@H]7[C@@H]([C@H]([C@@H]([C@H](O7)CO)O)O)O)O)O)O)C)C)[C@@H]2C1)C)C(=O)O[C@H]8[C@@H]([C@H]([C@@H]([C@H](O8)CO)O)O)O)C(=O)OC,2.96,2.7699208,是
844,845,biotree,187.2,C[C@H]1[C@@H]([C@H]([C@H]([C@@H](O1)O[C@@H]2[C@H]([C@H](CO[C@H]2O[C@H]3CC[C@]4(C(C3(C)C)CC[C@@]5(C4CC=C6[C@]5(CC[C@@]7([C@H]6C[C@](CC7)(C)CO)C(=O)O[C@H]8[C@@H]([C@H]([C@@H]([C@H](O8)CO[C@H]9[C@@H]([C@H]([C@@H]([C@H](O9)CO)O)O)O)O)O)O)C)C)C)O)O)O)O)O,3.12,2.895924,是
845,846,biotree,124.2,C[C@H]1[C@@H]([C@H]([C@H]([C@@H](O1)OC2=CC(=C3C(=C2)OC(=C(C3=O)O[C@H]4[C@@H]([C@H]([C@@H]([C@H](O4)CO)O)O)O)C5=CC=C(C=C5)O)O)O)O)O,2.07,2.5880494,是
846,847,biotree,171.0,CC#C[C@]1(CCC2C(C1CC(=O)O)CC=C3[C@@]2(CC[C@@H](C3)O[C@H]4[C@@H]([C@H]([C@@H]([C@H](O4)CO)O)O)O[C@H]5[C@@H]([C@@H]([C@H]([C@@H](O5)C)O)O)O)C)C,2.85,2.8879085,是
847,848,biotree,143.4,COC(=O)C[C@@H]\1C(=CO[C@H](/C1=C\COC(=O)/C=C/C2=CC=C(C=C2)O)O[C@H]3[C@@H]([C@H]([C@@H]([C@H](O3)CO)O)O)O)C(=O)O,2.39,2.47361,是
848,849,biotree,126.0,COC1=C(C=CC(=C1)/C=C/C(=O)O[C@H]2[C@@H]([C@H](O[C@@]2(CO)O[C@@H]3[C@@H]([C@H]([C@@H]([C@H](O3)CO)O)O)O)CO)O)O,2.1,2.529743,是
849,850,biotree,145.2,CC(=CCC/C(=C/CC/C(=C/COC1=C(C=C2C(=C1O)CN(C2=O)C(CCC(=O)O)C(=O)O)O)/C)/C)C,2.42,2.5092912,是
850,851,biotree,147.0,COC1=C(C=C(C=C1)C23CCNC2CC45C(=C3)C6CC(O4)(CC7C6(CCN57)C8=CC(=C(C=C8)OC)OC)O)OC,2.45,1.9889946,是
851,852,biotree,214.8,CC(=O)NC(CSCC(=O)C12CC(CC1C=C(C2CC(=O)O)C(=O)O)(C)C)C(=O)O,3.58,3.505566,是
852,853,biotree,168.0,C[C@@]1(CC[C@@]2(CC[C@@]3(C(=CCC4[C@]3(CCC5[C@@]4(CC[C@@H]([C@@]5(C)CO)O[C@H]6[C@@H]([C@H]([C@@H](CO6)O[C@H]7[C@@H]([C@H]([C@@H]([C@H](O7)CO)O)O)O)O)O)C)C)[C@@H]2C1)C)C(=O)O[C@H]8[C@@H]([C@H]([C@@H]([C@H](O8)CO)O)O)O)C(=O)OC,2.8,2.569769,是
853,854,biotree,210.6,C[C@H]1[C@@H]([C@H]([C@H]([C@@H](O1)O[C@@H]2[C@H]([C@H](CO[C@H]2OC(=O)[C@]34CCC(C[C@H]3C5=CCC6[C@]([C@@]5(C[C@H]4O)C)(CCC7[C@@]6(C[C@@H]([C@@H]([C@@]7(C)CO)O[C@H]8[C@@H]([C@H]([C@@H]([C@H](O8)CO)O)O)O[C@H]9[C@@H]([C@H]([C@@H]([C@H](O9)CO)O)O)O)O)C)C)(C)C)O)O)O)O[C@H]1[C@@H]([C@H]([C@@H](CO1)O)O)O)OC(=O)CC(C)(CC(=O)O)O,3.51,3.6426349,是
854,855,biotree,189.0,CC1CCC2(CCC3(C(=CCC4C3(CCC5C4(CCC(C5(C)COS(=O)(=O)O)OC6C(C(C(C(O6)C(=O)O)O)O)O)C)C)C2C1(C)O)C)C(=O)OC7C(C(C(C(O7)CO)O)O)O,3.15,2.899176,是
855,856,biotree,180.6,CC1CCC2(CCC3(C(=CCC4C3(CCC5C4(CC(C(C5(C)C(=O)O)O)O)C)C)C2C1(C)O)C)C(=O)OC6C(C(C(C(O6)CO)O)O)O,3.01,2.6714773,是
856,857,biotree,168.0,C[C@]12CC[C@@H](C(C1CC[C@@]3(C2CC=C4[C@]3(CC[C@@]5([C@H]4CC(CC5)(C)C)C(=O)O[C@H]6[C@@H]([C@H]([C@@H]([C@H](O6)CO)O)O)O)C)C)(C)C)O[C@H]7[C@@H]([C@H]([C@@H]([C@H](O7)C(=O)O)O)O)O[C@H]8[C@@H]([C@H]([C@H](CO8)O)O)O,2.8,2.7858195,是
857,858,biotree,157.8,C/C=C/1\[C@@H](C(=CO[C@H]1O[C@H]2[C@@H]([C@H]([C@@H]([C@H](O2)CO)O)O)O)C(=O)OC)CC(=O)O[C@H]3[C@@H]([C@H]([C@@H]([C@H](O3)CO)O)O)O,2.6300000000000003,2.4975934,是
858,859,biotree,172.8,C[C@@H]1CCC2[C@@]([C@@]13CC4=C(C=C5C(=C4O3)CN(C5=O)[C@@H](CCC(=O)O)C(=O)O)O)(CC[C@H](C2(C)C)O)C,2.8800000000000003,2.8172169,是
859,860,biotree,162.0,CC(C(CCCCCCCCCCCCCCC(C(C)OC1C(C(C(C(O1)CO)O)O)O)O)O)N,2.7,2.1811628,是
860,861,biotree,194.4,COC1=C(C=CC(=C1)C2=C(C(=O)C3=C(O2)C=C(C(=C3O)OC)O)O[C@H]4[C@@H]([C@H]([C@@H]([C@H](O4)CO[C@H]5[C@@H]([C@H]([C@@H]([C@H](O5)CO)O)O)O)O)O)O)O,3.24,2.879499,是
861,862,biotree,199.8,C[C@H]1[C@@H]([C@H]([C@H]([C@@H](O1)O[C@@H]2[C@H]([C@H](CO[C@H]2O[C@H]3CC[C@]4(C(C3(C)C)CC[C@@]5(C4CC=C6[C@]5(CC[C@@]7([C@H]6C[C@](CC7)(C)C(=O)O)C(=O)O[C@H]8[C@@H]([C@H]([C@@H]([C@H](O8)CO[C@H]9[C@@H]([C@H]([C@@H]([C@H](O9)COC(=O)C)O)O)O)O)O)O)C)C)C)O)O)O)O)O,3.33,3.0839965,是
862,863,biotree,209.4,C1=CC(=CC=C1C2=CC(=O)C3=C(C(=C(C(=C3O2)C4C(C(C(C(O4)CO)O)O)O)O)C5C(C(C(C(O5)CO)O)O)O)O)O,3.49,3.0622678,是
863,864,biotree,171.6,CC(=C)C1CCC2(C1C3CCC4C5(CCC(C(C5CCC4(C3(CC2)C(=O)O)C)(C)C(=O)O)O)C)C(=O)O,2.86,3.1142483,是
864,865,biotree,171.6,CC1CCC2[C@@](C13CC4=C(C=C5C(=C4O3)CN(C5=O)C(CCC(=O)O)C(=O)O)O)(CC[C@H](C2(C)C)O)C,2.86,2.8172166,是
865,866,biotree,155.4,C1=CC(=CC=C1C(=O)OC[C@@H]2[C@H]([C@@H]([C@H]([C@H](O2)O[C@]3([C@H]([C@@H]([C@H](O3)CO)O)O)CO)O)O)O)O,2.5900000000000003,2.6010516,是
866,867,biotree,151.2,C[C@]1([C@@H]2[C@H]([C@@H]([C@@H]1O)O)C(=CO[C@H]2O[C@H]3[C@@H]([C@H]([C@@H]([C@H](O3)CO)O)O)O)C(=O)OC)O,2.52,2.4443076,是
867,868,biotree,143.4,COC1=C(C=CC2=C1OC3=C(C2=O)C(=C(C(=C3)O)[C@H]4[C@@H]([C@H]([C@@H]([C@H](O4)CO)O)O)O)O)O,2.39,2.3599772,是
868,869,biotree,160.2,C1=CC=C(C=C1)CO[C@H]2[C@@H]([C@H]([C@@H]([C@H](O2)CO[C@H]3[C@@H]([C@H]([C@@H]([C@H](O3)CO)O)O)O)O)O)O,2.67,2.3515882,是
869,870,biotree,150.0,COC(=O)C1=CO[C@H]([C@H]2[C@@H]1C([C@@H]([C@@H]2CO)O)O)O[C@H]3[C@@H]([C@H]([C@@H]([C@H](O3)CO)O)O)O,2.5,2.46476,是
870,871,biotree,153.0,CC1=C(C(=O)C=CO1)O[C@H]2[C@@H]([C@H]([C@@H]([C@H](O2)CO[C@H]3[C@@H]([C@](CO3)(CO)O)O)O)O)O,2.55,2.3110852,是
871,872,biotree,126.0,CC(/C=C/C1(C(CC(CC1(C)O)O)(C)C)O)OC2C(C(C(C(O2)CO)O)O)O,2.1,2.3478832,是
872,873,biotree,145.8,CC(C)(C1CCC(=CC1)C(=O)OCC2C(C(C(C(O2)OC3=C(C=C(C=C3O)C(=O)O)O)O)O)O)O,2.43,2.6958282,是
873,874,biotree,121.8,COC1=C(C=C2C(=C1)C=CC(=O)O2)O[C@H]3[C@@H]([C@H]([C@@H]([C@H](O3)CO[C@H]4[C@@H]([C@](CO4)(CO)O)O)O)O)O,2.03,2.1313472,是
874,875,biotree,169.2,C[C@@]1([C@H](C[C@]2([C@@H]1[C@@H](OC=C2C(=O)OC)O[C@H]3[C@@H]([C@H]([C@@H]([C@H](O3)CO)O)O)O)O)O)O,2.82,2.4211645,是
875,876,biotree,156.6,CCC(C)C(=O)OC[C@@H]1[C@H]([C@@H]([C@H]([C@H](O1)O[C@@H]2[C@@H]([C@H]([C@@H]([C@H](O2)CO)O)O)O)O)O)O,2.61,2.4065967,是
876,877,biotree,184.8,C1[C@@]([C@H]([C@@H](O1)OC[C@@H]2[C@H]([C@@H]([C@H]([C@@H](O2)OC3=C(C=C4C=COC4=C3)CCC(=O)O)O)O)O)O)(CO)O,3.08,3.2828238,是
877,878,biotree,147.0,C1=CO[C@H]([C@H]2[C@@H]1[C@@H]([C@H]3[C@@]2(O3)CO)OC(=O)C4=CC(=C(C=C4)O)O)O[C@H]5[C@@H]([C@H]([C@@H]([C@H](O5)CO)O)O)O,2.45,2.4228153,是
878,879,biotree,146.4,C/C(=C\CCC(C)(C=C)O)/CO[C@H]1[C@@H]([C@H]([C@@H]([C@H](O1)CO[C@H]2[C@@H]([C@H]([C@H](CO2)O)O)O)O)O)O,2.44,2.2443223,是
879,880,biotree,168.0,C[C@H]1[C@@H]([C@H]([C@H]([C@@H](O1)O[C@@]23C=CO[C@H]([C@@H]2C(=CC3=O)C)O[C@H]4[C@@H]([C@H]([C@@H]([C@H](O4)CO)O)O)O)O)O)O,2.8,2.5237603,是
880,881,biotree,196.8,C[C@H]1[C@@H]([C@H]([C@H]([C@@H](O1)O[C@H]2[C@@H]([C@H](O[C@H]([C@@H]2O)OCCC3=CC(=C(C=C3)O)O)CO)O)O)O)O,3.28,2.760286,是
881,882,biotree,222.6,CC(C/C=C/CC(C)C(=O)O)C(CC(=O)O)O[C@H]1[C@@H]([C@H]([C@@H]([C@H](O1)CO)O)O)O,3.71,3.5155013,是
882,883,biotree,121.2,C[C@H]1[C@@H]([C@H]([C@H]([C@@H](O1)OC[C@@H]2[C@H]([C@@H]([C@H]([C@@H](O2)OC3=C(C=C4C=CC(=O)OC4=C3)OC)O)O)O)O)O)O,2.02,2.1509166,是
883,884,biotree,154.8,CCC1CN(C2CC1CC3C4=CC(=C(C=C4CCN3CCC5=CC(=C(C=C25)OC)OC)OC)OC)O,2.58,2.1295996,是
884,885,biotree,121.8,C=C[C@@H]1[C@@H]2CCOC(=O)C2=CO[C@H]1O[C@H]3[C@@H]([C@H]([C@@H]([C@H](O3)CO[C@H]4[C@@H]([C@](CO4)(CO)O)O)O)O)O,2.03,2.203247,是
885,886,biotree,144.6,COC1=C(C=CC(=C1)CC=C)O[C@H]2[C@@H]([C@H]([C@@H]([C@H](O2)CO[C@H]3[C@@H]([C@H]([C@@H]([C@H](O3)CO)O)O)O)O)O)O,2.41,2.2240777,是
886,887,biotree,144.6,C1[C@H]([C@@H]([C@H]([C@@H](O1)OC[C@@H]2[C@H]([C@@H]([C@H]([C@@H](O2)OC3=CC4=C(C=C3)C=CC(=O)O4)O)O)O)O)O)O,2.41,2.2611914,是
887,888,biotree,294.0,C1=CC(=C(C=C1C2=C(C(=O)C3=C(C=C(C=C3O2)O)O)O)O[C@H]4[C@@H]([C@H]([C@@H]([C@H](O4)C(=O)O)O)O)O)O,4.9,3.105771,是
888,889,biotree,125.4,C[C@H]1[C@@H]([C@H]([C@H]([C@@H](O1)OC[C@@H]2[C@H]([C@@H]([C@H]([C@@H](O2)OC3=C(C=C(C=C3)C(=O)C)OC)O)O)O)O)O)O,2.0900000000000003,2.0749507,是
889,890,biotree,180.0,CC(C/C=C/C=C(\C)/C(=O)OCC(C(C(C(CO)O)O)O)O)C(CC(=O)O)O,3.0,2.922858,是
890,891,biotree,222.0,CC(=O)NC(CC1=CC(=C(C=C1)O)C2=C(C=CC(=C2)CC3C(=O)NC(C(=O)N3)CC(=O)O)O)C(=O)O,3.7,3.23443,是
891,892,biotree,145.2,CC(=CCCC(=C)CCO[C@H]1[C@@H]([C@H]([C@@H]([C@H](O1)C(=O)O)O)O)O[C@H]2[C@@H]([C@H]([C@@H]([C@H](O2)CO)O)O)O)C,2.42,2.658936,是
892,893,biotree,151.8,C=CCC1=CC(=C(C=C1)O[C@H]2[C@@H]([C@H]([C@@H]([C@H](O2)CO[C@H]3[C@@H]([C@H]([C@@H]([C@H](O3)CO)O)O)O)O)O)O)O,2.53,2.5493097,是
893,894,biotree,147.6,C1=CC(=C(C=C1C2=CC(=O)C3=C(O2)C=C(C(=C3O)C4C(C(C(C(O4)CO)O)O)O)O)O)O,2.46,2.5768425,是
894,895,biotree,195.6,C1C(C(C(C(O1)N2C=C(C3=CC=CC=C32)CC(=O)O)O[C@H]4[C@@H]([C@H]([C@@H]([C@H](O4)CO)O)O)O)O)O,3.26,3.0926712,是
895,896,biotree,130.2,C1=CC(=C(C=C1[C@H]2[C@@H](C(=O)C3=C(C=C(C=C3O2)O)O)O)O[C@H]4[C@@H]([C@H]([C@@H]([C@H](O4)CO)O)O)O)O,2.17,2.5072417,是
896,897,biotree,142.2,C[C@@H]1CC[C@@]2(CC[C@@]3(C(=CCC4[C@]3(CCC5[C@@]4(C[C@H]([C@@H]([C@@]5(C)CO)O)O)C)C)C2[C@H]1C)C)C(=O)O,2.37,1.9162133,是
897,898,biotree,140.4,C1=CC(=CC=C1[C@@H]2[C@H](C(=O)C3=C(O2)C=C(C(=C3O)C4[C@@H]([C@H]([C@@H]([C@H](O4)CO)O)O)O)O)O)O,2.3400000000000003,2.4947543,是
898,899,biotree,171.0,C[C@H]1[C@@H]([C@H]([C@H]([C@@H](O1)OC[C@@H]2[C@@H]([C@@H]([C@H]([C@@H](O2)OC3=C(OC4=CC(=CC(=C4C3=O)O)O)C5=CC(=C(C=C5)O)OC)O[C@H]6[C@@H]([C@@H]([C@H]([C@@H](O6)C)O)O)O)O)O)O)O)O,2.85,2.952538,是
899,900,biotree,128.4,C1[C@@]([C@H]([C@@H](O1)O[C@@H]2[C@H]([C@@H]([C@H](O[C@H]2OCCC3=CC=C(C=C3)O)CO)O)O)O)(CO)O,2.14,2.3333712,是
900,901,biotree,164.4,CC(C)C(=O)OC[C@@H]1[C@H]([C@@H]([C@H]([C@H](O1)O[C@@H]2[C@@H]([C@H]([C@@H]([C@H](O2)CO)O)O)O)O)O)O,2.74,2.5188456,是
901,902,biotree,170.4,C[C@@]1(CC[C@H]2[C@@H]1[C@@H](OC=C2C(=O)O)O[C@H]3[C@@H]([C@H]([C@@H]([C@H](O3)COC(=O)C4=CC=C(C=C4)O)O)O)O)O,2.8400000000000003,2.7167585,是
902,903,biotree,163.8,CC1=C(/C(=C\CO[C@H]2[C@@H]([C@H]([C@@H]([C@H](O2)CO)O)O)O)/C(C1)OC(=O)/C=C/C3=CC=C(C=C3)O)C(=O)O,2.73,2.6194468,是
903,904,biotree,130.8,C1=CC(=CC=C1C2=COC3=CC(=CC(=C3C2=O)O)O)O[C@H]4[C@@H]([C@H]([C@@H]([C@H](O4)C(=O)O)O)O)O,2.18,2.5939596,是
904,905,biotree,147.0,C1=CC(=CC=C1C2=CC(=O)C3=C(O2)C(=C(C=C3)O)[C@H]4[C@@H]([C@H]([C@@H]([C@H](O4)CO)O)O)O)O,2.45,2.1954503,是
905,906,biotree,129.0,C1[C@@]([C@H]([C@@H](O1)OC[C@@H]2[C@H]([C@@H]([C@H]([C@@H](O2)OCCC3=CC=C(C=C3)O)O)O)O)O)(CO)O,2.15,2.3981688,是
906,907,biotree,146.4,CC1=C(C(=O)C=CO1)O[C@H]2[C@@H]([C@H]([C@@H]([C@H](O2)COC(=O)CC(C)(CC(=O)O)O)O)O)O,2.44,2.592915,是
907,908,biotree,127.2,CC(=O)O[C@]1(C[C@H]([C@]2([C@@H]1[C@@H](OC=C2)O[C@H]3[C@@H]([C@H]([C@@H]([C@H](O3)CO)O)O)O)O)O)C,2.12,2.1956022,是
908,909,biotree,136.8,C1[C@@H]([C@@H]([C@H]([C@@H](O1)OC[C@@H]2[C@H]([C@@H]([C@H]([C@@H](O2)OCC3=CC=CC=C3)O)O)O)O)O)O,2.28,2.130548,是
909,910,biotree,156.0,COC1=C2C(=CC(=C1O[C@H]3[C@@H]([C@H]([C@@H]([C@H](O3)CO)O)O)O)CCC(=O)O)C=CO2,2.6,2.7079897,是
910,911,biotree,237.0,C=CC1C(C(=COC1OC2C(C(C(C(O2)CO)O)O)O)C(=O)O)CC(=O)O,3.95,3.6600637,是
911,912,biotree,123.0,CCCC(C(/C=C/C1=C(C2C(CC(O2)C(C)(C)O)(C(C1O)O)O)CO)O)O,2.05,2.025218,是
912,913,biotree,130.2,C1=CC2=C(C=C1O)O[C@H](C(=O)N2)O[C@H]3[C@@H]([C@H]([C@@H]([C@H](O3)CO)O)O)O,2.17,2.095745,是
913,914,biotree,126.0,C1[C@H]([C@@H]([C@H]([C@@H](O1)OC[C@@H]2[C@H]([C@@H]([C@H]([C@@H](O2)OCC3=CC=CC=C3)O)O)O)O)O)O,2.1,2.130548,是
914,915,biotree,125.4,C/C(=C\CO[C@H]1[C@@H]([C@H]([C@@H]([C@H](O1)CO)O)O)O)/C(CCC(C)(C)O)O,2.0900000000000003,1.9362116,是
915,916,biotree,172.8,CC1(CC(C2(C1C(OC=C2)O[C@H]3[C@@H]([C@H]([C@@H]([C@H](O3)CO)O)O)O)O)O)O,2.8800000000000003,2.7888868,是
916,917,biotree,186.6,CC1CC(CC(C1(/C=C/C(C(=O)O)O)O)(C)C)OC(=O)CC(C)(CC(=O)O)O,3.11,3.146721,是
917,918,biotree,126.0,CCCCCCOC1C(C(C(C(O1)COC2C(C(C(CO2)O)O)O)O)O)O,2.1,2.155902,是
918,919,biotree,172.8,C[C@@H](C([C@H](C)O)(C(=O)OCC1=CC=CC=C1NC(=O)CCC(C(=O)O)N)O)O,2.8800000000000003,3.1077995,是
919,920,biotree,126.0,COC(=O)C1=COC(C2C1C(C=C2CO)O)OC3C(C(C(C(O3)CO)O)O)O,2.1,2.122563,是
920,921,biotree,171.6,C1=CC(=C(C(=C1)O[C@H]2[C@@H]([C@H]([C@@H]([C@H](O2)CO)O)O)O)O)CCC(=O)O,2.86,3.1362853,是
921,922,biotree,139.2,C1=CC=C(C=C1)/C=C(/C(=O)O)\O[C@H]2[C@@H]([C@H]([C@@H]([C@H](O2)CO)O)O)O,2.32,2.5496783,是
922,923,biotree,141.0,CC(=O)NC(CCC(=O)O)C(=O)NCCC1=CC=C(C=C1)O,2.35,2.4107838,是
923,924,biotree,147.6,CS(=O)C[C@@H]1[C@H]([C@H]([C@@H](O1)N2C=NC3=C(N=CN=C32)N)O)O,2.46,1.9615936,是
924,925,biotree,139.2,C[C@H]1[C@@H]([C@H]([C@H]([C@@H](O1)OC[C@@H]2[C@H]([C@@H]([C@H]([C@@H](O2)OC3=C(OC4=CC(=CC(=C4C3=O)O)OC)C5=CC(=C(C=C5)O)O)O)O)O)O)O)O,2.32,2.6881647,是
925,926,biotree,199.8,CC(C(C12CC1CC=CC2=O)O)NC(=O)C(CC(C(=O)O)O)N,3.33,3.2045949,是
926,927,biotree,149.4,CC12CCC(C1CCC3C2(CCC4C3(CCC(C4(C)CO)O[C@H]5[C@@H]([C@H]([C@@H]([C@H](O5)CO[C@H]6[C@@H]([C@H]([C@@H]([C@H](O6)CO)O)O)O)O)O)O)C)C)C7(CCC(O7)C(C)(C)O)C,2.49,2.2525477,是
927,928,biotree,129.6,CC(=CC1C(C(CO1)C2CCC3(C2(CCC45C3CCC6C4(C5)CCC(C6(C)C)OC7C(C(C(C(O7)CO)O)O)OC8C(C(C(C(O8)CO)O)O)O)C)C)O)C,2.16,2.1416864,是
928,929,biotree,139.2,CC(C(=O)NC1=CC=CC=C1C(=O)N)NC(=O)CC(=O)O,2.32,2.2705355,是
929,930,biotree,171.6,CC(=O)NC1C(C(C(OC1OC2CCC3(C(C2(C)C)CCC4(C3CC=C5C4(CCC6(C5CC(CC6)(C)C)C(=O)OC7C(C(C(C(O7)CO)O)O)O)C)C)C)COC8C(C(C(CO8)O)O)OC9C(C(C(CO9)O)O)O)O)O,2.86,2.6572213,是
930,931,biotree,145.2,CCCCCCC1=C(C(=O)N(C1=O)C(CCC(=O)O)C(=O)O)C,2.42,2.5574164,是
931,932,biotree,120.6,CC(CC(=O)CC12COC3(C1CC2CC3)CO)C(=O)O,2.01,1.96727,是
932,933,biotree,199.2,C1=CC(=CC=C1CC(=O)O)O[C@H]2[C@@H]([C@H]([C@@H]([C@H](O2)CO)O)O)O,3.32,2.9174404,是
933,934,biotree,195.6,C[C@H]1[C@@H]([C@H]([C@H]([C@@H](O1)O[C@@H]2[C@H](O[C@H]([C@@H]([C@H]2O)O)OC[C@@H]3[C@H]([C@@H]([C@H]([C@@H](O3)OC(=O)[C@@]45CC[C@@]6(C(=CCC7[C@]6(CCC8[C@@]7(CC[C@@H](C8(C)C)O[C@H]9[C@@H]([C@H]([C@H](CO9)O)O[C@H]1[C@@H]([C@H]([C@@H]([C@H](O1)CO)O)O)O)O)C)C)[C@@H]4CC(CC5)(C)C)C)O)O)O)CO)O)O)O,3.26,3.0889096,是
934,935,biotree,207.0,C[C@]12CC[C@@H](C(C1CC[C@@]3(C2CC=C4[C@]3(CC[C@@]5([C@H]4CC(CC5)(C)C)C(=O)O[C@@H]6[C@@H]([C@H]([C@@H]([C@H](O6)CO)O)O)O)C)C)(C)C)O[C@H]7[C@@H]([C@H]([C@@H]([C@H](O7)C(=O)O)O)OC(C(C(=O)O)O)OCC(=O)O)O,3.45,3.4800005,是
935,936,biotree,163.2,C[C@H]1[C@H]([C@@H]([C@H]([C@H](O1)O[C@H]2CC[C@]3([C@H](C2)CC[C@@H]4C3CC[C@]5([C@@]4(CC[C@@H]5C6=CC(=O)OC6)O)C)C=O)O)OC)O[C@H]7[C@@H]([C@H]([C@@H]([C@H](O7)CO[C@H]8[C@@H]([C@H]([C@@H]([C@H](O8)CO)O)O)O)O)O)O,2.72,2.535583,是
936,937,biotree,153.0,C[C@@H]1CC[C@@]2([C@H]([C@H]3[C@@H](O2)CC4[C@@]3(CCC5C4CC=C6[C@@]5(CC[C@@H](C6)O[C@H]7[C@@H]([C@H]([C@@H]([C@H](O7)CO)O[C@H]8[C@@H]([C@@H]([C@H]([C@@H](O8)C)O)O)O)O)O[C@H]9[C@@H]([C@@H]([C@H]([C@@H](O9)C)O[C@H]2[C@@H]([C@@H]([C@H]([C@@H](O2)C)O)O)O)O)O)C)C)C)OC1,2.55,2.4940963,是
937,938,biotree,211.8,C[C@]12CC[C@@H]([C@@](C1CC[C@@]3(C2CC=C4[C@]3(C[C@H]([C@@]5([C@H]4CC(CC5)(C)C)C(=O)O)O)C)C)(C)C=O)O[C@H]6[C@@H]([C@H]([C@@H]([C@H](O6)C(=O)O)O)O[C@H]7[C@@H]([C@H]([C@@H](CO7)O)O)O)O[C@H]8[C@@H]([C@H]([C@H]([C@H](O8)CO)O)O)O,3.53,3.3749585,是
938,939,biotree,187.2,C[C@H]1[C@@H]([C@H]([C@H]([C@@H](O1)O[C@@H]2[C@H]([C@@H]([C@H](O[C@H]2OC3CC4CCC5C(C4(CC3O)C)CCC6(C5CC7C6C(C(O7)(CCC(C)CO[C@H]8[C@@H]([C@H]([C@@H]([C@H](O8)CO)O)O)O)O)C)C)CO)O)O)O)O)O,3.12,2.899396,是
939,940,biotree,176.4,C[C@H]1[C@H]2[C@H](CC3[C@@]2(CCC4C3CC=C5[C@@]4(CC[C@@H](C5)O[C@H]6[C@@H]([C@H]([C@H]([C@H](O6)CO)O)O[C@H]7[C@@H]([C@H]([C@@H]([C@H](O7)CO)O)O)O)O[C@H]8[C@@H]([C@@H]([C@H]([C@@H](O8)C)O)O)O)C)C)O[C@]19CCC(CN9)C,2.94,2.6064224,是
940,941,biotree,172.8,C[C@]12CC[C@@H]([C@@](C1CC[C@@]3(C2CC=C4[C@]3(C[C@H]([C@@]5([C@H]4CC(CC5)(C)C)C(=O)O[C@H]6[C@@H]([C@H]([C@@H]([C@H](O6)CO)O)O)O)O)C)C)(C)C(=O)O)O[C@H]7[C@@H]([C@H]([C@@H](CO7)O)O)O,2.8800000000000003,2.7730374,是
941,942,biotree,171.0,C[C@@H]1[C@@H]([C@@H]([C@H]([C@@H](O1)OC[C@@H]2[C@H]([C@@H]([C@H]([C@@H](O2)O[C@H]3CC[C@]4(C(C3(C)C)CC[C@@]5(C4CC=C6[C@]5(CC([C@@]7(C6CC(CC7)(C)C)C(=O)O)O)C)C)C)NC(=O)C)O)O)O[C@H]8[C@@H]([C@H]([C@@H](CO8)O)O)O)O)O,2.85,2.7564416,是
942,943,biotree,159.6,CC1C(C(C(C(O1)OC2C(C(C(OC2OC3C(C(OC(C3O)O[C@H]4CC[C@@]5(C6CC[C@@]7([C@H](CC[C@@]7([C@@H]6CCC5=C4)O)C8=COC(=O)C=C8)C)C)CO)O)CO)O)O)O)O)O,2.66,2.648729,是
943,944,biotree,208.2,C1=CC(=CC=C1C2=C(C(=O)C3=C(C=C(C=C3O2)O[C@H]4[C@@H]([C@H]([C@@H]([C@H](O4)CO)O)O)O)O)O[C@H]5[C@@H]([C@H]([C@@H]([C@H](O5)CO)O)O)O[C@H]6[C@@H]([C@H]([C@@H]([C@H](O6)CO)O)O)O)O,3.47,3.3850465,是
944,945,biotree,153.0,C[C@H]1[C@@H]([C@H]([C@H]([C@@H](O1)OCC2C(C(C(C(O2)OC3=C(OC4=CC(=CC(=C4C3=O)O)OC)C5=CC=C(C=C5)O)O[C@H]6[C@@H]([C@@H]([C@H]([C@@H](O6)C)O)O)O)O)O)O)O)O,2.55,2.74468,是
945,946,biotree,122.4,C[C@@H]1CC[C@@]2(CC[C@@]3(C(=CCC4[C@]3(CCC5[C@@]4(CC[C@@H](C5(C)C)O[C@H]6[C@@H]([C@H]([C@@H]([C@H](O6)CO)O)O)O)C)C)[C@@H]2[C@H]1C)C(=O)O)C(=O)O,2.04,2.6960168,是
946,947,biotree,178.8,CC1C(C(C(C(O1)OC2C(C(C(OC2OC3CCC4C(=CCC5C4(C(=O)CC6(C5(CCC6C(C)(CCC(C(C)(C)OC7C(C(C(C(O7)CO)O)O)O)O)O)C)C)C)C3(C)C)CO)O)O)O)O)O,2.98,2.7158604,是
947,948,biotree,183.0,C[C@H]1[C@@H]([C@H]([C@H]([C@@H](O1)O[C@@H]2[C@H]([C@@H]([C@H](O[C@H]2O[C@@]34CC[C@H]5[C@@]6(CCC[C@@]([C@H]6CC[C@]5(C3)CC4=C)(C)C(=O)O[C@H]7[C@@H]([C@H]([C@@H]([C@H](O7)CO)O)O)O)C)CO)O)O[C@H]8[C@@H]([C@H]([C@@H]([C@H](O8)CO)O)O)O)O)O)O,3.05,3.1970868,是
948,949,biotree,217.2,COC1=CC(=C(C=C1)C2C(C(C2C(=O)O)C(=O)O)C3=C(C=C(C=C3)OC)O[C@H]4[C@@H]([C@H]([C@@H]([C@H](O4)CO)O)O)O)O[C@H]5[C@@H]([C@H]([C@@H]([C@H](O5)CO)O)O)O,3.62,3.6575394,是
949,950,biotree,145.8,CCCCCCCCC(C(CC(=O)O)O)C(=O)O,2.43,2.6593528,是
950,951,biotree,181.2,C[C@H]1[C@@H]([C@H]([C@H]([C@@H](O1)O[C@@H]2CO[C@H]([C@@H]([C@H]2O[C@H]3[C@@H]([C@H]([C@@H]([C@H](O3)CO)O)O)O)O)O[C@H]4CC[C@]5(C([C@]4(C)CO)CC[C@@]6(C5CC=C7[C@]6(CC[C@@]8([C@H]7CC(CC8)(C)C)C(=O)O[C@H]9[C@@H]([C@H]([C@@H]([C@H](O9)CO)O)O)O)C)C)C)O)O)O,3.02,2.847664,是
951,952,biotree,175.8,C[C@@H]1CC[C@@]2(CC[C@@]3(C(=CCC4[C@]3(CCC5[C@@]4(C[C@H]([C@@H]([C@@]5(C)CO)O)O)C)C)C2[C@H]1C)C)C(=O)O[C@H]6[C@@H]([C@H]([C@@H]([C@H](O6)CO[C@H]7[C@@H]([C@H]([C@@H]([C@H](O7)CO)O[C@H]8[C@@H]([C@@H]([C@H]([C@@H](O8)C)O)O)O)O)O)O)O)O,2.93,2.7672644,是
952,953,biotree,193.8,C[C@H]1[C@@H]([C@H]([C@H]([C@@H](O1)O[C@H]2[C@@H]([C@H](O[C@H]([C@@H]2O[C@H]3[C@@H]([C@H]([C@@H]([C@H](O3)CO)O)O)O)O[C@H]4CC[C@]5(C(C4(C)C)CC[C@@]6(C5CC=C7[C@]6(CC[C@@]8(C7CC(CC8)(C)C)C(=O)O)C)C)C)C(=O)O)O)O)O)O,3.23,3.1713207,是
953,954,biotree,170.4,C[C@H]1[C@@H]([C@H]([C@H]([C@@H](O1)O[C@@H]2[C@H]([C@@H](CO[C@H]2O[C@@H]3[C@H]([C@@H]([C@H](O[C@H]3O[C@H]4CC[C@]5(C(C4(C)C)CC[C@@]6(C5CC=C7[C@]6(CC[C@@]8(C7CC(C[C@H]8O)(C)C)C)C)C)C=O)C(=O)O)O)O)O)O)O)O)O,2.8400000000000003,2.6466517,是
954,955,biotree,136.2,CC(=CCCC(C)([C@H]1CC[C@@]2([C@@H]1[C@@H](CC3[C@]2(CC[C@@H]4[C@@]3(CC[C@@H](C4(C)C)O[C@H]5[C@@H]([C@H]([C@@H]([C@H](O5)CO)O)O)O[C@H]6[C@@H]([C@H]([C@@H]([C@H](O6)CO)O)O)O)C)C)O)C)O)C,2.27,2.1545215,是
955,956,biotree,162.0,COC1=CC(=CC(=C1O[C@H]2[C@@H]([C@H]([C@@H]([C@H](O2)CO)O)O)O)OC)[C@H]3[C@H]4CO[C@H]([C@H]4CO3)C5=CC(=C(C(=C5)OC)O[C@H]6[C@@H]([C@H]([C@@H]([C@H](O6)CO)O)O)O)OC,2.7,2.3518229,是
956,957,biotree,140.4,CC1(CCC2C(=C1)C(=O)CC3C2(CCCC3(C)C(=O)O)C)CCOC4C(C(C(C(O4)CO)O)O)O,2.3400000000000003,2.3056672,是
957,958,biotree,195.0,C[C@]12CC[C@@H](C(C1CC[C@@]3(C2CC=C4[C@]3(CC[C@@]5(C4CC(CC5)(C)C)C(=O)O[C@H]6[C@@H]([C@H]([C@@H]([C@H](O6)CO)O)O)O)C)C)(C)C)O[C@H]7[C@@H]([C@H]([C@@H]([C@H](O7)C(=O)O)O[C@H]8[C@@H]([C@H]([C@@H]([C@H](O8)CO)O)O)O)O)O[C@H]9[C@@H]([C@H]([C@@H]([C@H](O9)CO)O)O)O,3.25,3.2843852,是
958,959,biotree,176.4,C[C@]12CC[C@@H](C(C1CC[C@@]3(C2CC=C4[C@]3(CC[C@@]5(C4CC(CC5)(C)C)C(=O)OC6C(C(C(C(O6)CO)O)O)O)C)C)(C)C)OC7C(C(C(C(O7)C(=O)O)O)OC8C(C(C(C(O8)CO)O)O)O)O,2.94,2.9068985,是
959,960,biotree,195.0,C[C@H]1[C@@H]([C@H]([C@H]([C@@H](O1)O[C@@H]2[C@H]([C@H]([C@H](O[C@H]2O[C@@H]3[C@H]([C@@H]([C@H](O[C@H]3O[C@H]4CC[C@]5(C(C4(C)C)CC[C@@]6(C5CC=C7[C@]6(CC[C@@]8([C@H]7CC(C[C@H]8O)(C)C)C)C)C)C)C(=O)O)O)O)C(=O)O)O)O)O)O)O,3.25,3.1594663,是
960,961,biotree,166.8,CC1=C(C(=O)O[C@@H](C1)[C@@](C)([C@@]2(CC[C@@]3([C@@]2(CCC4[C@H]3CC=C5[C@@]4(C(=O)CC(C5)O[C@H]6[C@@H]([C@H]([C@@H]([C@H](O6)CO)O[C@H]7[C@@H]([C@H]([C@@H]([C@H](O7)CO)O)O)O)O)O)C)C)O)O)O)C,2.78,2.5767798,是
961,962,biotree,159.6,CC1=C(CC(OC1=O)C(C)C2CCC3C2(CCC4C3CC=C5C4(C(CC(C5)OC6C(C(C(C(O6)COC7C(C(C(C(O7)CO)O)O)O)O)O)O)O)C)C)CO,2.66,2.404683,是
962,963,biotree,126.6,C[C@]12CC[C@@H]([C@@](C1CC[C@@]3(C2CC=C4[C@]3(CC[C@@]5([C@H]4CC(CC5)(C)C)C(=O)O[C@H]6[C@@H]([C@H]([C@@H]([C@H](O6)CO)O)O)O)C)C)(C)CO)O[C@H]7[C@@H]([C@H]([C@H](CO7)O)O)O,2.11,2.1205401,是
963,964,biotree,180.6,C[C@H]1[C@@H]([C@H]([C@H]([C@@H](O1)OC[C@@H]2[C@H]([C@@H]([C@H]([C@@H](O2)OC3=CC=C(C=C3)C4CC(=O)C5=C(C=C(C=C5O4)O[C@H]6[C@@H]([C@H]([C@@H]([C@H](O6)CO)O)O)O)O)O)O)O)O)O)O,3.01,3.093351,是
964,965,biotree,192.6,C(CCCC(=O)O)CC/C=C/C(=O)O,3.21,3.0684028,是
965,966,biotree,200.4,CC(=CCC[C@@](C)(C1CC[C@@]2([C@@H]1[C@@H](CC3[C@]2(CC[C@@H]4[C@@]3(CC[C@@H](C4(C)C)O[C@H]5[C@@H]([C@H]([C@@H]([C@H](O5)CO)O)O)O[C@H]6[C@@H]([C@H]([C@@H]([C@H](O6)CO)O)O)O)C)C)O)C)O[C@H]7[C@@H]([C@H]([C@@H]([C@H](O7)CO[C@H]8[C@@H]([C@H]([C@@H]([C@H](O8)CO)O)O)O)O)O)O)C,3.3400000000000003,3.0238764,是
966,967,biotree,187.2,C[C@H]1[C@@H]([C@H]([C@H]([C@@H](O1)O[C@@H]2[C@H]([C@@H]([C@H](O[C@H]2OC3=C(OC4=CC(=CC(=C4C3=O)O)O[C@H]5[C@@H]([C@H]([C@@H]([C@H](O5)CO)O)O[C@H]6[C@@H]([C@H]([C@@H]([C@H](O6)CO)O)O)O)OC(=O)/C=C/C7=CC=C(C=C7)O)C8=CC=C(C=C8)O)CO)O)O)O)O)O,3.12,3.2408457,是
967,968,biotree,179.4,C[C@]12CC[C@@H](C(C1CC[C@@]3(C2CC=C4[C@]3(CC[C@@]5(C4CC(CC5)(C)C)C(=O)O[C@H]6[C@@H]([C@H]([C@@H]([C@H](O6)CO)O)O)O)C)C)(C)C)O[C@H]7[C@@H]([C@H]([C@@H]([C@H](O7)C(=O)O)O)O[C@H]8[C@@H]([C@H]([C@H]([C@H](O8)CO)O)O)O)O,2.99,2.9068985,是
968,969,biotree,205.8,COC1=C(C=CC(=C1)C2=CC(=O)C3=C(O2)C=C(C(=C3O)C4C(C(C(C(O4)CO)O)OC5C(C(C(C(O5)CO)O)O)OC6C(C(C(C(O6)CO)O)O)O)OC(=O)/C=C/C7=CC=C(C=C7)O)O)O,3.43,3.0319417,是
969,970,biotree,148.8,C[C@H]1[C@@H]([C@H]([C@H]([C@@H](O1)O[C@@H]2[C@H]([C@H](CO[C@H]2O[C@H]3CC[C@]4(C([C@]3(C)CO)CC[C@@]5(C4CC=C6[C@]5(CC[C@@]7([C@H]6CC(CC7)(C)C)C(=O)O)C)C)C)O)O)O)O[C@H]8[C@@H]([C@H]([C@@H](CO8)O)O)O)O,2.48,2.7118235,是
970,971,biotree,145.8,C[C@@]12CCC3[C@@](C1CC=C4[C@]2(CC[C@@]5([C@H]4CC(CC5)(C)C)C(=O)OC6C(C(C(C(O6)CO)O)O)O)C)(C[C@H]([C@@H](C3(C)C)OC7C(C(C(C(O7)C(=O)O)O)O)O)O)C,2.43,2.6547475,是
971,972,biotree,151.2,C[C@H]1CC[C@@]2([C@H]([C@H]3[C@@H](O2)CC4[C@@]3(CCC5[C@H]4CC[C@H]6[C@@]5(CC[C@@H](C6)O[C@H]7[C@@H]([C@H]([C@@H]([C@H](O7)CO)O[C@H]8[C@@H]([C@@H]([C@H]([C@@H](O8)C)O)O)O)O)O[C@H]9[C@@H]([C@H]([C@@H]([C@H](O9)CO)O)O)O)C)C)C)OC1,2.52,2.364318,是
972,973,biotree,135.6,C[C@@H](C1=CC2(C=C[C@H]3[C@@H]2[C@@H](OC=C3C(=O)OC)O[C@H]4[C@@H]([C@H]([C@@H]([C@H](O4)CO)O)O)O)OC1=O)OC(=O)/C=C/C5=CC=C(C=C5)O[C@H]6[C@@H]([C@H]([C@@H]([C@H](O6)CO)O)O)O,2.26,2.2270036,是
973,974,biotree,145.8,C1=CC(=C(C=C1O[C@H]2[C@@H]([C@H]([C@@H]([C@H](O2)CO)O)O)O)C(=O)O)O,2.43,3.2662077,是
974,975,biotree,231.6,CCCC[C@@H](C)[C@H]([C@H](C[C@@H](C)C[C@@H](CCCCC(C[C@@H]([C@H](C)N)O)O)O)OC(=O)CC(CC(=O)O)C(=O)O)OC(=O)CC(CC(=O)O)C(=O)O,3.86,3.6581173,是
975,976,biotree,124.8,CC(C)(C1CC2=C(O1)C=C3C(=C2OC)C(=O)C=C(O3)CO[C@H]4[C@@H]([C@H]([C@@H]([C@H](O4)CO)O)O)O)O,2.08,1.9480013,是
976,977,biotree,137.4,CC1C2=C(CC(N1)C(=O)O)C3=CC=CC=C3N2,2.29,1.9674995,是
977,978,biotree,230.4,C[C@@H]1[C@@H]([C@@H]([C@H]([C@@H](O1)OC(=O)[C@]23CCC(C[C@H]2C4=CCC5[C@]6(CC[C@@H]([C@@](C6CC[C@]5([C@@]4(C[C@H]3O)C)C)(C)C=O)O[C@H]7[C@@H]([C@H]([C@@H]([C@H](O7)C(=O)O)O)O[C@H]8[C@@H]([C@H]([C@@H](CO8)O)O)O)O[C@H]9[C@@H]([C@H]([C@H]([C@H](O9)CO)O)O)O)C)(C)C)OC1C(C(C(C(O1)CO)O)O)O)O)OC1C(C(C(C(O1)C)OC1C(C(C(CO1)O)O)O)O)O,3.84,3.7648678,是
978,979,biotree,196.2,C[C@H]1[C@@H]([C@H]([C@H]([C@@H](O1)O[C@@H]2[C@H](O[C@H]([C@@H]([C@H]2O)O)OC[C@@H]3[C@H]([C@@H]([C@H]([C@@H](O3)OC(=O)[C@@]45CC[C@@]6(C(=CCC7[C@]6(CCC8[C@@]7(CC[C@@H](C8(C)C)O[C@H]9[C@@H]([C@H]([C@H](CO9)O)O)O[C@H]1[C@@H]([C@H]([C@@H]([C@H](O1)CO)O)O)O)C)C)[C@@H]4CC(CC5)(C)C)C)O)O)O)CO)O)O)O,3.27,3.0873466,是
979,980,biotree,187.2,CCCCCC(CC(CC(=O)OC(CCCCC)CC(CC(=O)OC(CCCCC)CC(CC(=O)O)OC1C(C(C(C(O1)CO)O)O)O)OC2C(C(C(C(O2)CO)O)O)O)OC3C(C(C(C(O3)CO)O)O)O)O,3.12,3.1770535,是
980,981,biotree,168.0,C[C@]12CC[C@@H](C(C1CC[C@@]3(C2CC=C4[C@]3(CC[C@@]5([C@H]4CC(CC5)(C)C)C(=O)O[C@H]6[C@@H]([C@H]([C@@H]([C@H](O6)CO)O)O)O)C)C)(C)C)O[C@H]7[C@@H]([C@H]([C@@H]([C@H](O7)C(=O)O)O)O[C@H]8[C@@H]([C@H]([C@@H](CO8)O)O)O)O,2.8,2.7874346,是
981,982,biotree,156.6,C=C(CCO)C(=O)OC[C@@H]1[C@H]([C@@H]([C@H]([C@@H](O1)OCCC(=C)C(=O)OC[C@@H]2[C@H]([C@@H]([C@H]([C@@H](O2)OCCC(=C)C(=O)OC3COC(C(C3O)O)COC(=O)C(=C)CCO)O)O)O)O)O)O,2.61,2.3822327,是
982,983,biotree,176.4,CC1C(C(C(C(O1)OCC2C(C(C(C(O2)OC3=C(OC4=CC(=CC(=C4C3=O)O)O)C5=CC=C(C=C5)O)OC6C(C(C(C(O6)C)O)O)O)O)O)O)O)O,2.94,2.924597,是
983,984,biotree,216.0,CCCC[C@@H](C)[C@H]([C@H](C[C@@H](C)C[C@@H](CCCCCC[C@@H]([C@H](C)N)O)O)OC(=O)CC(CC(=O)O)C(=O)O)OC(=O)C[C@@H](CC(=O)O)C(=O)O,3.6,3.5767508,是
984,985,biotree,201.6,CC(C)C[C@@H](C(=O)N[C@@H](CCCN=C(N)N)C(=O)N1CCC[C@H]1C(=O)NNC(=O)N)NC(=O)[C@@H](COC(C)(C)C)NC(=O)[C@H](CC2=CC=C(C=C2)O)NC(=O)[C@H](CO)NC(=O)[C@H](CC3=CNC4=CC=CC=C43)NC(=O)[C@H](CC5=CN=CN5)NC(=O)[C@@H]6CCC(=O)N6,3.36,2.9144213,是
985,986,biotree,186.0,CC(=CCCC(C)(C1CCC2(C1C(CC3C2(CCC4C3(CCC(C4(C)C)OC5C(C(C(C(O5)CO)O)O)OC6C(C(C(C(O6)CO)O)O)O)C)C)O)C)OC7C(C(C(C(O7)COC8C(C(C(O8)CO)O)O)O)O)O)C,3.1,2.8905194,是
986,987,biotree,153.6,CC(C)C1C(=O)NC(CSSCC(C(=O)NC(C(=O)NC(C(=O)NC(C(=O)N1)CCCCN)CC2=CNC3=CC=CC=C32)CC4=CC=C(C=C4)O)NC(=O)C(CC5=CC=CC=C5)N)C(=O)NC(CC6=CNC7=CC=CC=C76)C(=O)N,2.56,2.249082,是
987,988,biotree,229.2,CC[C@H](C)[C@@H](C(=O)O)NC(=O)C(CCCN=C(N)N)NC(=O)[C@H](CCCN=C(N)N)NC(=O)[C@H](CC(C)C)NC(=O)[C@H](CC1=CC=CC=C1)NC(=O)CNC(=O)CNC(=O)[C@H](CC2=CC=C(C=C2)O)N,3.82,3.4109442,是
988,989,biotree,184.8,C[C@H]1[C@@H]([C@H]([C@H]([C@@H](O1)O[C@@H]2[C@H](O[C@H]([C@@H]([C@H]2O)O)OC[C@@H]3[C@H]([C@@H]([C@H]([C@@H](O3)OC(=O)[C@]45CCC(=C)C[C@H]4C6=CC[C@@H]7[C@]8(CC[C@@H](C([C@@H]8CC[C@]7([C@@]6(CC5)C)C)(C)C)O[C@H]9[C@@H]([C@H]([C@H](CO9)O)O)O[C@H]1[C@@H]([C@@H]([C@H]([C@@H](O1)C)O)O)O)C)O)O)O)CO)O)O)O,3.08,3.0011058,是
989,990,biotree,273.0,C([C@@H]1[C@H]([C@@H]([C@H]([C@H](O1)OC[C@@H]2[C@H]([C@@H]([C@H]([C@H](O2)O[C@H]([C@@H](CO)O)[C@@H]([C@H](C=O)O)O)O)O)O)O)O)O)O,4.55,4.172195,是
990,991,biotree,153.0,CC(C)(C(=O)O)O,2.55,2.223267,是
991,992,biotree,189.0,C1=C(OC(=CC1=O)C(=O)O)C(=O)O,3.15,3.1619525,是
992,993,biotree,190.2,C([C@H]([C@H]([C@@H]([C@@H](C(=O)CO)O)O)O)O)O,3.17,2.6563702,是
993,994,biotree,182.4,C(C#N)[C@@H](C(=O)O)N,3.04,3.2138915,是
994,995,biotree,139.8,C1=C(OC(=C1)C(=O)O)CO,2.33,2.0355277,是
995,996,biotree,162.0,C1[C@H]([C@H]([C@@H]([C@](O1)(CO)O)O)O)O,2.7,2.253951,是
996,997,biotree,176.4,COC1[C@@H]([C@H](C([C@@H]([C@H]1O)O)O)O)O,2.94,2.3266027,是
997,998,biotree,206.4,CC(C)(C(=O)O)ON=C(C1=CSC(=N1)N)C(=O)NC2C3N(C2=O)C(=C(CS3)C[N+]4=CC=CC=C4)C(=O)O,3.44,3.7991514,是
998,999,biotree,191.4,CC(CCCN)NC1=C2C=CC(=CC2=NC=C1)Cl,3.19,2.166956,是
999,1000,biotree,178.2,CC=C(C)C(=O)OC1C(C2(C(CC1(C)C)C3=CCC4C5(CCC(C(C5CCC4(C3(CC2O)C)C)(C)CO)OC6C(C(C(C(O6)C(=O)O)OC7C(C(C(C(O7)CO)O)O)O)O)OC8C(C(C(C(O8)CO)O)O)O)C)CO)OC(=O)C,2.97,2.8849356,是
1000,1001,biotree,183.6,C1=CC2=C(C=C1NC(=O)CI)C(=O)OC23C4=C(C=C(C=C4)O)OC5=C3C=CC(=C5)O,3.06,3.315126,是
1001,1002,biotree,219.6,C1=CC2=C(C(=C1)O[C@H]3[C@@H]([C@H]([C@@H]([C@H](O3)CO)O)O)O)C(=O)C4=C([C@@H]2[C@@H]5C6=C(C(=CC=C6)O[C@H]7[C@@H]([C@H]([C@@H]([C@H](O7)CO)O)O)O)C(=O)C8=C5C=C(C=C8O)C(=O)O)C=C(C=C4O)C(=O)O,3.66,3.6097715,是
1002,1003,biotree,130.2,CN(CC(CO)O)C(=O)C1=C(C(=C(C(=C1I)C(=O)NCC(CO)O)I)NC(=O)COC)I,2.17,2.0630708,是
1003,1004,biotree,172.2,C[C@H]1[C@@H]([C@H]([C@H]([C@@H](O1)O[C@@H]2[C@H]([C@@H]([C@H](O[C@H]2O[C@H]3CO[C@H]([C@@H]([C@H]3O)O[C@H]4[C@@H]([C@H]([C@@H](C(O4)CO)O)O)O)O[C@H]5CC[C@@]6([C@H]7CCC89[C@@H]1C[C@@](CCC1(CO8)[C@@H](C[C@]9([C@@]7(CC[C@H]6C5(C)C)C)C)O)(C)C=O)C)CO)O)O)O)O)O,2.87,2.7508678,是
1004,1005,biotree,174.0,CC(=CCC[C@@](C)([C@H]1CC[C@@]2([C@@H]1[C@@H](C[C@H]3[C@]2(C[C@@H]([C@@H]4[C@@]3(CC[C@@H](C4(C)C)O)C)O[C@H]5[C@@H]([C@H]([C@@H]([C@H](O5)CO)O)O)O[C@H]6[C@@H]([C@H]([C@@H](CO6)O)O)O)C)O)C)O[C@H]7[C@@H]([C@H]([C@@H]([C@H](O7)CO)O)O)O)C,2.9,2.6626678,是
1005,1006,biotree,203.4,C1C(=C(N2[C@H](S1)[C@@H](C2=O)NC(=O)CC3=CC=CC=C3CN)C(=O)O)CSC4=NN=NN4CC(=O)O,3.39,3.4010935,是
1006,1007,biotree,139.8,CCCCCOC1=CC=C(C=C1)C2=CC=C(C=C2)C3=CC=C(C=C3)C(=O)N[C@H]4C[C@H]([C@H](NC(=O)[C@@H]5[C@H]([C@H](CN5C(=O)[C@@H](NC(=O)[C@@H](NC(=O)[C@@H]6C[C@H](CN6C(=O)[C@@H](NC4=O)[C@@H](C)O)O)[C@@H]([C@H](C7=CC=C(C=C7)O)O)O)[C@@H](C)O)C)O)O)O,2.33,2.443223,是
1007,1008,biotree,195.0,C[C@H]1[C@H]2[C@H](C[C@@H]3[C@@]2(CC[C@H]4[C@H]3CC=C5[C@@]4(CC[C@@H](C5)O[C@H]6[C@@H]([C@H]([C@@H]([C@H](O6)CO)O)O[C@H]7[C@@H]([C@H]([C@@H]([C@H](O7)CO)O)O)O)O[C@H]8[C@@H]([C@@H]([C@H]([C@@H](O8)C)O)O)O)C)C)O[C@@]1(CC[C@@H](C)CO[C@H]9[C@@H]([C@H]([C@@H]([C@H](O9)CO)O)O)O)O,3.25,3.152711,是
1008,1009,biotree,242.4,CP(=O)(CCC(C(=O)O)N)O,4.04,4.162706,是
1009,1010,biotree,183.6,C[C@]12CC[C@@H](C([C@@H]1CC[C@@]3([C@@H]2CC=C4[C@]3(CC[C@@]5([C@H]4CC(CC5)(C)C)C(=O)O[C@H]6[C@@H]([C@H]([C@@H]([C@H](O6)CO)O)O)O)C)C)(C)C)O[C@H]7[C@@H]([C@H]([C@@H]([C@H](O7)C(=O)O)O)O)O[C@H]8[C@@H]([C@H]([C@@H]([C@H](O8)CO)O)O)O,3.06,2.90522,是
1010,1011,biotree,199.8,C1=CC(=CC=C1COC(=O)CC(CC(=O)OCC2=CC=C(C=C2)O[C@H]3[C@@H]([C@H]([C@@H]([C@H](O3)CO)O)O)O)(C(=O)O)O)O[C@H]4[C@@H]([C@H]([C@@H]([C@H](O4)CO)O)O)O,3.33,3.1907172,是
1011,1012,biotree,199.8,C[C@@H]1[C@@H]2[C@H](C(=O)N2C(=C1S[C@H]3C[C@H](NC3)C(=O)NC4=CC=CC(=C4)C(=O)O)C(=O)O)[C@@H](C)O,3.33,3.3701084,是
1012,1013,biotree,237.0,C1C[C@H](N(C1)C(=O)[C@@H]2CSSC[C@@H](C(=O)N[C@H](C(=O)N[C@H](C(=O)N[C@H](C(=O)N[C@H](C(=O)N2)CC(=O)N)CCC(=O)N)CC3=CC=CC=C3)CC4=CC=C(C=C4)O)N)C(=O)N[C@@H](CCCN=C(N)N)C(=O)NCC(=O)N,3.95,3.1069474,是
1013,1014,biotree,177.6,CC(CC1=CC=C(C=C1)O)(C(=O)O)N,2.96,2.4471622,是
1014,1015,biotree,162.6,C/C(=C\C=C\C=C(/C)\C=C\C=C(/C)\C(=O)O[C@H]1[C@@H]([C@H]([C@@H]([C@H](O1)CO[C@H]2[C@@H]([C@H]([C@@H]([C@H](O2)CO)O)O)O)O)O)O)/C=C/C=C(\C)/C(=O)O[C@H]3[C@@H]([C@H]([C@@H]([C@H](O3)CO)O)O)O,2.71,2.7393777,是
1015,1016,biotree,184.8,C[C@]12CC[C@@H](C([C@@H]1CC[C@@]3([C@@H]2CC=C4[C@]3(CC[C@@]5([C@H]4CC(CC5)(C)C)C(=O)O)C)C)(C)C)O[C@H]6[C@@H]([C@H]([C@@H]([C@H](O6)C(=O)O)O)O)O[C@H]7[C@@H]([C@H]([C@@H]([C@H](O7)CO)O)O)O,3.08,2.9473057,是
1016,1017,biotree,181.2,C[C@H]1[C@@H]([C@H]([C@H]([C@@H](O1)O[C@@H]2[C@H]([C@H](CO[C@H]2O[C@H]3CC[C@]4([C@H]([C@]3(C)CO)CC[C@@]5([C@@H]4CC=C6[C@]5(CC[C@@]7([C@H]6CC(CC7)(C)C)C(=O)O[C@H]8[C@@H]([C@H]([C@@H]([C@H](O8)CO[C@H]9[C@@H]([C@H]([C@@H]([C@H](O9)CO)O)O)O)O)O)O)C)C)C)O)O)O)O)O,3.02,2.87531,是
1017,1018,biotree,165.6,C[C@H]1[C@@H]([C@H]([C@H]([C@@H](O1)OC[C@@H]2[C@H]([C@@H]([C@H]([C@@H](O2)OC3=CC(=C4C(=C3)OC(=CC4=O)C5=CC=C(C=C5)O)O)O[C@H]6[C@@H]([C@@H]([C@H]([C@@H](O6)C)O)O)O)O)O)O)O)O,2.76,2.786325,是
1018,1019,biotree,126.0,COC1=CC(=CC(=C1O)OC)[C@H]2[C@@H]3CO[C@H]([C@@H]3CO2)C4=CC(=C(C(=C4)OC)O[C@H]5[C@@H]([C@H]([C@@H]([C@H](O5)CO)O)O[C@H]6[C@@H]([C@](CO6)(CO)O)O)O)OC,2.1,2.2351472,是
1019,1020,biotree,180.6,CC(=CCCC(C)(C1CCC2(C1C(CC3C2(CCC4C3(CC(C(C4(C)C)OC5C(C(C(C(O5)CO)O)O)OC6C(C(C(C(O6)CO)O)O)O)O)C)C)O)C)OC7C(C(C(C(O7)CO)O)O)O)C,3.01,2.7743022,是
1020,1021,biotree,182.4,C[C@H]1[C@@H]([C@H]([C@H]([C@@H](O1)OC[C@@H]2[C@H]([C@@H]([C@H]([C@@H](O2)OC3=C(OC4=CC(=CC(=C4C3=O)O)O)C5=CC=C(C=C5)O)O[C@H]6[C@@H]([C@@H]([C@H]([C@@H](O6)C)O)O)O)O)O)O)O)O,3.04,2.924597,是
1021,1022,biotree,222.6,C[C@]12CC[C@@](C[C@H]1C3=CC(=O)[C@@H]4[C@]5(CC[C@@H](C([C@@H]5CC[C@]4([C@@]3(CC2)C)C)(C)C)O[C@H]6[C@@H]([C@H]([C@@H]([C@H](O6)C(=O)O)O)O)O[C@H]7[C@@H]([C@H]([C@@H]([C@H](O7)C(=O)O)O)O)O)C)(C)C(=O)O,3.71,3.4281042,是
1022,1023,biotree,187.2,C[C@@H](CO)[C@@H]1CC[C@@]2(CC[C@@]3([C@@H]([C@H]2O)CC[C@H]4[C@]3(CC[C@@H]5[C@@]4(CC[C@@H]([C@@]5(C)CO[C@H]6[C@@H]([C@H]([C@@H]([C@H](O6)CO)O)O)O)O[C@H]7[C@@H]([C@H]([C@@H]([C@H](O7)CO)O)O)O[C@H]8[C@@H]([C@H]([C@@H]([C@H](O8)CO)O)O)O)C)C)C)CO1,3.12,3.0057638,是
1023,1024,biotree,186.6,C[C@]12CC[C@@]34C[C@@]35CC[C@@H](C([C@@H]5[C@H](C[C@H]4[C@@]1(C[C@@H]([C@@H]2[C@]6(CC[C@H](O6)C(C)(C)O)C)O)C)O[C@H]7[C@@H]([C@H]([C@@H]([C@H](O7)CO)O)O)O)(C)C)O[C@H]8[C@@H]([C@H]([C@@H](CO8)O)O)O[C@H]9[C@@H]([C@H]([C@@H]([C@H](O9)CO)O)O)O,3.11,2.804947,是
1024,1025,biotree,190.2,C[C@H]1[C@@H]([C@H]([C@H]([C@@H](O1)OP(=O)(N[C@@H](CC(C)C)C(=O)N[C@@H](CC2=CNC3=CC=CC=C32)C(=O)O)O)O)O)O,3.17,3.0652018,是
1025,1026,biotree,213.0,CC(C)C[C@H](C(=O)N[C@H](CCCCN)C(=O)N1CCC(CC1)(C(=O)O)N)NC(=O)[C@@H](CC2=CC=CC=C2)NC(=O)[C@@H](CC3=CC=CC=C3)N,3.55,2.8544927,是
1026,1027,biotree,248.4,C([C@@H]1[C@H]([C@@H]([C@H]([C@H](O1)O[C@H]2[C@@H]([C@H](O[C@@]2(CO)O[C@@H]3[C@@H]([C@H]([C@@H]([C@H](O3)CO)O)O)O)CO)O)O)O)O)O,4.14,4.1441746,是
1027,1028,biotree,154.8,CC(=CCC[C@](C)([C@H]1CC[C@@]2([C@@H]1[C@@H](C[C@H]3[C@]2(CC[C@@H]4[C@@]3(CC[C@@H](C4(C)C)O[C@H]5[C@@H]([C@H]([C@@H]([C@H](O5)CO)O)O)O[C@H]6[C@@H]([C@H]([C@@H]([C@H](O6)CO)O)O)O[C@H]7[C@@H]([C@H]([C@@H](CO7)O)O)O)C)C)O)C)O)C,2.58,2.4360404,是
1028,1029,biotree,211.8,CCN(CCCOC1=CC2=C(C=C1)C(=NC=N2)NC3=NNC(=C3)CC(=O)NC4=CC(=CC=C4)F)CCOP(=O)(O)O,3.53,3.4555025,是
1029,1030,biotree,265.2,C[C@@H](C(=O)N1CCC[C@H]1C(=O)NCC(=O)N2CCC[C@H]2C(=O)N[C@@H](CCCN=C(N)N)C(=O)O)N,4.42,3.968019,是
1030,1031,biotree,139.8,CC(C)NCC(C1=CC(=CC(=C1)O)O)O,2.33,2.077802,是
1031,1032,biotree,199.8,C1=CC=C(C=C1)C(=O)NC(CC(=O)O)C(=O)O,3.33,2.8846903,是
1032,1033,biotree,136.8,CC(C)(C)NCC(C1=CC(=CC(=C1)O)O)O,2.28,2.1076503,是
1033,1034,biotree,221.4,C1[C@H]([C@@H]([C@H]([C@@H](O1)C2=C(C(=C3C(=C2O)C(=O)C=C(O3)C4=CC=C(C=C4)O)[C@H]5[C@@H]([C@H]([C@@H]([C@H](O5)CO)O)O)O)O)O)O)O,3.69,2.9005775,是
1034,1035,biotree,230.4,C1=C[C@@]([C@@H]2[C@H]1C(=CO[C@H]2O[C@H]3[C@@H]([C@H]([C@@H]([C@H](O3)CO)O)O)O)C(=O)O)(CO)O,3.84,3.5905938,是
1035,1036,biotree,209.4,C1C=C(N2[C@H](S1)[C@@H](C2=O)NC(=O)/C(=C\CC(=O)O)/C3=CSC(=N3)N)C(=O)O,3.49,3.4957552,是
1036,1037,biotree,174.0,C[C@H]1[C@@H]([C@H]([C@H]([C@@H](O1)C2=C(C(=C3C(=C2O)C(=O)C=C(O3)C4=CC=C(C=C4)O)[C@H]5[C@@H]([C@H]([C@@H]([C@H](O5)CO)O)O)O)O)O)O)O,2.9,2.8213336,是
1037,1038,biotree,139.8,C1=C(C=C(C=C1O)O)C(=O)O,2.33,2.010846,是
1038,1039,biotree,196.8,CCCCS(=N)(=O)CCC(C(=O)O)N,3.28,2.8666492,是
1039,1040,biotree,176.4,C1=C(C=NN1)C(=O)O,2.94,2.592094,是
1040,1041,biotree,183.6,C1=CC(=CC=C1C[C@@H](C(=O)O)NC(=O)CN)O,3.06,2.9508991,是
1041,1042,biotree,166.8,C=CCSC[C@@H](C(=O)O)N,2.78,2.5247712,是
1042,1043,biotree,213.0,C1=NC(=C2C(=N1)N(C=N2)[C@H]3[C@@H]([C@@H]([C@H](O3)COP(=O)(N)O)O)O)N,3.55,3.4177222,是
1043,1044,biotree,129.0,C1=CC(=O)OC2=CC(=C(C=C21)O[C@H]3[C@@H]([C@H]([C@@H]([C@H](O3)CO)O)O)O)O,2.15,1.8907418,是
1044,1045,biotree,192.0,CC1=C(SC(=N1)SCC2=C(N3C(C(C3=O)NC(=O)C(=NOC)C4=CSC(=N4)N)SC2)C(=O)O)CC(=O)O,3.2,3.3600197,是
1045,1046,biotree,179.4,CC(=O)N(CC(CO)O)C1=C(C(=C(C(=C1I)C(=O)NCC(CO)O)I)C(=O)NCC(CO)O)I,2.99,2.3366008,是
1046,1047,biotree,154.2,CC(=O)N(CC(CO)O)C1=C(C(=C(C(=C1I)C(=O)NCC(CO)O)I)C(=O)NCCO)I,2.57,2.1268954,是
1047,1048,biotree,177.0,CN1C(=NN=N1)SCC2=C(N3[C@@H]([C@@](C3=O)(NC(=O)C4SC(=C(C(=O)N)C(=O)O)S4)OC)SC2)C(=O)O,2.95,3.3270383,是
1048,1049,biotree,247.8,C1=CO[C@H]([C@H]2[C@@]1([C@@H](C=C2CO)O)O[C@@H]3[C@@H]([C@H]([C@@H]([C@H](O3)CO)O)O)O[C@H]4[C@@H]([C@H]([C@@H]([C@H](O4)CO)O)O)O)O[C@H]5[C@@H]([C@H]([C@@H]([C@H](O5)CO)O)O)O,4.13,4.2253885,是
1049,1050,biotree,186.6,CC1C2C(CC3C2(CCC4C3CCC5C4(CCC(C5)OC6C(C(C(C(O6)CO)O)O)OC7C(C(C(C(O7)CO)O)O)O)C)C)OC1(CCC(C)COC8C(C(C(C(O8)CO)O)O)O)O,3.11,2.8707838,是
1050,1051,biotree,234.0,CC(=O)N[C@@H]1[C@H]([C@@H]([C@H](O[C@H]1O[C@@H]2[C@H](O[C@H]([C@@H]([C@H]2O)NC(=O)C)O[C@H]([C@@H](CO)O)[C@@H]([C@H](C=O)NC(=O)C)O)CO)CO)O)O,3.9,3.420786,是
1051,1052,biotree,198.0,C[C@H]1[C@@H]([C@H]([C@H]([C@@H](O1)O[C@@H]2[C@H]([C@H](CO[C@H]2O[C@H]3CC[C@]4([C@H]([C@]3(C)CO)CC[C@@]5([C@@H]4CC=C6[C@]5(CC[C@@]7([C@H]6CC(CC7)(C)C)C(=O)O)C)C)C)O)O)O)O[C@H]8[C@@H]([C@H]([C@@H]([C@H](O8)CO)O[C@H]9[C@@H]([C@H]([C@@H]([C@H](O9)CO)O)O)O)O)O)O,3.3,3.239256,是
1052,1053,biotree,225.0,C[C@@H](C(=O)O)NC(=O)[C@H](CC1=CC=C(C=C1)O)NC(=O)[C@H](CC(=O)O)NC(=O)[C@@H]2CCCN2C(=O)[C@H](C(C)C)NC(=O)[C@H](CC(=O)O)NC(=O)[C@H](CC3=CC=C(C=C3)O)NC(=O)[C@@H]4CCCN4C(=O)[C@H](CC5=CC=C(C=C5)O)N,3.75,3.6026194,是
1053,1054,biotree,217.2,C[C@H]1CN2[C@@H]([C@H]1O)C(=O)N[C@@H]([C@@H](C[C@@H](C(=O)N[C@H](C(=O)N3C[C@@H](C[C@H]3C(=O)N[C@H](C(=O)N[C@H](C2=O)[C@@H](CC(=O)N)O)[C@@H]([C@H](C4=CC(=C(C=C4)O)OS(=O)(=O)O)O)O)O)[C@@H](C)O)N)O)O,3.62,3.61115,是
1054,1055,biotree,150.0,CC(C)(C(=O)O)OC1=CC=C(C=C1)NC(=O)NC2=C(C=C(C=C2)CC3=CC(=C(C=C3)NC(=O)NC4=CC=C(C=C4)OC(C)(C)C(=O)O)Cl)Cl,2.5,2.6476617,是
1055,1056,biotree,201.0,CC1=C(C(=O)NO1)CC(C(=O)O)N,3.35,2.9637554,是
1056,1057,biotree,210.6,C1=CC=C(C(=C1)N(CC(=O)O)CC(=O)O)OCCOC2=CC=CC=C2N(CC(=O)O)CC(=O)O,3.51,3.649357,是
1057,1058,biotree,168.6,C(=N)(N)N,2.81,2.098515,是
1058,1059,biotree,283.8,CCNCC1CCN(C1)C2=C(C=C3C(=C2F)N(C=C(C3=O)C(=O)O)CC)F,4.73,2.5014176,是
1059,1060,biotree,135.6,CC(=CC/C=C(/C)\[C@H]1CC[C@@]2([C@@H]1[C@@H](C[C@H]3[C@]2(CC[C@@H]4[C@@]3(C[C@H]([C@@H](C4(C)C)O[C@H]5[C@@H]([C@H]([C@@H]([C@H](O5)CO)O)O)O[C@H]6[C@@H]([C@H]([C@@H]([C@H](O6)CO)O)O)O)O)C)C)O)C)C,2.26,2.1824136,是
1060,1061,biotree,175.8,C[C@@H]1[C@@H]2[C@H](C(=O)N2C(=C1S[C@H]3C[C@H](NC3)CNS(=O)(=O)N)C(=O)O)[C@@H](C)O,2.93,3.2744608,是
1061,1062,biotree,148.2,CN1CCN(CC1)C2CCN(CC2)C3=CC(=C(C=C3)NC4=NC=C(C(=N4)NC5=CC=CC=C5P(=O)(C)C)Cl)OC,2.47,2.4839032,是
1062,1063,biotree,135.0,CC1=NCCC2=C1NC3=C2C=CC(=C3)O,2.25,2.5002542,是
1063,1064,biotree,151.2,C[C@H]1[C@@H]([C@H]([C@H]([C@@H](O1)OC[C@@H]2[C@H]([C@@H]([C@H]([C@@H](O2)OC3=C(OC4=CC(=CC(=C4C3=O)O)O)C5=CC=C(C=C5)O)O)O)O)O)O)O,2.52,2.5935135,是
1064,1065,biotree,208.8,CCCCOC(=O)C1=CC=CC=C1C(=O)OCC(C)C,3.48,3.364832,是
1065,1066,biotree,140.4,CC1=CC(=NN1)C(=O)O,2.3400000000000003,2.3657427,是
1066,1067,biotree,206.4,CC1(C[C@@H]1C(=O)NC(=CCCCCSC[C@H](C(=O)O)N)C(=O)O)C,3.44,3.3058727,是
1067,1068,biotree,162.6,CC1=C(N2[C@@H]([C@@H](C2=O)NC(=O)[C@@H](C3=CC=C(C=C3)O)N)SC1)C(=O)O,2.71,2.753788,是
1068,1069,biotree,149.4,C1=CC(=CC=C1C2=CC(=O)C3=C(C=C(C=C3O2)O[C@H]4[C@@H]([C@H]([C@@H]([C@H](O4)C(=O)O)O)O)O)O)O,2.49,2.5834432,是
1069,1070,biotree,174.0,C(C(=O)O)NC=O,2.9,2.6058068,是
1070,1071,biotree,137.4,C1(=C(NC(=O)NC1=O)C(=O)O)F,2.29,2.0263202,是
1071,1072,biotree,178.2,C1CN(CCN1)C2=CC=C(C=C2)C3=CN4C(=C(C=N4)C5=CC=NC6=CC=CC=C56)N=C3,2.97,2.207738,是
1072,1073,biotree,195.0,C[C@@H](C(=O)N1CCC[C@H]1C(=O)O)N[C@@H](CCC2=CC=CC=C2)C(=O)O,3.25,3.0476062,是
1073,1074,biotree,227.4,C1=C([C@@H]2[C@H]([C@H]1O)C(=CO[C@H]2O[C@H]3[C@@H]([C@H]([C@@H]([C@H](O3)CO)O)O)O)C(=O)O)CO,3.79,3.6587224,是
1074,1075,biotree,279.6,C([C@H]([C@H]([C@@H]([C@H]([C@H](C(=O)O)O)O)O)O)O)O,4.66,3.8173742,是
1075,1076,biotree,277.2,C1[C@H]([C@@H]([C@@H](C=C1C(=O)O)O)O)OC(=O)/C=C/C2=CC(=C(C=C2)O)O,4.62,2.7622929,是
1076,1077,biotree,162.0,COC1[C@@H]([C@H](C([C@@H]([C@@H]1O)O)O)O)O,2.7,2.3266027,是
1077,1078,biotree,121.2,C1=CC=C(C=C1)C2=CC(=O)C3=C(C=C(C=C3O2)O[C@H]4[C@@H]([C@H]([C@@H]([C@H](O4)C(=O)O)O)O)O)O,2.02,2.241911,是
1078,1079,biotree,147.0,C[C@@H](C(=O)O)NC(=O)C,2.45,2.4901612,是
1079,1080,biotree,195.6,C[C@@H](C(=O)N[C@@H](CCC(=O)N)C(=O)O)N,3.26,3.364876,是
1081,1082,biotree,136.2,C[C@@H](C(=O)O)NC(=O)[C@H](CC(C)C)N,2.27,2.6164222,是
1083,1084,biotree,274.2,C1=CC(=CC=C1COC(=O)CC(CC(=O)O)(C(=O)O)O)O[C@H]2[C@@H]([C@H]([C@@H]([C@H](O2)CO)O)O)O,4.569999999999999,3.6250033,是
1084,1085,biotree,158.4,C1[C@H]2[C@@H]([C@@H](S1)CCCCC(=O)O)NC(=O)N2,2.64,2.316133,是
1085,1086,biotree,218.4,C([C@@H](C(=O)O)N=C(N)N)C(=O)O,3.64,3.7022796,是
1086,1087,biotree,166.8,CC(=O)NCCCCCN,2.78,2.7366664,是
1087,1088,biotree,151.2,CN(C)C(=O)C1=CC2=CN=C(N=C2N1C3CCCC3)NC4=NC=C(C=C4)N5CCNCC5,2.52,2.0396469,是
1088,1089,biotree,159.0,CN1CCC[C@H]1C(=O)O,2.65,2.9105492,是
1089,1090,biotree,121.2,COC(=O)C1=CO[C@H]([C@H]2[C@@H]1[C@H](C=C2CO)O)O[C@H]3[C@@H]([C@H]([C@@H]([C@H](O3)CO)O)O)O,2.02,2.122563,是
1090,1091,biotree,204.6,C1C(C(C(C(O1)(CO)O)OC2C(C(C(C(O2)CO)O)O)O)O)O,3.41,3.4873233,是
1091,1092,biotree,122.4,CN(C)CC/C=C\1/C2=CC=CC=C2COC3=C1C=C(C=C3)CC(=O)O,2.04,2.1239548,是
1092,1093,biotree,158.4,CC(C)C(CC(=O)O)N,2.64,2.6353397,是
1093,1094,biotree,186.0,CC(=O)OCC1=C[C@@H]([C@H]2[C@@H]1[C@@H](OC=C2C(=O)O)O[C@H]3[C@@H]([C@H]([C@@H]([C@H](O3)CO)O)O)O)O,3.1,3.11403,是
1094,1095,biotree,154.8,C[C@@]1([C@@H]2C[C@@H](CC[C@@]([C@H]2CC1=O)(CO)O)C(C)(C)O[C@H]3[C@@H]([C@H]([C@@H]([C@H](O3)CO)O)O)O)O,2.58,2.3054872,是
1095,1096,biotree,179.4,CC(=O)N[C@@H](CCC(=O)N)C(=O)O,2.99,2.764246,是
1096,1097,biotree,144.0,C[C@H]1[C@@H]([C@H]([C@H]([C@@H](O1)O[C@@H]2[C@H]([C@@H]([C@H](O[C@H]2OC3CCC4C(=CCC5C4(C(=O)CC6(C5(CCC6C(C)(C/C=C/C(C)(C)O)O)C)C)C)C3(C)C)COC(=O)CC(C)(CC(=O)O)O)O)O)O)O)O,2.4,2.4447489,是
1097,1098,biotree,135.6,CC(C)C(C(=O)NC(CC1=CC=CC=C1)C(=O)O)N,2.26,1.8766693,是
1098,1099,biotree,148.2,C1=CC(=CC=C1CC(C(=O)O)C(=O)O)O,2.47,3.0639305,是
1099,1100,biotree,123.0,C[N+](C)(C)C(CC1=CNC2=CC=CC=C21)C(=O)O,2.05,2.5900216,是
1100,1101,biotree,165.6,CC1(CCC2C(C1)CC(=O)OC3C2(CC(CC3)(C)C(=O)O)C)CCOC4C(C(C(C(O4)CO)O)O)O,2.76,2.3420124,是
1101,1102,biotree,194.4,C[C@@H]1[C@H]([C@@H]([C@H]([C@@H](O1)OC(=O)[C@@]23CC[C@@]4(C(=CCC5[C@]4(CCC6[C@@]5(C[C@@H]([C@@H]([C@@]6(C)C(=O)O)O[C@H]7[C@@H]([C@H]([C@@H]([C@H](O7)CO)O)O)O)O)C)C)[C@@H]2CC(CC3)(C)C)C)O[C@H]8[C@@H]([C@@H]([C@H]([C@@H](O8)C)O[C@H]9[C@@H]([C@H]([C@@H](CO9)O)O)O)O[C@H]1[C@@H]([C@](CO1)(CO)O)O)O)O)O,3.24,3.4363256,是
1102,1103,biotree,144.0,C[C@H]1C[C@@]23[C@@H](/C=C/CCCC[C@H]4C=C[C@@H]5[C@@H]([C@]4(C(=O)OC(=C2O)C(=O)O3)C)CCC[C@H]5O[C@H]6C[C@H]([C@@H]([C@H](O6)C)O[C@H]7C[C@H]([C@@H]([C@H](O7)C)O)O)O)C=C1C(=O)O,2.4,2.2734601,是
1103,1104,biotree,144.0,C[C@H]1[C@@H]([C@H]([C@H]([C@@H](O1)O[C@@H]2[C@H]([C@@H]([C@H](O[C@H]2OC3=CC(=C4C(=O)CC(OC4=C3)C5=CC(=C(C=C5)O)OC)O)COC(=O)CC(C)(CC(=O)O)O)O)O)O)O)O,2.4,2.9963667,是
1104,1105,biotree,158.4,C[C@H]1[C@@H]([C@H]([C@H]([C@@H](O1)OC2=CC(=C3C(=C2)OC(=C(C3=O)O[C@H]4[C@@H]([C@H]([C@@H](O4)CO)O[C@H]5[C@@H]([C@H]([C@@H]([C@H](O5)CO)O)O)O)O)C6=CC=C(C=C6)O)O)O)O)O,2.64,2.9753454,是
1105,1106,biotree,150.6,CCCCCC(CC(CC(=O)OC(CCCCC)CC(CC(=O)OC(CCCCC)CC(CC(=O)OC)OC1C(C(C(C(O1)CO)O)O)O)OC2C(C(C(C(O2)CO)O)O)O)OC3C(C(C(C(O3)CO)O)O)O)O,2.51,2.5715075,是
1106,1107,biotree,187.8,C[C@H]1[C@@H]([C@H]([C@H]([C@@H](O1)O[C@@H]2[C@H](O[C@H]([C@@H]([C@H]2O)O)OC[C@@H]3[C@H]([C@@H]([C@H]([C@@H](O3)OC(=O)[C@@]45CC[C@@]6(C(=CCC7[C@]6(C[C@H](C8[C@@]7(C[C@H]([C@@H]([C@@]8(C)CO)O)O)C)O)C)[C@@H]4CC(CC5)(C)C)C)O)O)O)CO)O)O)O,3.1300000000000003,2.962307,是
1107,1108,biotree,150.0,C/C=C\1/C(C(=COC1OC2C(C(C(C(O2)CO)O)O)O)C(=O)OC)CC(=O)OCC3C(C(CC3C(CO)CO)OC(=O)CC\4C(=COC(/C4=C\C)OC5C(C(C(C(O5)CO)O)O)O)C(=O)OC)C,2.5,2.304166,是
1108,1109,biotree,181.2,C[C@H]1[C@@H]([C@H]([C@H]([C@@H](O1)O[C@@H]2[C@H](O[C@H]([C@@H]([C@H]2O)O)OC[C@@H]3[C@H]([C@@H]([C@H]([C@@H](O3)OC(=O)[C@@]45CC[C@@]6(C(=CCC7[C@]6(CCC8[C@@]7(CC[C@@H]([C@@]8(C)CO)O[C@H]9[C@@H]([C@H]([C@H](CO9)O)O)O)C)C)[C@@H]4CC(CC5)(C)C)C)O)O)O)CO)O)O)O,3.02,2.8746033,是
1109,1110,biotree,196.8,C[C@H]1[C@@H]([C@H]([C@H]([C@@H](O1)OC[C@@H]2[C@@H]([C@@H]([C@H]([C@@H](O2)OC3=C(OC4=CC(=CC(=C4C3=O)O)O[C@H]5[C@@H]([C@H]([C@@H]([C@H](O5)CO)O)O)O)C6=CC=C(C=C6)O)O[C@H]7[C@@H]([C@@H]([C@H]([C@@H](O7)C)OC(=O)C)O)O)O)O)O)O)O,3.28,3.13376,是
1110,1111,biotree,144.6,CC1C(C(C(C(O1)OC2C(OC(C(C2O)O)OC3=C(OC4=CC(=CC(=C4C3=O)O)OC)C5=CC=C(C=C5)O)COC(=O)CC(C)(CC(=O)O)O)O)O)O,2.41,2.9172456,是
1111,1112,zhulab,146.5,C(C(=O)O)O,2.441666666666667,2.3849802,是
1113,1114,zhulab,201.18,C(CC(=O)O)C(=O)C(=O)O,3.353,3.5029747,是
1114,1115,zhulab,92.16,C1(C(=O)NC(=O)N1)NC(=O)N,1.536,1.7967557,是
1115,1116,zhulab,91.73,C1[C@@H]([C@H](O[C@H]1N2C=NC3=C2NC=NC3=O)CO)O,1.5288333333333337,1.6120186,是
1116,1117,zhulab,216.78,C(CC(=O)N[C@@H](CS)C(=O)NCC(=O)O)[C@@H](C(=O)O)N,3.613,3.800106,是
1117,1118,zhulab,166.5,C1C2(C(C(C(N3C=NC4=C(N)N=CN=C43)(O2)[H])(O)[H])(OP(O)(=O)O1)[H])[H],2.775,2.5727015,是
1118,1119,zhulab,261.44,C(CC(=O)N[C@@H](CSSC[C@@H](C(=O)NCC(=O)O)NC(=O)CC[C@@H](C(=O)O)N)C(=O)NCC(=O)O)[C@@H](C(=O)O)N,4.357333333333333,4.1750727,是
1119,1120,zhulab,233.26,C1=CC(=C[N+](=C1)[C@H]2[C@@H]([C@@H]([C@H](O2)COP(=O)(O)OP(=O)(O)OC[C@@H]3[C@H]([C@H]([C@@H](O3)N4C=NC5=C4N=CN=C5N)O)O)O)O)C(=O)N,3.8876666666666666,4.111207,是
1120,1121,zhulab,155.33,C[N+](C)(C)CC(=O)[O-],2.588833333333333,2.939331,是
1121,1122,zhulab,190.93,CC(=O)NCCCC[C@@H](C(=O)O)N,3.182166666666667,3.2896352,是
1122,1123,zhulab,176.39,CC(=O)N[C@@H](CCC(=O)O)C(=O)O,2.939833333333333,3.4739888,是
1123,1124,zhulab,136.44,C1=CN(C(=O)N=C1N)[C@H]2[C@@H]([C@@H]([C@H](O2)CO)O)O,2.274,1.780714,是
1124,1125,zhulab,159.0,C1[C@H]2[C@@H]([C@@H](S1)CCCCC(=O)O)NC(=O)N2,2.65,2.316133,是
1125,1126,zhulab,105.23,C(C1(C(C(C(N2C=NC(=C2N)C(=N)O)(O1)[H])(O)[H])(O)[H])[H])O,1.7538333333333334,2.446507,是
1126,1127,zhulab,85.5,NC1=C2N=CN(C3OC(CO)C(O)C3O)C2=NC=N1,1.425,1.7571563,是
1127,1128,zhulab,242.36,C1=CN(C2(C(C(C(COP(O)(O)=O)(O2)[H])(O)[H])(O)[H])[H])C(=NC1=N)O,4.039333333333333,3.9913812,是
1128,1129,zhulab,230.76,C1=NC2=C(C(=N1)N)N=CN2[C@H]3[C@@H]([C@@H]([C@H](O3)COP(=O)(O)O)O)O,3.846,3.9042315,是
1129,1130,zhulab,237.89,C1=NC(=O)C2=C(N1)N(C=N2)[C@H]3[C@@H]([C@@H]([C@H](O3)COP(=O)(O)O)O)O,3.964833333333333,3.9429212,是
1130,1131,zhulab,253.46,NC(=O)C1=CN(C=CC1)[C@H]1O[C@@H](COP(O)(=O)OP(O)(=O)OC[C@@H]2O[C@@H]([C@@H](OP(O)(O)=O)[C@H]2O)N2C=NC3=C(N)N=CN=C23)[C@H](O)[C@@H]1O,4.224333333333333,4.112412,是
1132,1133,zhulab,92.9,C1=CC=C(C=C1)CC(=O)C(=O)O,1.5483333333333331,1.5909086,是
1133,1134,zhulab,231.7,C(C(=O)COP(=O)(O)O)O,3.8616666666666655,3.7887087,是
1134,1135,zhulab,237.0,C(/C(=C/C(=O)O)/C(=O)O)C(=O)O,3.95,3.9946923,是
1135,1136,zhulab,263.59,CC1=C(SC=[N+]1CC2=CN=C(N=C2N)C)CCOP(=O)(O)OP(=O)(O)O,4.393166666666667,4.40512,是
1136,1137,zhulab,254.74,CC1=CN(C(=O)NC1=O)[C@H]2C[C@@H]([C@H](O2)COP(=O)(O)OP(=O)(O)OP(=O)(O)O)O,4.245666666666667,4.1804247,是
1137,1138,zhulab,237.43,C1=CN(C(=O)NC1=O)[C@H]2[C@@H]([C@@H]([C@H](O2)COP(=O)(O)OP(=O)(O)O[C@@H]3[C@@H]([C@H]([C@@H]([C@H](O3)CO)O)O)O)O)O,3.9571666666666663,3.8857386,是
1138,1139,zhulab,168.46,C(CS)[C@@H](C(=O)O)N,2.807666666666667,3.1499724,是
1139,1140,zhulab,69.25,C1[C@@H]([C@H](O[C@H]1N2C=NC3=C2N=CN=C3N)CO)O,1.1541666666666666,1.6200285,是
1140,1141,zhulab,260.95,C([C@@H]1[C@H]([C@@H]([C@H](C(O1)O)N)O)O)OP(=O)(O)O,4.349166666666666,4.195981,是
1142,1143,zhulab,236.74,C1=CN(C2(CC(C(COP(O)(O)=O)(O2)[H])(O)[H])[H])C(=NC1=N)O,3.945666666666667,3.906551,是
1143,1144,zhulab,235.12,C1=CN(C(=O)NC1=O)[C@H]2[C@@H]([C@@H]([C@H](O2)COP(=O)(O)O)O)O,3.9186666666666663,3.8072371,是
1144,1145,zhulab,244.64,C1=CC(=C[N+](=C1)C2(C(C(C(COP(O)([O-])=O)(O2)[H])(O)[H])(O)[H])[H])C(=N)O,4.077333333333333,4.063896,是
1145,1146,zhulab,207.98,C1=NC2=C(C(=N1)N)N=CN2[C@H]3[C@@H]([C@@H]([C@H](O3)CSCC[C@@H](C(=O)O)N)O)O,3.466333333333333,3.5402741,是
1146,1147,zhulab,228.88,NC1=NC(=O)C2=C(NCC(CNC3=CC=C(C=C3)C(=O)N[C@@H](CCC(O)=O)C(O)=O)=N2)N1,3.814666666666666,3.5582085,是
1147,1148,zhulab,260.18,C1=CC(=C[N+](=C1)[C@H]2[C@@H]([C@@H]([C@H](O2)COP(=O)(O)OP(=O)(O)OC[C@@H]3[C@H]([C@H]([C@@H](O3)N4C=NC5=C4N=CN=C5N)OP(=O)(O)O)O)O)O)C(=O)N,4.336333333333333,4.346818,是
1148,1149,zhulab,218.01,CC1=CC2=C(C=C1C)N(C3=NC(=O)NC(=O)C3=N2)C[C@@H]([C@@H]([C@@H](COP(=O)(O)OP(=O)(O)OC[C@@H]4[C@H]([C@H]([C@@H](O4)N5C=NC6=C5N=CN=C6N)O)O)O)O)O,3.6335,3.5762925,是
1149,1150,zhulab,227.34,CC(=O)CC(=O)SCCNC(=O)CCNC(=O)C(O)C(C)(C)COP(O)(=O)OP(O)(=O)OC[C@H]1O[C@H]([C@H](O)[C@@H]1OP(O)(O)=O)N1C=NC2=C1N=CN=C2N,3.789,3.759621,是
1150,1151,zhulab,101.87,CC(C)C[C@@H](C(=O)O)NC(=O)C,1.6978333333333333,1.7234347,是
1151,1152,zhulab,106.64,COC(=O)[C@H](CC1=CC=CC=C1)NC(=O)[C@H](CC(=O)O)N,1.7773333333333334,2.0570776,是
1152,1153,zhulab,203.95,C([C@@H](C(=O)O)N)SCC(=O)O,3.3991666666666664,3.6711512,是
1153,1154,zhulab,176.96,CN1C=[N+](C2=C1C(=O)N=C(N2)N)[C@H]3[C@@H]([C@@H]([C@H](O3)CO)O)O,2.9493333333333336,2.560383,是
1154,1155,zhulab,260.96,C1[C@@H]([C@H](O[C@H]1N2C=NC3=C2N=CN=C3N)COP(=O)(O)OP(=O)(O)OP(=O)(O)O)O,4.349333333333333,4.2889876,是
1155,1156,zhulab,197.56,CC(C)(COP(O)(=O)OP(O)(=O)OC[C@H]1O[C@H]([C@H](O)[C@@H]1O)N1C=NC2=C1N=CN=C2N)C(O)C(=O)NCCC(=O)NCCS,3.292666666666667,3.5299373,是
1156,1157,zhulab,214.52,C(CC(=O)O)[C@@H](C(=O)O)O,3.575333333333333,3.5213494,是
1157,1158,zhulab,255.63,C1=NC2=C(C(=N1)N)N=CN2[C@H]3[C@@H]([C@@H]([C@H](O3)COP(=O)(O)OP(=O)(O)O)O)O,4.2605,4.158335,是
1158,1159,zhulab,258.48,C1=CN(C(=O)NC1=O)[C@H]2[C@@H]([C@@H]([C@H](O2)COP(=O)(O)OP(=O)(O)OP(=O)(O)O)O)O,4.308000000000001,4.248417,是
1159,1160,zhulab,250.16,C1=CN(C(=O)NC1=O)[C@H]2[C@@H]([C@@H]([C@H](O2)COP(=O)(O)OP(=O)(O)O)O)O,4.169333333333333,4.0739217,是
1160,1161,zhulab,222.88,CC1=CN(C(=O)NC1=O)[C@H]2C[C@@H]([C@H](O2)COP(=O)(O)O)O,3.7146666666666666,3.6530256,是
1161,1162,zhulab,160.31,CC1=NC=C(C(=C1O)CN)CO,2.6718333333333333,2.6111262,是
1162,1163,zhulab,226.96,CC(=O)SCCNC(=O)CCNC(=O)[C@@H](C(C)(C)COP(=O)(O)OP(=O)(O)OC[C@@H]1[C@H]([C@H]([C@@H](O1)N2C=NC3=C2N=CN=C3N)O)OP(=O)(O)O)O,3.7826666666666666,3.8276405,是
1163,1164,zhulab,263.66,C1[C@@H]([C@H](O[C@H]1N2C=CC(=NC2=O)N)COP(=O)(O)OP(=O)(O)OP(=O)(O)O)O,4.394333333333334,4.2847323,是
1164,1165,zhulab,255.09,C1[C@@H]([C@H](O[C@H]1N2C=CC(=O)NC2=O)COP(=O)(O)OP(=O)(O)OP(=O)(O)O)O,4.2515,4.2207637,是
1165,1166,zhulab,271.69,C([C@H](C(=O)O)OP(=O)(O)O)OP(=O)(O)O,4.5281666666666665,4.4499483,是
1166,1167,zhulab,260.55,C1=NC2=C(N1[C@H]3[C@@H]([C@@H]([C@H](O3)COP(=O)(O)OP(=O)(O)O)O)O)NC(=NC2=O)N,4.3425,4.202139,是
1167,1168,zhulab,261.43,C1=CN(C2(C(C(C(COP(O)(=O)OP(O)(O)=O)(O2)[H])(O)[H])(O)[H])[H])C(=NC1=N)O,4.357166666666667,4.2064033,是
1168,1169,zhulab,255.69,CC1=C(CCO[P@](O)([O-])=O)SC=[N+]1CC1=CN=C(C)N=C1N,4.2615,3.7799258,是
1169,1170,zhulab,267.01,C1=NC2=C(N1[C@H]3[C@@H]([C@@H]([C@H](O3)COP(=O)(O)OP(=O)(O)OP(=O)(O)O)O)O)NC(=NC2=O)N,4.450166666666666,4.3428416,是
1170,1171,zhulab,232.36,CC(C)(COP(=O)(O)OP(=O)(O)OC[C@@H]1[C@H]([C@H]([C@@H](O1)N2C=NC3=C2N=CN=C3N)O)OP(=O)(O)O)[C@H](C(=O)NCCC(=O)NCCS)O,3.872666666666667,3.9721606,是
1171,1172,zhulab,259.53,C1=NC2=C(C(=N1)N)N=CN2[C@H]3[C@@H]([C@@H]([C@H](O3)COP(=O)(O)OP(=O)(O)OP(=O)(O)O)O)O,4.3255,4.3157606,是
1172,1173,zhulab,245.46,C([C@@H]1[C@H]([C@@H]([C@H]([C@H](O1)OP(=O)(O)O)N)O)O)O,4.091,4.1820016,是
1173,1174,zhulab,203.25,C1=NC2=C(C(=N1)N)N=CN2[C@H]3[C@@H]([C@@H]([C@H](O3)COP(=O)(O)OS(=O)(=O)O)O)O,3.3875,3.1571956,是
1174,1175,zhulab,220.28,CC1=CC2=C(C=C1C)N(C3=NC(=O)NC(=O)C3=N2)C[C@@H]([C@@H]([C@@H](COP(=O)(O)O)O)O)O,3.6713333333333336,3.69702,是
1175,1176,zhulab,246.39,C(C(C(=O)O)O)OP(=O)(O)O,4.1065,4.112145,是
1176,1177,zhulab,256.95,OC(COP(O)(O)=O)C(O)C(O)C(O)C(O)=O,4.2825,4.2088175,是
1177,1178,zhulab,246.95,CC(C)(COP(O)(=O)OP(O)(=O)OC[C@H]1O[C@H]([C@H](O)[C@@H]1OP(O)(O)=O)N1C=NC2=C1N=CN=C2N)C(O)C(=O)NCCC(=O)NCCSC(=O)CCC(O)=O,4.115833333333333,3.9792855,是
1178,1179,zhulab,162.95,C[N+](C)(C)CC=O,2.7158333333333333,2.8332725,是
1179,1180,zhulab,264.51,C1=CN(C(=O)N=C1N)[C@H]2[C@@H]([C@@H]([C@H](O2)COP(=O)(O)OP(=O)(O)OP(=O)(O)O)O)O,4.4085,4.3123403,是
1180,1181,zhulab,264.21,C1[C@@H]([C@H](O[C@H]1N2C=NC3=C2NC(=NC3=O)N)COP(=O)(O)OP(=O)(O)OP(=O)(O)O)O,4.403499999999999,4.322356,是
1181,1182,zhulab,253.01,C1=CN(C(=O)NC1=O)[C@H]2[C@@H]([C@@H]([C@H](O2)COP(=O)(O)OP(=O)(O)O[C@@H]3[C@@H]([C@H]([C@@H]([C@H](O3)C(=O)O)O)O)O)O)O,4.216833333333333,4.014031,是
1182,1183,zhulab,217.23,CCCC(=O)SCCNC(=O)CCNC(=O)[C@@H](C(C)(C)COP(=O)(O)OP(=O)(O)OC[C@@H]1[C@H]([C@H]([C@@H](O1)N2C=NC3=C2N=CN=C3N)O)OP(=O)(O)O)O,3.6205,3.698924,是
1183,1184,zhulab,178.46,CC(=O)NCCCCN,2.974333333333333,2.8307512,是
1184,1185,zhulab,225.85,C([C@@H](C(=O)O)NC(=O)N)C(=O)O,3.764166666666666,3.6031547,是
1185,1186,zhulab,219.97,C1C=CN(C=C1C(=O)N)[C@H]2[C@@H]([C@@H]([C@H](O2)COP(=O)(O)OP(=O)(O)OC[C@@H]3[C@H]([C@H]([C@@H](O3)N4C=NC5=C4N=CN=C5N)O)O)O)O,3.666166666666667,3.6932297,是
1186,1187,zhulab,90.35,CC(=O)N[C@@H](CC1=CC=CC=C1)C(=O)O,1.5058333333333331,1.678489,是
1187,1188,zhulab,99.61,C1=CC=C2C(=C1)C(=CN2)CCN,1.6601666666666666,1.7852578,是
1188,1189,zhulab,151.88,C1=CC(=C(C=C1C[C@@H](C(=O)O)N)I)O,2.531333333333333,2.783834,是
1189,1190,zhulab,220.75,NC(CCCC(O)=O)C(O)=O,3.6791666666666663,3.7142186,是
1190,1191,zhulab,97.79,[H]\C(CCCCCCCCCCCCC)=C(\[H])[C@@]([H])(O)[C@]([H])(COP([O-])(=O)OCC[N+](C)(C)C)N=C(O)CCCCCCCCCCCCCCCCC,1.6298333333333337,1.720321,是
1191,1192,zhulab,244.62,C=C(C(=O)O)OP(=O)(O)O,4.077,4.203764,是
1192,1193,zhulab,187.2,NC1=NC(=O)C2=C(NC[C@H](CNC3=CC=C(C=C3)C(=O)NC(CCC(O)=O)C(O)=O)N2)N1,3.12,3.5953224,是
1193,1194,zhulab,222.71,CC(C)C(=O)SCCNC(=O)CCNC(=O)[C@@H](C(C)(C)COP(=O)(O)OP(=O)(O)OC[C@@H]1[C@H]([C@H]([C@@H](O1)N2C=NC3=C2N=CN=C3N)O)OP(=O)(O)O)O,3.711833333333333,3.7002578,是
1194,1195,zhulab,203.74,CC(=O)N[C@@H]1[C@H](CC(O[C@H]1[C@@H]([C@@H](CO)O)O)(C(=O)O)O)O,3.3956666666666666,3.6140707,是
1195,1196,zhulab,204.51,CC(CC(=O)O)(CC(=O)O)O,3.4085,3.3803086,是
1196,1197,zhulab,73.75,C(C(C(C(CO)(O)[H])(O)[H])(O)[H])=O,1.2291666666666667,1.6409574,是
1197,1198,zhulab,247.42,C(COP(=O)(O)O)N,4.123666666666667,4.200737,是
1198,1199,zhulab,211.28,[C@@H]1([C@@H]([C@H](OC([C@@H]1O)O)C(=O)O)O)O,3.521333333333333,3.4485157,是
1199,1200,zhulab,248.45,C(C[C@@H](C(=O)O)N)CN=C(N)N[C@@H](CC(=O)O)C(=O)O,4.140833333333333,4.1478643,是
1200,1201,zhulab,166.14,C1=CC(=C(C=C1CCN)O)O,2.769,2.5081103,是
1201,1202,zhulab,213.51,C([C@@H](C(=O)NCC(=O)O)N)S,3.5585,3.2385159,是
1202,1203,zhulab,195.19,OCC(O)C(O)C(O)C(=O)C(O)=O,3.2531666666666665,3.5041187,是
1203,1204,zhulab,225.97,C1[C@@H]([C@H](O[C@H]1N2C=CC(=O)NC2=O)COP(=O)(O)O)O,3.7661666666666656,3.6995683,是
1204,1205,zhulab,73.82,C1=C(C(=O)NC(=O)N1)CO,1.2303333333333333,1.547453,是
1205,1206,zhulab,251.96,C1[C@@H]([C@H](O[C@H]1N2C=CC(=NC2=O)N)COP(=O)(O)OP(=O)(O)O)O,4.199333333333334,4.098861,是
1206,1207,zhulab,235.1,CC1=CN(C(=O)NC1=O)[C@H]2C[C@@H]([C@H](O2)COP(=O)(O)OP(=O)(O)O)O,3.918333333333333,3.9842267,是
1207,1208,zhulab,215.29,C1=CC(C=CC1O)(CC(=O)C(=O)O)C(=O)O,3.5881666666666665,3.4789078,是
1208,1209,zhulab,103.15,C1=CC(=C(C=C1OC2=C(C=C(C=C2I)C[C@@H](C(=O)O)N)I)I)O,1.7191666666666667,2.1010044,是
1209,1210,zhulab,164.87,CC(C)C[C@@H](C(=O)O)NC(=O)CN,2.7478333333333333,2.691602,是
1210,1211,zhulab,166.05,CC(=O)OC[C@@H](C(=O)O)N,2.7675,2.7838316,是
1211,1212,zhulab,257.35,C1[C@@H]([C@H](O[C@H]1N2C=NC3=C2NC(=NC3=O)N)COP(=O)(O)OP(=O)(O)O)O,4.289166666666668,4.166118,是
1212,1213,zhulab,145.36,COC1=CC2=C(NC=C2C[C@H](N)C(O)=O)C=C1,2.4226666666666667,2.5248532,是
1213,1214,zhulab,246.76,C[N+](C)(C)CCOP(=O)(O)O,4.112666666666667,4.218238,是
1214,1215,zhulab,174.06,CC(=O)O[C@H](CC([O-])=O)C[N+](C)(C)C,2.901,2.6638372,是
1215,1216,zhulab,207.65,CC(=O)N[C@@H](CCCN)C(=O)O,3.460833333333333,3.5223668,是
1216,1217,zhulab,232.78,CN(CC(=O)O)/C(=N/P(=O)(O)O)/N,3.8796666666666666,3.7556825,是
1217,1218,zhulab,218.15,CN1C(CNC2=CC=C(C=C2)C(=O)N[C@H](CCC(O)=O)C(O)=O)CNC2=C1C(=O)NC(N)=N2,3.635833333333333,3.5066938,是
1218,1219,zhulab,233.77,C([C@H](COP(=O)(O)O)O)O,3.896166666666667,3.9160213,是
1219,1220,zhulab,209.14,C(CC(=O)N[C@@H](CS)C(=O)O)[C@@H](C(=O)O)N,3.4856666666666665,3.7657666,是
1220,1221,zhulab,71.6,C1=CC=C(C(=C1)C(=O)NCC(=O)O)O,1.1933333333333331,1.969451,是
1221,1222,zhulab,225.7,C1[C@@H]([C@H](O[C@H]1N2C=NC3=C2N=CN=C3N)COP(=O)(O)O)O,3.7616666666666654,3.8057652,是
1222,1223,zhulab,116.18,C1=CC2=C(C=C1O)C(=CN2)CC(=O)O,1.9363333333333332,1.81881,是
1223,1224,zhulab,71.58,C1=CC=C2C(=C1)C(=CN2)CC(C(=O)O)O,1.193,1.624062,是
1224,1225,zhulab,195.28,CC(=O)N[C@@H](CS)C(=O)O,3.2546666666666666,2.5398622,是
1225,1226,zhulab,213.3,CC(C)CC(=O)SCCNC(=O)CCNC(=O)C(O)C(C)(C)COP(O)(=O)OP(O)(=O)OC[C@H]1O[C@H]([C@H](O)[C@@H]1OP(O)(O)=O)N1C=NC2=C1N=CN=C2N,3.555,3.634909,是
1226,1227,zhulab,253.71,O[C@@H]1[C@@H](COP(O)(=O)OP(O)(O)=O)OC([C@@H]1O)N1C=NC2=C1NC=NC2=O,4.2285,4.166792,是
1227,1228,zhulab,261.56,OC(=O)CCC(O)(CC(O)=O)C(O)=O,4.359333333333334,3.8673725,是
1228,1229,zhulab,144.54,C[C@H](O)[C@H](O)C1=NC2=C(NC(N)=NC2=O)N=C1,2.409,1.9306722,是
1229,1230,zhulab,85.69,CCCCCCCCCCCCCCCC(=O)O[C@H](CC(=O)[O-])C[N+](C)(C)C,1.4281666666666666,1.6823516,是
1230,1231,zhulab,235.05,OC[C@H]1O[C@H](O[P@@](O)(=O)O[P@@](O)(=O)OC[C@H]2O[C@H]([C@H](O)[C@@H]2O)N2C=CC(=O)NC2=O)[C@H](O)[C@@H](O)[C@H]1O,3.9175,3.8857386,是
1231,1232,zhulab,222.26,C(CCNCCCN)CN,3.704333333333333,4.5485144,是
1232,1233,zhulab,235.64,C(CCN[C@@H](CCC(=O)O)C(=O)O)C[C@@H](C(=O)O)N,3.927333333333333,4.1019883,是
1233,1234,zhulab,183.53,C1=C(N=C2C(=N1)NC(=NC2=O)N)[C@@H]([C@@H](CO)O)O,3.0588333333333333,2.4261484,是
1234,1235,zhulab,193.13,C(CC(=O)O)CN=C(N)N,3.218833333333333,3.327105,是
1235,1236,zhulab,60.3,CCCCCCCCCCCCCCC[C@H]([C@H](CO)N)O,1.005,1.5842035,是
1237,1238,zhulab,193.74,[H][C@]12CS[C@@H](CCCCC(=O)NCCCC[C@H](N)C(O)=O)[C@@]1([H])NC(=O)N2,3.229,3.1187806,是
1238,1239,zhulab,173.59,C([C@@H](C(=O)O)N)SS(=O)(=O)O,2.8931666666666667,3.2602284,是
1239,1240,zhulab,132.3,CNCC(C1=CC=C(C=C1)O)O,2.205,2.3745499,是
1240,1241,zhulab,145.13,CC1C(NC(=O)N1)CCCCCC(=O)O,2.418833333333333,2.295632,是
1241,1242,zhulab,99.31,C[C@H]1[C@@H]([C@H]([C@H]([C@@H](O1)O[C@@H]2[C@H]([C@@H]([C@H](O[C@H]2OC3=CC(=C4C(=O)C[C@H](OC4=C3)C5=CC=C(C=C5)O)O)CO)O)O)O)O)O,1.655166666666667,2.4084978,是
1242,1243,zhulab,158.42,CC(C)(CO)[C@H](C(=O)NCCC(=O)O)O,2.640333333333333,2.588104,是
1243,1244,zhulab,232.6,CC1=NC=C(C(=C1O)C=O)COP(=O)(O)O,3.8766666666666665,3.745263,是
1244,1245,zhulab,235.33,CC(=O)N[C@@H](CC(=O)O)C(=O)N[C@@H](CCC(=O)O)C(=O)O,3.922166666666667,3.8305917,是
1246,1247,zhulab,239.22,C(CSC[C@@H](C(=O)O)N)[C@@H](C(=O)O)N,3.987,4.019585,是
1247,1248,zhulab,87.21,COC1(C(C(CO)(OC1(N2C=CC(=N)N=C2O)[H])[H])(O)[H])[H],1.4534999999999998,1.7720021,是
1248,1249,zhulab,199.21,CCCCCCCCCC(=O)SCCNC(=O)CCNC(=O)C(O)C(C)(C)COP(O)(=O)OP(O)(=O)OC[C@H]1O[C@H]([C@H](O)[C@@H]1OP(O)(O)=O)N1C=NC2=C1N=CN=C2N,3.3201666666666667,3.4505887,是
1249,1250,zhulab,266.44,C[N+](C)(C)CCCC[C@@H](C(=O)[O-])N,4.440666666666667,3.689617,是
1252,1253,zhulab,88.33,CCCCCC(=O)NCC(O)=O,1.4721666666666666,1.6130879,是
1253,1254,zhulab,81.64,OC(C(O)=O)C1=CC(O)=CC=C1,1.3606666666666667,1.8192033,是
1254,1255,zhulab,111.19,CC(O)C(C)C(O)=O,1.8531666666666664,1.9010413,是
1255,1256,zhulab,69.52,CN(C)CCC1=CNC2=C1C=C(C=C2)OC,1.1586666666666663,1.8449483,是
1256,1257,zhulab,159.21,CN1C2=C(NC(=O)N2)C(=O)NC1=O,2.6535,2.44735,是
1257,1258,zhulab,89.09,OC(=O)CNCCC(=O)C1=CC=CC=C1,1.4848333333333334,2.1122298,是
1258,1259,zhulab,202.44,OC(=O)CCCCCCC(=O)NCC(O)=O,3.374,3.213283,是
1259,1260,zhulab,145.44,C(CO)C(=O)O,2.424,2.2991426,是
1260,1261,zhulab,116.4,CC(C)C(=O)NCC(O)=O,1.94,1.7781689,是
1261,1262,zhulab,137.98,CC[C@H](C)[C@H]1C(=O)N[C@H](C(=O)N[C@H](C(=O)N[C@@H](CSSC[C@@H](C(=O)N[C@H](C(=O)N1)CC2=CC=C(C=C2)O)N)C(=O)N3CCC[C@H]3C(=O)N[C@@H](CC(C)C)C(=O)NCC(=O)N)CC(=O)N)CCC(=O)N,2.2996666666666665,2.3519416,是
1262,1263,zhulab,271.79,CNCCCC[C@@H](C(=O)O)N,4.529833333333333,4.0974593,是
1263,1264,zhulab,249.09,CC(C(C(=O)O)(N)[H])(OP(O)(O)=O)[H],4.1515,4.175279,是
1264,1265,zhulab,100.43,CN(C)C1=NC(=O)C2=C(N1)N(C=N2)[C@@H]1O[C@H](CO)[C@@H](O)[C@H]1O,1.6738333333333335,1.9620855,是
1265,1266,zhulab,125.32,CN1C2=C(NC1=O)NC(=O)N(C2=O)C,2.0886666666666667,2.4568138,是
1266,1267,zhulab,179.54,CCOC1(C(C(C(C(C(=O)O)(O1)[H])(O)[H])(O)[H])(O)[H])[H],2.9923333333333333,2.836629,是
1268,1269,zhulab,122.45,C1=CC=C(C=C1)CC(=O)N[C@@H](CCC(=O)N)C(=O)O,2.040833333333333,1.9762883,是
1269,1270,zhulab,201.72,O[C@@H]1[C@@H](O)[C@H](OC2=CC=CC=C2C(O)=O)O[C@@H]([C@H]1O)C(O)=O,3.362,3.4794116,是
1270,1271,zhulab,176.87,CC(=O)NCCCCNCCCN,2.947833333333333,3.7859159,是
1271,1272,zhulab,157.72,CC(O)C(O)C1=NC2=C(NC1)N=C(N)NC2=O,2.6286666666666667,1.8866003,是
1272,1273,zhulab,246.55,[H][C@]1(COP(O)([O-])=O)O[C@@]([H])([N+]2=CC=CC(=C2)C(O)=O)[C@]([H])(O)[C@]1([H])O,4.109166666666667,4.107086,是
1273,1274,zhulab,144.72,C[C@H](CCC(=O)NCC(=O)O)[C@H]1CC[C@@H]2[C@@]1([C@H](C[C@H]3[C@H]2[C@@H](C[C@H]4[C@@]3(CC[C@H](C4)O)C)O)O)C,2.412,2.2639542,是
1274,1275,zhulab,263.92,C([C@@H]1[C@H]([C@@H]([C@](O1)(COP(=O)(O)O)O)O)O)OP(=O)(O)O,4.398666666666667,4.3461895,是
1275,1276,zhulab,181.78,C[C@H](C(=O)N[C@H](C)C(=O)O)N,3.0296666666666665,3.1996531,是
1276,1277,zhulab,63.66,CNC1=NC=NC2=C1N=CN2[C@@H]1O[C@H](CO)[C@@H](O)[C@H]1O,1.061,1.6924477,是
1277,1278,zhulab,221.16,C1=C(C(=C(N1)CN)CC(=O)O)CCC(=O)O,3.686,3.6503289,是
1279,1280,zhulab,108.9,CO[C@@H]1[C@@H](CO)O[C@H]([C@@H]1O)N1C=NC2=C1NC(N)=NC2=O,1.815,1.7833382,是
1280,1281,zhulab,82.97,CC1=CN(C2(C(C(C(CO)(O2)[H])(O)[H])(OC)[H])[H])C(=NC1=N)O,1.3828333333333334,1.7843432,是
1281,1282,zhulab,81.63,CC(=O)NC1=NC(=O)N(C=C1)[C@@H]1O[C@H](CO)[C@@H](O)[C@H]1O,1.3604999999999998,1.9614544,是
1283,1284,zhulab,136.55,CN1C(=N)C=CN(C1=O)[C@H]2[C@@H]([C@@H]([C@H](O2)CO)O)O,2.2758333333333334,1.743612,是
1286,1287,zhulab,77.07,COC1=CN(C(=O)NC1=O)C2C(C(C(O2)CO)O)O,1.2845,1.5459032,是
1287,1288,zhulab,135.86,C1=C(C(=O)NC(=O)N1)[C@H]2[C@@H]([C@@H]([C@H](O2)CO)O)O,2.264333333333333,1.59389,是
1288,1289,zhulab,64.24,CN1C=NC2=C(C1=N)N=CN2[C@H]3[C@@H]([C@@H]([C@H](O3)CO)O)O,1.0706666666666669,1.7433323,是
1289,1290,zhulab,73.55,COC1C(OC(C1O)N2C=NC3=C2N=CNC3=O)CO,1.225833333333333,1.477281,是
1292,1293,zhulab,103.88,COC1C(C(OC1N2C=NC3=C2N=C(NC3=O)N)CO)O,1.7313333333333332,1.7147217,是
1294,1295,zhulab,86.56,COC1C(CO)OC(C1O)N1C=CC(N)=NC1=O,1.4426666666666668,1.746203,是
1295,1296,zhulab,103.11,CN1C(N)=NC2=C(N=CN2[C@@H]2O[C@H](CO)[C@@H](O)[C@H]2O)C1=O,1.7185,1.8402498,是
1297,1298,zhulab,87.01,NC1=NC(=S)N(C=C1)C2OC(CO)C(O)C2O,1.4501666666666668,1.7749386,是
1298,1299,zhulab,82.27,C1=CC(=CC=C1/C=C/C(=O)O)O,1.3711666666666666,1.7555912,是
1299,1300,zhulab,105.89,C1=C(C=C(C(=C1I)OC2=CC(=C(C(=C2)I)O)I)I)C[C@@H](C(=O)O)N,1.7648333333333333,2.0523376,是
1301,1302,zhulab,87.14,CN1C=C(C2OC(CO)C(O)C2O)C(=O)NC1=O,1.4523333333333333,1.6206177,是
1302,1303,zhulab,160.76,C1=C(C(=NC(=O)N1C2C(C(C(O2)CO)O)O)N)CO,2.679333333333333,1.9796554,是
1303,1304,zhulab,114.19,CC(=O)OCC[N+](C)(C)C,1.903166666666667,2.5060637,是
1304,1305,zhulab,169.13,CN(C)CC(=O)O,2.818833333333333,3.0194876,是
1305,1306,zhulab,232.81,O[C@H]1C[C@H](O)[C@@H](COP(O)(O)=O)O1,3.8801666666666663,3.9009798,是
1306,1307,zhulab,250.26,C([C@@H]1[C@H]([C@@H]([C@H](C(O1)O)O)O)O)OP(=O)(O)O,4.171,4.085462,是
1307,1308,zhulab,243.46,C([C@@H]1[C@H]([C@@H]([C@](O1)(CO)O)O)O)OP(=O)(O)O,4.057666666666667,4.0510235,是
1308,1309,zhulab,245.52,C1=NC2=C(N1[C@H]3[C@@H]([C@@H]([C@H](O3)COP(=O)(O)O)O)O)NC(=NC2=O)N,4.0920000000000005,4.0020165,是
1309,1310,zhulab,211.31,CC(=O)C=O,3.5218333333333334,3.6168613,是
1310,1311,zhulab,192.41,CC(=O)N[C@@H]1[C@H]([C@@H]([C@H](O[C@H]1O[C@@H]2[C@H](OC([C@@H]([C@H]2O)NC(=O)C)O)CO)CO)O)O,3.206833333333333,3.1020994,是
1311,1312,zhulab,241.57,OC[C@H]1OC(OP(O)(O)=O)[C@H](O)[C@@H](O)[C@@H]1O,4.026166666666667,4.067477,是
1312,1313,zhulab,216.59,CC(=CCC/C(=C/COP(=O)(O)OP(=O)(O)O)/C)C,3.609833333333333,3.4165611,是
1313,1314,zhulab,255.45,C1=NC2=C(C(=N1)N)N=CN2[C@H]3[C@@H]([C@@H]([C@H](O3)COP(=O)(O)O)OP(=O)(O)O)O,4.257499999999999,4.289077,是
1314,1315,zhulab,247.64,C[C@](O)(CC(O)=O)CC(=O)SCCNC(=O)CCNC(=O)C(O)C(C)(C)COP(O)(=O)OP(O)(=O)OC[C@H]1O[C@H]([C@H](O)[C@@H]1OP(O)(O)=O)N1C=NC2=C1N=CN=C2N,4.1273333333333335,3.9190621,是
1315,1316,zhulab,165.82,CN1C2=C(NC(=O)NC2=O)NC1=O,2.7636666666666665,2.4506564,是
1316,1317,zhulab,212.02,C(C(=O)C(=O)O)O,3.533666666666667,2.672094,是
1317,1318,zhulab,230.85,C([C@H]([C@H](C(=O)CO)O)O)OP(=O)(O)O,3.8475,3.9575903,是
1318,1319,zhulab,235.44,CC(=O)N[C@@H]1[C@H]([C@@H]([C@H](OC1OP(=O)(O)O)CO)O)O,3.924,3.968472,是
1319,1320,zhulab,244.97,C1=NC2=C(N1[C@H]3[C@@H]([C@@H]([C@H](O3)COP(=O)(O)OP(=O)(O)O[C@@H]4[C@H]([C@H]([C@@H]([C@H](O4)CO)O)O)O)O)O)NC(=NC2=O)N,4.082833333333333,4.0322204,是
1320,1321,zhulab,208.93,NC(CS(O)=O)C(O)=O,3.482166666666666,3.572883,是
1321,1322,zhulab,232.77,CC(=O)N[C@@H]1[C@H](C[C@](O[C@H]1[C@@H]([C@@H](CO)O)O)(C(=O)O)OP(=O)(O)OC[C@@H]2[C@H]([C@H]([C@@H](O2)N3C=CC(=NC3=O)N)O)O)O,3.8795,3.8944793,是
1322,1323,zhulab,193.58,CCCCCCCCCCCCCCCC(=O)SCCNC(=O)CCNC(=O)C(O)C(C)(C)COP(O)(=O)OP(O)(=O)OC[C@H]1O[C@H]([C@H](O)[C@@H]1OP(O)(O)=O)N1C=NC2=C1N=CN=C2N,3.2263333333333337,3.2668815,是
1323,1324,zhulab,195.5,CCCCCCCCCCCCCC(=O)SCCNC(=O)CCNC(=O)C(O)C(C)(C)COP(O)(=O)OP(O)(=O)OC[C@H]1O[C@H]([C@H](O)[C@@H]1OP(O)(O)=O)N1C=NC2=C1N=CN=C2N,3.2583333333333333,3.3249795,是
1324,1325,zhulab,126.99,CNC1=NC(=O)C2=C(N1)N(C=N2)[C@@H]1O[C@H](CO)[C@@H](O)[C@H]1O,2.1165,2.118311,是
1325,1326,zhulab,192.82,C=C(C(=O)O)O[C@@H]1C=C(C=C[C@H]1O)C(=O)O,3.2136666666666667,3.520321,是
1326,1327,zhulab,218.24,CN1C=NC=C1C[C@@H](C(=O)O)NC(=O)CCN,3.637333333333333,3.522975,是
1327,1328,zhulab,228.71,CC(=O)N[C@@H]1[C@H]([C@@H]([C@H](O[C@@H]1OP(=O)(O)OP(=O)(O)OC[C@@H]2[C@H]([C@H]([C@@H](O2)N3C=CC(=O)NC3=O)O)O)CO)O)O,3.811833333333333,3.7980642,是
1328,1329,zhulab,204.79,C(C(C(=O)O)O)C(=O)C(=O)O,3.4131666666666667,3.6151776,是
1329,1330,zhulab,231.66,C1[C@@H]2CN(CN2C3=C(N1)NC(=NC3=O)N)C4=CC=C(C=C4)C(=O)NC(CCC(=O)O)C(=O)O,3.861,3.4614232,是
1330,1331,zhulab,196.51,C(C(=O)O)(NC(=O)N)NC(=O)N,3.2751666666666663,3.2534785,是
1331,1332,zhulab,181.17,NC1=NC(=O)N(C=C1)C1O[C@H](CO)[C@H]2OP(O)(=O)O[C@@H]12,3.0195,2.4822335,是
1332,1333,zhulab,249.67,C1=NC2=C(N1[C@H]3[C@@H]([C@@H]([C@H](O3)COP(=O)(O)O)O)O)NC(=O)NC2=O,4.1611666666666665,3.838273,是
1333,1334,zhulab,239.01,CC(=O)N[C@@H]1[C@H]([C@@H]([C@H](OC1O)COP(=O)(O)O)O)O,3.9835,3.9871273,是
1334,1335,zhulab,187.92,C(CS(=O)O)N,3.132,2.9613044,是
1335,1336,zhulab,74.54,C1=CC(=C(C(=C1)O)N)C(=O)O,1.2423333333333335,2.0656044,是
1336,1337,zhulab,67.09,COC1=CC2=C(C=C1)NC=C2CC(=O)O,1.1181666666666668,1.4717765,是
1337,1338,zhulab,194.48,C(CC(=O)O)C(=O)CN,3.241333333333333,3.2459595,是
1338,1339,zhulab,259.97,C1=NC2=C(C(=N1)N[C@@H](CC(=O)O)C(=O)O)N=CN2[C@H]3[C@@H]([C@@H]([C@H](O3)COP(=O)(O)O)O)O,4.332833333333334,4.154114,是
1339,1340,zhulab,185.93,CN1C=C(N=C1)CCN,3.0988333333333333,2.771296,是
1340,1341,zhulab,214.12,C(COC(=O)CCC(=O)O)[C@@H](C(=O)O)N,3.5686666666666667,3.6086507,是
1341,1342,zhulab,199.15,C(CN)C(=O)O,3.319166666666667,3.2673907,是
1342,1343,zhulab,91.11,C[C@H](CCC(=O)NCC(=O)O)[C@H]1CC[C@@H]2[C@@]1(CC[C@H]3[C@H]2CC[C@H]4[C@@]3(CC[C@H](C4)O)C)C,1.5185,1.805219,是
1343,1344,zhulab,257.69,C([C@@H]1[C@@H]([C@@H]([C@H]([C@H](O1)OC[C@@H]2[C@@H]([C@@H]([C@H]([C@H](O2)OC[C@@H]3[C@H]([C@@H]([C@H]([C@H](O3)O[C@]4([C@H]([C@@H]([C@H](O4)CO)O)O)CO)O)O)O)O)O)O)O)O)O)O,4.294833333333333,4.6200795,是
1344,1345,zhulab,245.29,[H][C@@](O)(CO)[C@@]([H])(O)[C@]([H])(O)C(=O)COP(O)(O)=O,4.088166666666667,4.039977,是
1345,1346,zhulab,146.41,[H][C@@](O)(CO)[C@@]([H])(O)[C@]([H])(O)[C@]([H])(NC(C)=O)C=O,2.440166666666667,2.2811716,是
1346,1347,zhulab,196.83,CCCCCCCCCCCC(=O)SCCNC(=O)CCNC(=O)[C@@H](C(C)(C)COP(=O)(O)OP(=O)(O)OC[C@@H]1[C@H]([C@H]([C@@H](O1)N2C=NC3=C2N=CN=C3N)O)OP(=O)(O)O)O,3.2805000000000004,3.3857172,是
1347,1348,zhulab,244.16,C([C@@H]1[C@@H]([C@@H]([C@H]([C@H](O1)OP(=O)(O)O)O)O)O)O,4.069333333333334,4.067477,是
1348,1349,zhulab,241.51,C([C@@H]1[C@@H]([C@@H]([C@H]([C@H](O1)OC2[C@H]([C@H](C([C@H]([C@@H]2O)O)O)O)O)O)O)O)O,4.025166666666666,3.9221992,是
1349,1350,zhulab,197.6,C(CC(=O)C(=O)O)CC(=O)O,3.293333333333333,3.4711823,是
1350,1351,zhulab,247.64,CC(C)(COP(O)(=O)OP(O)(=O)OC[C@H]1O[C@H]([C@H](O)[C@@H]1OP(O)(O)=O)N1C=NC2=C1N=CN=C2N)C(O)C(=O)NCCC(=O)NCCSC(=O)CCCC(O)=O,4.1273333333333335,3.94876,是
1351,1352,zhulab,95.62,C[C@@H](C(=O)C1=NC2=C(NC1)NC(=NC2=O)N)O,1.5936666666666668,1.8146392,是
1353,1354,zhulab,139.23,CC\1=C(/C(=C/C2=C(C(=C(N2)/C=C\3/C(=C(C(=O)N3)C)C=C)C)CCC(=O)O)/N/C1=C\C4=NC(=O)C(=C4C)C=C)CCC(=O)O,2.3205,2.4342551,是
1354,1355,zhulab,79.38,CC1=C2CC3=C(C(=C(N3)CC4=C(C(=C(N4)CC5=C(C(=C(N5)CC(=C1CCC(=O)O)N2)CCC(=O)O)C)C=C)C)C=C)C,1.323,2.1954818,是
1355,1356,zhulab,261.1,C(CC(=O)O)C1=C(CC(=O)O)C2=CC=3C(CCC(=O)O)=C(CC(=O)O)C(=CC4=C(CCC(=O)O)C(CC(=O)O)=C(C=C5C(CCC(=O)O)=C(CC(=O)O)C(C=C1N2)=N5)N4)N3,4.351666666666668,4.1920624,是
1356,1357,zhulab,210.48,CC(O)C(=O)SCC(N=C(O)CCC(N)C(O)=O)C(O)=NCC(O)=O,3.508,4.048252,是
1357,1358,zhulab,264.43,C1=NC(=O)C2=C(N1)N(C=N2)[C@H]3[C@@H]([C@@H]([C@H](O3)COP(=O)(O)OP(=O)(O)OP(=O)(O)O)O)O,4.407166666666667,4.3185616,是
1358,1359,zhulab,101.04,C1=CC(=C2C(=C1)OC3=CC(=O)C(=C(C3=N2)C(=O)O)N)C(=O)O,1.6840000000000002,2.9482667,是
1359,1360,zhulab,200.26,N[C@@H](CCC(=O)N[C@@H](CSN=O)C(=O)NCC(O)=O)C(O)=O,3.3376666666666663,3.7983475,是
1360,1361,zhulab,85.61,C(CS)N,1.4268333333333334,1.934504,是
1361,1362,zhulab,142.36,CCCCCCCC\C=C/CCCCCCCC(=O)OCC(O)COP(O)(O)=O,2.372666666666667,2.219453,是
1362,1363,zhulab,97.52,C([C@@H]([C@H](CS)O)O)S,1.6253333333333333,1.0924633,是
1363,1364,zhulab,81.55,CC1=C(NC(=C1CCC(=O)O)CC2=C(C(=C(N2)/C=C\3/C(=C(C(=O)N3)C)C=C)C)CCC(=O)O)/C=C\4/C(=C(C(=O)N4)C=C)C,1.3591666666666666,2.3782048,是
1364,1365,zhulab,61.35,C(C(=O)CO)O,1.0225,0.74773324,否
1365,1366,zhulab,241.91,C(CC(=O)N[C@@H](CCC(=O)O)C(=O)O)[C@@H](C(=O)O)N,4.031833333333333,3.9582238,是
1366,1367,zhulab,264.29,C([C@@H]1[C@H]([C@@H]([C@H]([C@H](O1)OP(=O)(O)O)O)O)O)OP(=O)(O)O,4.404833333333333,4.34927,是
1368,1369,zhulab,81.98,CN(C)CCC1=CC=C(C=C1)O,1.3663333333333334,1.986211,是
1369,1370,zhulab,66.8,OC[C@@H](O)[C@H](O)C(=O)CO,1.1133333333333333,1.5681782,是
1370,1371,zhulab,262.0,C1=NC2=C(N1[C@H]3[C@@H]([C@@H]([C@H](O3)COP(=O)(O)OP(=O)(O)OP(=O)(O)OP(=O)(O)OC[C@@H]4[C@H]([C@H]([C@@H](O4)N5C=NC6=C5NC(=NC6=O)N)O)O)O)O)NC(=NC2=O)N,4.366666666666666,4.182457,是
1371,1372,zhulab,112.32,C[C@H](CCC(=O)NCC(=O)O)[C@H]1CC[C@@H]2[C@@]1([C@H](C[C@H]3[C@H]2CC[C@H]4[C@@]3(CC[C@H](C4)O)C)O)C,1.872,1.9823134,是
1373,1374,zhulab,205.54,C/C(=C\C(=O)O)/C(=O)O,3.4256666666666664,3.484167,是
1374,1375,zhulab,182.11,C([C@@H]([C@H](C(=O)O)O)O)O,3.035166666666667,3.03121,是
1375,1376,zhulab,72.42,CCCCCCCCCCCCCC[C@H]([C@H]([C@H](CO)N)O)O,1.207,1.5564106,是
1376,1377,zhulab,179.28,C1[C@@H]2[C@H]([C@H]([C@@H](O2)N3C=NC4=C3NC(=NC4=O)N)O)OP(=O)(O1)O,2.988,2.9107218,是
1377,1378,zhulab,238.04,C[C@@H]1OC(OP(O)(=O)OP(O)(=O)OC[C@H]2O[C@H]([C@H](O)[C@@H]2O)N2C=NC3=C2N=C(N)NC3=O)[C@@H](O)[C@H](O)[C@@H]1O,3.967333333333333,3.886454,是
1378,1379,zhulab,108.98,C[C@]12CC[C@H]3[C@H]([C@@H]1CCC2=O)CCC4=C3C=CC(=C4)O[C@H]5[C@@H]([C@H]([C@@H]([C@H](O5)C(=O)O)O)O)O,1.8163333333333331,2.125444,是
1379,1380,zhulab,76.57,CCCCCC(O)C=CC1C(O)CC2OC(CC12)=CCCCC(O)=O,1.2761666666666664,1.7965901,是
1380,1381,zhulab,246.19,C1=NC2=C(C(=N1)N)N=CN2[C@H]3[C@@H]([C@@H]([C@H](O3)COP(=O)(O)OP(=O)(O)OP(=O)(O)OP(=O)(O)OC[C@@H]4[C@H]([C@H]([C@@H](O4)N5C=NC6=C5N=CN=C6N)O)O)O)O,4.103166666666667,4.094036,是
1381,1382,zhulab,233.42,NC1=C2N=CN([C@@H]3O[C@H](COP(O)(=O)OP(O)(=O)OC[C@H]4O[C@H]([C@H](O)[C@@H]4O)[N+]4=CC=CC(=C4)C(O)=O)[C@@H](O)[C@H]3O)C2=NC=N1,3.890333333333333,4.241767,是
1382,1383,zhulab,232.99,C1[C@@H]([C@H](O[C@H]1N2C=NC3=C2NC=NC3=O)COP(=O)(O)O)O,3.883166666666667,3.8556795,是
1383,1384,zhulab,218.44,C1=NC2=C(C(=N1)N)N=CN2[C@H]3[C@@H]([C@@H]([C@H](O3)CO)OP(=O)(O)O)O,3.6406666666666663,3.8800936,是
1385,1386,zhulab,263.46,C(C1(C(C(C(O1)(OP(O)(O)=O)[H])(O)[H])(O)[H])[H])OP(O)(O)=O,4.391,4.3406744,是
1386,1387,zhulab,170.08,OCC(O)C(O)C(O)C(O)CO,2.8346666666666667,2.643093,是
1387,1388,zhulab,246.63,O[C@@H]1O[C@H](COP(O)(O)=O)[C@@H](O)[C@H](O)[C@@H]1O,4.1105,4.085462,是
1388,1389,zhulab,191.61,CCCCCCCCCCCCCCCCCC(=O)SCCNC(=O)CCNC(=O)C(O)C(C)(C)COP(O)(=O)OP(O)(=O)OC[C@H]1O[C@H]([C@H](O)[C@@H]1OP(O)(O)=O)N1C=NC2=C1N=CN=C2N,3.1935,3.2133102,是
1389,1390,zhulab,264.02,C1=C(NC=N1)C[C@@H](COP(=O)(O)O)N,4.400333333333333,4.1715746,是
1390,1391,zhulab,113.2,CC(=O)CC(=O)O,1.8866666666666667,1.9973801,是
1391,1392,zhulab,191.92,NC(CCC(=O)NC(CC1=CC=CC=C1)C(O)=O)C(O)=O,3.1986666666666665,3.3180227,是
1392,1393,zhulab,199.94,CSCCC(C(=O)O)NC(=O)CCC(C(=O)O)N,3.332333333333333,3.514524,是
1393,1394,zhulab,239.32,CC1OC(OP(O)(O)=O)C(O)C(O)C1O,3.9886666666666666,3.9322898,是
1394,1395,zhulab,206.03,CC(C)C(C(=O)O)NC(=O)CCC(C(=O)O)N,3.4338333333333333,3.4570146,是
1395,1396,zhulab,67.98,[C@](COP(=O)([O-])OCC[N+](C)(C)C)([H])(OC(CCCCCCC/C=C\CCCCCCCC)=O)COC(CCCCCCCCCCCCCCCCC)=O,1.133,1.3791506,是
1396,1397,zhulab,98.47,[H][C@@](O)(COC(=O)CCCCCCCCCCCCCCCCC)COP([O-])(=O)OCC[N+](C)(C)C,1.6411666666666669,1.832177,是
1397,1398,zhulab,244.37,OC[C@H]1OC(OP(O)(O)=O)[C@@H](O)[C@@H](O)[C@@H]1O,4.0728333333333335,4.067477,是
1398,1399,zhulab,104.97,[C@](COP(=O)(O)O)([H])(OC(CCCCCCCCCCCCCCCCC)=O)COC(CCCCCCCCCCCCCCCCC)=O,1.7495,2.2534513,是
1399,1400,zhulab,256.72,C(C[C@@H](C(=O)O)N)CN=C(N)NO,4.278666666666667,3.9914045,是
1400,1401,zhulab,166.84,C1=CC(=C(C(=C1)O)N)C(=O)CC(C(=O)O)N,2.780666666666667,2.9793,是
1401,1402,zhulab,71.17,C1=NC(=C(N1)C(=O)N)N,1.1861666666666666,1.5546832,是
1402,1403,zhulab,87.9,CCCCCCCCCCCCCCCCCC(=O)O[C@H](CC([O-])=O)C[N+](C)(C)C,1.465,1.6305046,是
1403,1404,zhulab,248.03,C(COP(=O)(O)O)[C@@H](C(=O)O)N,4.1338333333333335,4.235907,是
1404,1405,zhulab,176.04,C([C@@H]([C@@H](CO)O)O)C(=O)C(=O)O,2.934,3.2696357,是
1405,1406,zhulab,223.39,CC(=O)[C@H]([C@@H](COP(=O)(O)O)O)O,3.7231666666666654,3.7910914,是
1406,1407,zhulab,85.15,C([C@H]([C@H](CO)O)O)O,1.419166666666667,1.4877677,是
1407,1408,zhulab,228.43,C1=NC2=C(C(=N1)N)N=CN2[C@H]3[C@@H]([C@@H]([C@H](O3)COP(=O)(O)OP(=O)(O)O[C@@H]4[C@@H]([C@H]([C@@H]([C@H](O4)CO)O)O)O)O)O,3.807166666666667,3.94871,是
1408,1409,zhulab,192.28,CCCCCCCC/C=C\CCCCCCCC(=O)SCCNC(=O)CCNC(=O)[C@@H](C(C)(C)COP(=O)(O)OP(=O)(O)OC[C@@H]1[C@H]([C@H]([C@@H](O1)N2C=NC3=C2N=CN=C3N)O)OP(=O)(O)O)O,3.2046666666666668,3.2295187,是
1409,1410,zhulab,242.51,NC1=NC(=O)C2=C(N1)N(C=N2)[C@@H]1O[C@H](COP(O)(=O)OP(O)(=O)O[C@H]2O[C@H](CO)[C@@H](O)[C@H](O)[C@H]2O)[C@@H](O)[C@H]1O,4.041833333333333,4.0322204,是
1410,1411,zhulab,88.87,CCCCC[C@H](O)\C=C\[C@H]1[C@H](O)C[C@H](O)[C@@H]1C\C=C\CCCC(O)=O,1.4811666666666667,2.0244522,是
1411,1412,zhulab,224.8,Nc1ncnc2c1ncn2C3OC(COP(=O)(O)OP(=O)(O)OCC(O)C(O)C(O)C=O)C(O)C3O,3.746666666666667,3.8587394,是
1412,1413,zhulab,190.4,OC1CC(O)(CC(O)C1O)C(=O)O,3.1733333333333333,3.375341,是
1413,1414,zhulab,215.33,CC(C)(COP(O)(=O)OP(O)(=O)OC[C@H]1O[C@H]([C@H](O)[C@@H]1OP(O)(O)=O)N1C=NC2=C1N=CN=C2N)[C@@H](O)C(=O)NCCC(=O)NCCSC(=O)C1=CC=CC=C1,3.588833333333333,3.6055717,是
1414,1415,zhulab,247.79,C[C@@H](C(O)=O)C(=O)SCCNC(=O)CCNC(=O)C(O)C(C)(C)COP(O)(=O)OP(O)(=O)OC[C@H]1O[C@H]([C@H](O)[C@@H]1OP(O)(O)=O)N1C=NC2=C1N=CN=C2N,4.129833333333333,3.9616256,是
1415,1416,zhulab,241.1,CC1=NC=C(C(=C1O)CO)COP(=O)(O)O,4.0183333333333335,3.8404882,是
1417,1418,zhulab,228.95,C([C@@H](COP(=O)(O)O)O)O,3.815833333333333,3.9160213,是
1418,1419,zhulab,234.86,C[C@@](CCOP(=O)(O)O)(CC(=O)O)O,3.914333333333333,3.958651,是
1419,1420,zhulab,172.27,C1=C(C=C(C(=C1I)O)I)C[C@@H](C(=O)O)N,2.871166666666667,2.6822186,是
1420,1421,zhulab,146.19,CC(=O)N[C@H]1[C@H](O)O[C@H](CO)[C@H](O)[C@@H]1O,2.4365,2.3354366,是
1421,1422,zhulab,226.42,C([C@H]([C@H]([C@@H]([C@@H](COP(=O)(O)O)O)O)O)O)O,3.7736666666666654,4.1570544,是
1422,1423,zhulab,244.91,C(C(=O)O)OP(=O)(O)O,4.081833333333333,4.109917,是
1423,1424,zhulab,63.57,O[C@@H]1COC(=O)[C@H](O)[C@@H](O)[C@H]1O,1.0595,1.861078,是
1424,1425,zhulab,161.92,C[N+]1=CC=CC(=C1)C(=O)[O-],2.6986666666666665,2.523193,是
1425,1426,zhulab,171.8,C([C@H]([C@@H](CO)O)O)C(=O)C(=O)O,2.8633333333333337,3.2696357,是
1426,1427,zhulab,163.31,CC(=O)NCCC(=O)O,2.721833333333333,2.6032083,是
1427,1428,zhulab,161.68,CCCCCCCCCCCCCCC[C@H]([C@H](COP(=O)(O)O)N)O,2.694666666666667,2.7609227,是
1429,1430,zhulab,134.24,C[C@H](CCC(=O)O)[C@H]1CC[C@@H]2[C@@]1([C@H](C[C@H]3[C@H]2[C@@H](C[C@@H]4[C@@]3(CC[C@H](C4)O)C)O)O)C,2.2373333333333334,2.1917279,是
1430,1431,zhulab,132.03,C[C@H](CCC(=O)O)[C@H]1CC[C@@H]2[C@@]1([C@H](C[C@H]3[C@H]2[C@H](C[C@H]4[C@@]3(CC[C@H](C4)O)C)O)O)C,2.2005,2.1917279,是
1431,1432,zhulab,110.64,CC(CCC(=O)O)(C1(CCC2(C3(C(CCC12C)(C4(C)CCC(CC4(C(C3(O)[H])(O)[H])[H])(O)[H])[H])[H])[H])[H])[H],1.844,2.1087282,是
1432,1433,zhulab,98.54,CC(CCC(=O)O)(C1(CCC2(C3(C(CCC12C)(C4(C)CCC(CC4(C(C3(O)[H])(O)[H])[H])(O)[H])[H])[H])[H])[H])[H],1.6423333333333334,2.1087282,是
1433,1434,zhulab,73.52,C[C@H](CCC(=O)O)[C@H]1CC[C@@H]2[C@@]1(CC[C@H]3[C@H]2[C@H](C[C@H]4[C@@]3(CC[C@H](C4)O)C)O)C,1.2253333333333332,1.8840988,是
1434,1435,zhulab,81.14,CC(CCC(=O)O)(C1(CCC2(C3(CC(C4(CC(CCC4(C)C3(CCC12C)[H])(O)[H])[H])(O)[H])[H])[H])[H])[H],1.3523333333333334,1.8863313,是
1435,1436,zhulab,63.82,C[C@H](CCC(=O)NCCS(=O)(=O)O)[C@H]1CC[C@@H]2[C@@]1(CC[C@H]3[C@H]2[C@H](C[C@H]4[C@@]3(CC[C@H](C4)O)C)O)C,1.0636666666666668,1.7579744,是
1436,1437,zhulab,123.82,C[C@H](CCC(=O)NCC(=O)O)[C@H]1CC[C@@H]2[C@@]1(CC[C@H]3[C@H]2[C@H](C[C@H]4[C@@]3(CC[C@H](C4)O)C)O)C,2.0636666666666668,1.982105,是
1437,1438,zhulab,221.66,C1C2(C(C(C(N3C=NC4=C(C3=N)N=CN4C5(C(C(C(COP(O)(=O)OP(O)(=O)O1)(O5)[H])(O)[H])(O)[H])[H])(O2)[H])(O)[H])(O)[H])[H],3.694333333333333,3.6369452,是
1439,1440,zhulab,256.46,C(C(C(=O)O)(N=C(C1=C(N)N(C=N1)C2(C(C(C(COP(O)(O)=O)(O2)[H])(O)[H])(O)[H])[H])O)[H])C(=O)O,4.274333333333333,4.2230177,是
1440,1441,zhulab,217.46,C1C2C(C(C(O2)N3C=NC4=C3N=C(NC4=O)N)O)OP(=O)(OCC5C(C(C(O5)N6C=NC7=C(N=CN=C76)N)O)OP(=O)(O1)O)O,3.624333333333333,3.4700005,是
1441,1442,zhulab,212.18,C(C(C(=O)O)(NC1=C2C(=NC=N1)N(C=N2)C3(C(C(C(CO)(O3)[H])(O)[H])(O)[H])[H])[H])C(=O)O,3.5363333333333333,3.7199936,是
1442,1443,zhulab,192.35,CCCCCCCC/C=C/CCCCCCCCCC(=O)O,3.205833333333333,2.6957211,是
1445,1446,zhulab,258.2,C(CCN)CC(C(=O)O)NC(=O)CCC(C(=O)O)N,4.303333333333333,4.1942015,是
1446,1447,zhulab,90.37,C1CC1(C(=O)O)N,1.5061666666666669,2.8327832,是
1447,1448,zhulab,208.32,CCCCCCCC(=O)OC1=CC2=CC=CC=C2C=C1,3.472,3.3913856,是
1448,1449,zhulab,210.56,CC(=O)N[C@@H](CCCCN)C(O)=O,3.509333333333333,3.4550996,是
1449,1450,zhulab,113.77,C[C@H](CCC(=O)O)[C@H]1CC[C@@H]2[C@@]1(CC[C@H]3[C@H]2[C@@H]([C@@H]([C@H]4[C@@]3(CC[C@H](C4)O)C)O)O)C,1.8961666666666663,2.108728,是
1451,1452,zhulab,137.47,C[C@H](CCC(=O)NCC(=O)O)C1CCC2[C@@]1(CCC3C2[C@H]([C@H]([C@H]4[C@@]3(CC[C@H](C4)O)C)O)O)C,2.291166666666667,2.1953492,是
1452,1453,zhulab,87.71,C[C@H](CCC(=O)NCCS(=O)(=O)O)[C@H]1CC[C@@H]2[C@@]1(CC[C@H]3[C@H]2[C@H]([C@H]([C@H]4[C@@]3(CC[C@H](C4)O)C)O)O)C,1.461833333333333,1.8246782,是
1453,1454,zhulab,156.37,C[C@H](CCC(=O)O)[C@H]1CC[C@@H]2[C@@]1([C@H](C[C@H]3[C@H]2[C@@H](C[C@H]4[C@@]3(CC[C@H](C4)O)C)OS(=O)(=O)O)O)C,2.6061666666666667,2.1887968,是
1454,1455,zhulab,80.58,C[C@H](CC(=O)O)[C@H]1CC[C@@H]2[C@@]1([C@H](C[C@H]3[C@H]2CC[C@H]4[C@@]3(CC[C@H](C4)O)C)O)C,1.343,1.9001033,是
1455,1456,zhulab,125.85,C[C@H](CCC(=O)O)[C@H]1CC[C@@H]2[C@@]1(CC[C@H]3[C@H]2[C@H]([C@@H]([C@H]4[C@@]3(CC[C@H](C4)O)C)O)O)C,2.0975,2.108728,是
1458,1459,zhulab,70.07,C[C@H](CCC(=O)O)[C@H]1CC[C@@H]2[C@@]1(C(=O)C[C@H]3[C@H]2C(=O)C[C@H]4[C@@]3(CC[C@H](C4)O)C)C,1.1678333333333333,1.8280851,是
1459,1460,zhulab,105.9,C[C@H](CCC(=O)O)[C@H]1CC[C@@H]2[C@@]1([C@H](C[C@H]3[C@H]2C(=O)C[C@H]4[C@@]3(CC[C@H](C4)O)C)O)C,1.765,1.942891,是
1460,1461,zhulab,194.3,C[C@H](CCC(=O)O)[C@H]1CC[C@@H]2[C@@]1([C@H](C[C@H]3[C@H]2[C@@H](C[C@H]4[C@@]3(CC[C@H](C4)O[C@H]5[C@@H]([C@H]([C@@H]([C@H](O5)C(=O)O)O)O)O)C)O)O)C,3.2383333333333337,3.3581967,是
1461,1462,zhulab,183.52,C[C@H](CCC(=O)O)[C@H]1CC[C@@H]2[C@@]1([C@H](C[C@H]3[C@H]2CC[C@H]4[C@@]3(CC[C@H](C4)O[C@H]5[C@@H]([C@H]([C@@H]([C@H](O5)C(=O)O)O)O)O)C)O)C,3.058666666666667,3.1092138,是
1463,1464,zhulab,83.36,C[C@H](CCC(=O)O)[C@H]1CCC2=C3CC[C@@H]4C[C@@H](CC[C@@]4([C@H]3C[C@@H]([C@]12C)O)C)O,1.3893333333333333,1.9013394,是
1464,1465,zhulab,142.29,[H][C@@]12[C@]([C@](CC[C@@H](O)C3)(C)[C@]3([H])[C@@H](O)[C@H]2O)([H])CC[C@@]4(C)[C@@]1([H])CC[C@]4([H])[C@]([H])(C)CCC(NCC(O)=O)=O,2.3715,2.1953492,是
1465,1466,zhulab,101.21,C[C@H](CCC(NCC(O)=O)=O)[C@H]([C@]12C)CC[C@@]1([H])[C@]3([H])C(C[C@]4([H])CC(CC[C@]4(C)[C@@]3([H])CC2=O)=O)=O,1.6868333333333332,1.8752731,是
1466,1467,zhulab,100.26,[H][C@@]12[C@]([C@](CC[C@@H](O)C3)(C)[C@]3([H])[C@@H](O)[C@H]2O)([H])CC[C@@]4(C)[C@@]1([H])CC[C@]4([H])[C@]([H])(C)CCC(NCCS(=O)(O)=O)=O,1.671,1.8246782,是
1467,1468,zhulab,267.89,CC(=O)NCCCNCCCCN,4.464833333333333,3.8468137,是
1468,1469,zhulab,189.86,CC(=O)NCCCCNCCCNC(=O)C,3.164333333333333,2.9039497,是
1470,1471,zhulab,82.97,CC[C@@H]1[C@@]([C@@H]([C@H](N(C[C@@H](C[C@@]([C@@H]([C@H]([C@@H]([C@H](C(=O)O1)C)O[C@H]2C[C@@]([C@H]([C@@H](O2)C)O)(C)OC)C)O[C@H]3[C@@H]([C@H](C[C@H](O3)C)N(C)C)O)(C)O)C)C)C)O)(C)O,1.3828333333333334,2.5433779,是
1473,1474,zhulab,70.58,CN1C2=C(NC1=O)N(C(=O)N(C2=O)C)C,1.1763333333333332,2.8259466,是
1474,1475,zhulab,101.3,CN1C=NC2=C1C(=O)NC(=N2)N,1.6883333333333332,1.6348908,是
1475,1476,zhulab,122.63,CC(C)(C1=CC=C(C=C1)C(CCCN2CCC(CC2)C(C3=CC=CC=C3)(C4=CC=CC=C4)O)O)C(=O)O,2.043833333333333,2.01026,是
1476,1477,zhulab,201.6,C(CC(C(=O)O)O)CC(=O)O,3.36,3.493818,是
1477,1478,zhulab,110.23,CC(=O)NC1=C(NC(=O)N(C1=O)C)N,1.8371666666666668,2.2249227,是
1478,1479,zhulab,171.43,C(CC(=O)O)C1C(=O)NC(=O)N1,2.857166666666666,2.6822312,是
1479,1480,zhulab,96.47,C(CC(=O)C(=O)[O-])C[NH+]=C(N)N,1.6078333333333332,1.896968,是
1480,1481,zhulab,109.16,CC(=O)N[C@@H](CC1=CNC2=CC=CC=C21)C(=O)O,1.8193333333333328,1.8306584,是
1481,1482,zhulab,96.61,C[C@@H](CO)C(=O)O,1.6101666666666667,2.1223016,是
1482,1483,zhulab,65.47,CC(C)NCC(COC1=CC=C(C=C1)CCOC)O,1.0911666666666666,1.5885957,是
1483,1484,zhulab,149.96,CCCC(=O)O[C@H](CC(=O)[O-])C[N+](C)(C)C,2.4993333333333334,2.3443217,是
1484,1485,zhulab,173.58,CN1C=C(N=C1)CC(=O)O,2.893,2.4977121,是
1485,1486,zhulab,197.54,C1=CC(=C[N+](=C1)[C@H]2[C@@H]([C@@H]([C@H](O2)CO)O)O)C(=O)N,3.292333333333333,3.0627408,是
1486,1487,zhulab,130.27,CC(C)NCC(COC1=CC=C(C=C1)CC(=O)N)O,2.1711666666666667,1.9377809,是
1488,1489,zhulab,113.92,C[N+](C)(C)[C@@H](CC1=CNC2=CC=CC=C21)C(=O)[O-],1.8986666666666667,2.1874397,是
1489,1490,zhulab,63.12,CCCCCC(CC(=O)O)O,1.052,1.4400494,是
1490,1491,zhulab,139.8,CC(C)CC(=O)O[C@H](CC(=O)[O-])C[N+](C)(C)C,2.33,2.1891046,是
1491,1492,zhulab,140.66,C1=CC(=CC=C1C(=O)NCC(=O)O)O,2.344333333333333,2.027401,是
1492,1493,zhulab,135.84,C1=CC(=C(C(=C1)O)N)C(=O)NCC(=O)O,2.264,2.3636549,是
1493,1494,zhulab,130.31,C1=CC(=CC(=C1)O)C(=O)NCC(=O)O,2.1718333333333333,1.9320962,是
1494,1495,zhulab,140.1,C1=CC(=CN=C1)C(=O)CCC(=O)O,2.335,2.1821744,是
1495,1496,zhulab,138.49,C[C@H](CC(=O)O)O,2.3081666666666667,2.0364318,是
1496,1497,zhulab,170.5,C1=CC(=CC=C1C[C@@H](C(=O)O)N)OS(=O)(=O)O,2.841666666666667,2.9108126,是
1497,1498,zhulab,192.99,C(CCO)C[C@@H](C(=O)O)N,3.2165000000000004,3.1270778,是
1498,1499,zhulab,162.17,CCC(=O)OC(CC(=O)[O-])C[N+](C)(C)C,2.702833333333333,2.482973,是
1499,1500,zhulab,152.47,CC(C)C(=O)O[C@H](CC(=O)[O-])C[N+](C)(C)C,2.541166666666667,2.3382168,是
1500,1501,zhulab,147.95,C/C=C(\C)/C(=O)OC(CC(=O)[O-])C[N+](C)(C)C,2.4658333333333333,2.372126,是
1501,1502,zhulab,180.05,C[C@@H](O)CC(=O)O[C@@H](CC([O-])=O)C[N+](C)(C)C,3.000833333333333,2.715532,是
1502,1503,zhulab,132.74,CCCCCC(=O)OC(CC(=O)[O-])C[N+](C)(C)C,2.212333333333333,2.1505613,是
1503,1504,zhulab,120.17,CCCCCCCC(=O)OC(CC(=O)[O-])C[N+](C)(C)C,2.002833333333333,2.004261,是
1504,1505,zhulab,112.11,CCCCCCCCCC(=O)O[C@H](CC([O-])=O)C[N+](C)(C)C,1.8685,1.897569,是
1505,1506,zhulab,95.48,CCCCC/C=C\C/C=C\C/C=C\C/C=C\CCCC(=O)O[C@H](CC(=O)[O-])C[N+](C)(C)C,1.5913333333333337,1.6742984,是
1506,1507,zhulab,128.84,CSCCC(NC(=O)C(CC1=CC=CC=C1)NC(=O)CNC(=O)CNC(=O)C(N)CC1=CC=C(O)C=C1)C(O)=O,2.147333333333333,2.3395462,是
1507,1508,zhulab,125.54,CC(C)C[C@@H](C(=O)O)NC(=O)[C@H](CC1=CC=CC=C1)NC(=O)CNC(=O)CNC(=O)[C@H](CC2=CC=C(C=C2)O)N,2.0923333333333334,2.253795,是
1508,1509,zhulab,71.61,CN1C=NC2=C(N=CN2[C@@H]2O[C@H](CO)[C@@H](O)[C@H]2O)C1=O,1.1935,1.6910006,是
1509,1510,zhulab,116.69,CCCCCCCCCCCCCC(=O)OC[C@@H](O)COP([O-])(=O)OCC[N+](C)(C)C,1.9448333333333327,1.9844184,是
1510,1511,zhulab,172.99,O[C@@H]1C[C@@](O)(CC(=O)[C@H]1O)C(O)=O,2.883166666666667,3.0065103,是
1511,1512,zhulab,172.48,CC(=O)NC1=CC=C(O[C@@H]2O[C@@H]([C@@H](O)[C@H](O)[C@H]2O)C(O)=O)C=C1,2.8746666666666667,2.912674,是
1513,1514,zhulab,184.79,[H][C@@]1(CC[C@@]2([H])[C@]3([H])[C@H](O)C[C@]4([H])C[C@@H](CC[C@]4(C)[C@@]3([H])CC[C@]12C)OC1O[C@@H]([C@@H](O)[C@H](O)[C@H]1O)C(O)=O)[C@H](C)CCC(O)=O,3.079833333333333,3.1177802,是
1514,1515,zhulab,240.58,NC(CSC(=S)C(NC(=O)CCC(N)C(O)=O)C(=O)NCC(O)=O)C(O)O,4.009666666666667,4.1422167,是
1515,1516,zhulab,184.51,C[N+](C)(C)[C@@H](CC1=CNC(=S)N1)C([O-])=O,3.0751666666666666,2.7564402,是
1516,1517,zhulab,211.37,OC(=O)CC[C@H](NC=N)C(O)=O,3.5228333333333333,3.584941,是
1518,1519,zhulab,196.12,CC(C)C[C@H](NC(=O)CC[C@H](N)C(O)=O)C(O)=O,3.268666666666667,3.3978624,是
1519,1520,zhulab,144.34,COC1=C(OS(O)(=O)=O)C=CC(CC(O)=O)=C1,2.405666666666667,1.8608986,是
1520,1521,zhulab,94.39,CC(C)C[C@H](N)C(=O)N[C@@H](CC1=CC=CC=C1)C(O)=O,1.5731666666666666,1.8495787,是
1521,1522,zhulab,175.45,CS(=O)(=O)CC[C@H](N)C(O)=O,2.9241666666666664,2.951923,是
1522,1523,zhulab,182.82,CC(=O)NCCC(=O)N[C@H](CC1=CN=CN1)C(O)=O,3.047,3.1112483,是
1523,1524,zhulab,178.72,CC(=O)N[C@@H](CCCNC(N)=O)C(O)=O,2.978666666666667,3.0407524,是
1524,1525,zhulab,88.02,C[C@H](O)C(=O)N[C@@H](CC1=CC=CC=C1)C(O)=O,1.467,1.7435458,是
1526,1527,zhulab,198.74,CN[C@@H](CCC(O)=O)C(O)=O,3.3123333333333336,3.7484725,是
1527,1528,zhulab,64.2,FC1=CC=C(C=C1)[C@@H]1CCNC[C@H]1COC1=CC2=C(OCO2)C=C1,1.07,1.7696003,是
1528,1529,zhulab,128.61,CC1=CC=C(O[C@@H]2O[C@@H]([C@@H](O)[C@H](O)[C@H]2O)C(O)=O)C=C1,2.1435000000000004,2.3316693,是
1529,1530,zhulab,80.18,N[C@@H](CC1=CC=CC=C1)C(=O)N[C@@H](CC1=CC=CC=C1)C(O)=O,1.3363333333333334,1.7914363,是
1530,1531,zhulab,166.65,NC(CCCCN1C(CO)=CC=C1C=O)C(O)=O,2.7775000000000003,2.8577785,是
1531,1532,zhulab,85.83,[H][C@@]12C[C@@H]([C@H](OC(C)=O)[C@@]1(C)CC[C@@]1([H])[C@@]2([H])CC[C@@]2([H])C[C@H](O)[C@H](C[C@]12C)N1CCOCC1)[N+]1(CC=C)CCCC1,1.4305,2.324905,是
1532,1533,zhulab,188.37,CS(=O)CC(N)C(O)=O,3.1395,3.2165945,是
1535,1536,zhulab,148.73,CC(NC(=O)C(N)CC1=CC=C(O)C=C1)C(O)=O,2.478833333333333,2.8312678,是
1536,1537,zhulab,202.6,NC(CC1=CC=C(O)C=C1)C(=O)NC(CCC(O)=O)C(O)=O,3.3766666666666665,3.5516036,是
1537,1538,zhulab,68.98,CCCCC(=O)N(CC1=CC=C(C=C1)C1=CC=CC=C1C1=NNN=N1)[C@@H](C(C)C)C(O)=O,1.1496666666666668,1.7434605,是
1539,1540,zhulab,208.67,CC(CC(=O)[O-])CC(=O)OC(CC(=O)O)C[N+](C)(C)C,3.4778333333333333,3.1551545,是
1540,1541,zhulab,157.67,C1=NC(=C2C(=N1)N(C=N2)C3C4C(C(O3)CO)OP(=O)(O4)O)N,2.627833333333333,2.4828517,是
1541,1542,zhulab,240.45,NC(CC(O)=O)C(=O)NC(CCC(O)=O)C(O)=O,4.007499999999999,3.939282,是
1542,1543,zhulab,112.84,CCCCCC=CCCC(=O)OC(CC(=O)[O-])C[N+](C)(C)C,1.8806666666666667,1.8613517,是
1543,1544,zhulab,231.2,C(CC(=O)N[C@H](CO)C(=O)NCC(=O)O)[C@H](C(=O)O)N,3.853333333333333,3.8524294,是
1544,1545,zhulab,223.22,C[C@@H](O)[C@H](NC(CC[C@H](N)C(O)=O)=O)C(NCC(O)=O)=O,3.7203333333333335,3.8058643,是
1545,1546,zhulab,238.48,C(CC(=O)O)[C@@H](C(=O)N[C@@H](CCC(=O)O)C(=O)O)N,3.9746666666666655,3.9512887,是
1546,1547,zhulab,222.81,C(CC(=O)N[C@H](CS(=O)(=O)N)C(=O)NCC(=O)O)[C@@H](C(=O)O)N,3.7135,3.8840454,是
1547,1548,zhulab,237.82,C(CC(=O)N[C@@H](CS(=O)(=O)O)C(=O)NCC(=O)O)[C@@H](C(=O)O)N,3.9636666666666662,3.8535872,是
1548,1549,zhulab,113.5,[H][C@@]1(CC[C@@]2([H])[C@]3([H])CC[C@]4([H])C[C@@H](CC[C@]4(C)[C@@]3([H])CC[C@]12C)OS(O)(=O)=O)[C@H](C)CCC(=O)NCC(O)=O,1.8916666666666664,1.8412186,是
1549,1550,zhulab,155.6,NCC(O)=NC(CC1=CC=CC=C1)C(O)=O,2.5933333333333333,2.7357132,是
1550,1551,zhulab,175.37,CC(C)[C@@H](C(=O)O)NC(=O)CN,2.9228333333333336,2.785546,是
1551,1552,zhulab,106.18,CCCCCCCCCCCC(=O)O[C@H](CC(=O)[O-])C[N+](C)(C)C,1.7696666666666667,1.813211,是
1552,1553,zhulab,106.93,CC(C)C[C@@H](C(=O)N[C@@H](CC(C)C)C(=O)O)N,1.782166666666667,1.96364,是
1553,1554,zhulab,112.81,O[C@@H](COP(OCC[N+](C)(C)C)([O-])=O)COC(CCCCCCC/C=C\C/C=C\CCCCC)=O,1.8801666666666668,1.8843064,是
1554,1555,zhulab,116.12,CCCCCCCC/C=C\CCCCCCCC(=O)OC[C@H](COP(=O)(O)OCCN)O,1.9353333333333331,1.935358,是
1555,1556,zhulab,102.36,CCCCCCCCCCCCCC(=O)O[C@H](CC(O)=O)C[N+](C)(C)C,1.706,1.9566822,是
1556,1557,zhulab,177.03,C[C@H](C(=O)O)O[C@H]1[C@@H]([C@H](OC([C@@H]1NC(=O)C)O)CO)O,2.9505,3.218639,是
1557,1558,zhulab,96.56,N[C@@H](CC1=CC=CC=C1)C(=O)N[C@@H](CC1=CNC2=CC=CC=C12)C(O)=O,1.6093333333333333,1.9115682,是
1558,1559,zhulab,132.59,C[C@@H]([C@H]1CC[C@@H]2[C@@]1(CC[C@H]3[C@H]2CC[C@H]4[C@@]3(CC[C@H](C4)O[C@H]5[C@@H]([C@H]([C@@H]([C@H](O5)C(=O)O)O)O)O)C)C)O,2.209833333333333,2.2265491,是
1559,1560,zhulab,222.93,C1C[C@H](NC1)C(=O)N2C[C@@H](C[C@H]2C(=O)O)O,3.7155,3.2251043,是
1561,1562,zhulab,185.15,C[C@H](NC(=O)[C@@H](N)CO)C(O)=O,3.085833333333333,3.3180418,是
1562,1563,zhulab,139.89,CCCCC(=O)O[C@H](CC([O-])=O)C[N+](C)(C)C,2.3315,2.2431269,是
1563,1564,zhulab,68.59,C1=CN=C(C=N1)CN,1.1431666666666669,2.0971086,是
1564,1565,zhulab,186.25,C[C@@H](C(=O)NCC(=O)O)N,3.1041666666666665,3.228162,是
1565,1566,zhulab,206.24,C1=C(NC=N1)C[C@@H](C(=O)NCC(=O)O)N,3.4373333333333336,3.5246558,是
1566,1567,zhulab,199.27,CC(=O)N[C@@H](CCCN=C(N)N)C(=O)O,3.321166666666667,3.3945618,是
1567,1568,zhulab,140.41,C1C[C@H](N(C1)C(=O)[C@H](CC2=CC=CC=C2)N)C(=O)O,2.3401666666666667,2.2681687,是
1569,1570,zhulab,122.63,COC1=C(C=C2C(=C1)CC(C2=O)CC3CCNCC3)OC,2.043833333333333,1.7246302,是
1570,1571,zhulab,211.9,C[N+](C)(C)C[C@@H](CC(=O)[O-])OC(=O)CCCC(=O)O,3.5316666666666667,3.392902,是
1571,1572,zhulab,115.95,CC(=O)N[C@@H](CCSC)C(=O)O,1.9325,1.9509867,是
1573,1574,zhulab,72.85,C(CCC/C=C/C(=O)O)CCCO,1.2141666666666666,1.5454553,是
1574,1575,zhulab,238.21,C(C[C@@H](C(=O)O)NC(=O)[C@H](CCC(=O)O)N)CN=C(N)N,3.9701666666666666,4.0905943,是
1575,1576,zhulab,100.75,CC(C)[C@@H](C(=O)O)NC(=O)[C@H](CC1=CC=CC=C1)N,1.6791666666666667,1.8739073,是
1576,1577,zhulab,187.36,C1=CC=C(C=C1)C[C@@H](C(=O)O)NC(=O)[C@H](CCCN=C(N)N)N,3.122666666666667,3.2550702,是
1577,1578,zhulab,194.05,C1C[C@H](NC1)C(=O)NCC(=O)O,3.234166666666667,3.1110616,是
1578,1579,zhulab,177.05,C[C@H]([C@@H](C(=O)O)N)C(C)O,2.9508333333333336,2.9486918,是
1579,1580,zhulab,211.96,C(CC(=O)O)C(=O)CCC(=O)O,3.5326666666666666,3.354568,是
1580,1581,zhulab,194.58,CNCCCC(=O)O,3.2430000000000003,3.4664996,是
1581,1582,zhulab,210.41,C1=C(NC=N1)C[C@@H](C(=O)O)NC(=O)CN,3.506833333333333,3.5859199,是
1582,1583,zhulab,217.73,C(C1C(C(C(C(O1)OC(C(CO)O)C(C(CO)O)O)O)O)O)O,3.628833333333333,3.7546518,是
1583,1584,zhulab,76.73,CCCCCCCCCCCCCCCC(=O)O[C@H](COC(=O)CCCCCCCCCCCCC)COP(=O)([O-])OCC[N+](C)(C)C,1.2788333333333337,1.4480195,是
1584,1585,zhulab,168.38,C1[C@@H]([C@H]([C@@H]([C@H](N1CCO)CO)O)O)O,2.8063333333333333,2.618073,是
1585,1586,zhulab,182.01,CC(CC1=CC=C(C=C1)C(C)C(=O)O)C(=O)O,3.0335,2.808144,是
1586,1587,zhulab,62.93,C[C@H](CCC(=O)O)[C@H]1CC[C@@H]2[C@@]1([C@H](C[C@H]3[C@H]2[C@@H](C[C@H]4[C@@]3(CCCC4)C)O)O)C,1.0488333333333333,1.8455267,是
1587,1588,zhulab,79.1,C([C@@H]([C@@H]([C@@H](CO)O)O)O)NC1=C(C(=O)NC(=O)N1)N,1.3183333333333331,2.348054,是
1588,1589,zhulab,122.4,CC(=CCCC(C)(C1CCC2(C1C(CC3C2(CCC4C3(CCC(C4(C)C)OC5C(C(C(C(O5)CO)O)O)OC6C(C(C(C(O6)CO)O)O)O)C)C)O)C)O)C,2.04,2.1545215,是
1589,1590,zhulab,93.6,CC(C)C[C@@H](C(=O)O)NC(=O)[C@H](CC1=CC=CC=C1)N,1.5599999999999998,1.832351,是
1590,1591,zhulab,143.68,CCCCCCCC[C@@H]1[C@H](C(=C)C(=O)O1)C(=O)O,2.3946666666666667,2.2153952,是
1591,1592,zhulab,223.94,C[C@@H](C(=O)N[C@@H](CCC(=O)O)C(=O)O)N,3.7323333333333335,3.7264092,是
1592,1593,zhulab,199.14,CNC(=O)C[C@@H](C(=O)O)N,3.319,3.3350902,是
1593,1594,zhulab,110.48,[C@@H]1([C@@H]([C@H]([C@H]2[C@@H]([C@@H]1O)O2)O)O)O,1.8413333333333333,1.9695178,是
1594,1595,zhulab,219.32,C([C@@H](C(=O)O)N=C(N)N)C(=O)O,3.655333333333333,3.7022796,是
1595,1596,zhulab,224.77,C(CC(=O)O)[C@@H](C(=O)NCC(=O)O)N,3.746166666666667,3.7417161,是
1596,1597,zhulab,221.48,C[C@@H](C(=O)O)NC(=O)[C@H](CCCN=C(N)N)N,3.691333333333333,3.847497,是
1598,1599,zhulab,89.65,CC(C)CC1=CC=C(C=C1)C(C)C(=O)O[C@H]2[C@@H]([C@H]([C@@H]([C@H](O2)C(=O)O)O)O)O,1.4941666666666669,1.9051199,是
1599,1600,zhulab,91.22,CC(C(=O)NC(CC1=CC=CC=C1)C(=O)O)O,1.520333333333333,1.7435458,是
1600,1601,zhulab,170.55,C1=CC=C(C=C1)C[C@@H](C(=O)O)NC(=O)[C@H](CC2=CN=CN2)N,2.8425,2.783691,是
1601,1602,zhulab,76.26,COC1=CC(=CC(=C1O[C@H]2[C@@H]([C@H]([C@@H]([C@H](O2)CO)O)O)O)OC)/C=C/CO,1.271,1.6897378,是
1602,1603,zhulab,187.76,C1C[C@H](N(C1)C(=O)[C@@H]2CCC(=O)N2)C(=O)O,3.1293333333333333,2.498225,是
1603,1604,zhulab,101.3,CCCCCCCCCCCCCCCC(=O)N[C@@H](COP(=O)([O-])OCC[N+](C)(C)C)[C@@H](/C=C/CCCCCCCCCCCCC)O,1.6883333333333332,1.5875342,是
1605,1606,zhulab,99.55,C[C@H](CCC(=O)O)[C@H]1CC[C@@H]2[C@@]1([C@H](C[C@H]3[C@H]2[C@@H](C[C@H]4[C@@]3(CCC(=O)C4)C)O)O)C,1.659166666666667,1.9397018,是
1606,1607,zhulab,118.74,CCCCCCCC/C=C\CCCCCCCC(=O)OC[C@H](COP(=O)(O)O)OC(=O)CCCCCCC/C=C\CCCCCCCC,1.979,2.252685,是
1607,1608,zhulab,108.42,CCCCCC(=O)CC[C@H]1[C@@H](C[C@H]([C@@H]1CCC(=O)O)O)O,1.807,2.0376525,是
1608,1609,zhulab,264.45,CC(C(=O)O)C(CC(=O)O)(C(=O)O)O,4.4075,3.8327813,是
1609,1610,zhulab,229.41,C1=C(NC=N1)C[C@@H](C(=O)O)NC(=O)CCCN,3.8235,3.7494524,是
1610,1611,zhulab,183.69,CC(C)NCC(COC1=CC=C(C=C1)CC(=O)O)O,3.0615,2.8032546,是
1611,1612,zhulab,112.93,CCCCCCCC/C=C\CCCCCCCC(=O)OC[C@H](COP(=O)(O)OCCN)O,1.8821666666666668,1.935358,是
1612,1613,zhulab,80.02,CCCC(CCCO)C(=O)O,1.3336666666666666,1.4443771,是
1613,1614,zhulab,76.6,CCCCCCCCCCCCCCCC(=O)OC[C@H](COP(=O)(O)OCCN)OC(=O)CCCCCCC/C=C\C/C=C\CCCCC,1.2766666666666666,1.5110288,是
1614,1615,zhulab,229.97,C(CC(=O)O)C(C(=O)O)NC(=O)CN,3.832833333333333,3.7666955,是
1615,1616,zhulab,117.85,CC(C)[C@H](C(=O)N[C@@H](CCSC)C(=O)O)N,1.9641666666666664,2.2397938,是
1616,1617,zhulab,126.91,CC(C)C(C(=O)NC(C(C)C)C(=O)O)N,2.115166666666666,2.101584,是
1617,1618,zhulab,204.86,C(CS(=O)(=O)O)C(=O)O,3.414333333333333,2.718001,是
1618,1619,zhulab,167.3,C1C[C@@H](NC(=O)C1)C(=O)O,2.7883333333333336,2.2520897,是
1619,1620,zhulab,173.65,CC(C)C[C@@H](C(=O)O)NC(=O)CNC(=O)CN,2.8941666666666666,2.8678222,是
1620,1621,zhulab,252.08,C([C@H](C(=O)N[C@@H](CC(=O)O)C(=O)O)N)C(=O)O,4.201333333333333,3.9374816,是
1621,1622,zhulab,233.32,C1=C(NC=N1)C[C@@H](C(=O)N[C@@H](CC(=O)O)C(=O)O)N,3.8886666666666665,3.8604352,是
1623,1624,zhulab,188.78,CN(C)CCCC(=O)O,3.146333333333333,3.212319,是
1624,1625,zhulab,201.45,C([C@@H](C(=O)O)NC(=O)CN)O,3.3575,3.4324303,是
1625,1626,zhulab,101.74,C1=CC=C(C=C1)/C=C/C(=O)NCC(=O)O,1.6956666666666669,1.544018,是
1626,1627,zhulab,158.61,CC(=O)N1CCCC1C(=O)O,2.6435000000000004,2.4048629,是
1627,1628,zhulab,197.43,CC(=O)NCCCC(C(=O)O)N,3.2905,3.3676643,是
1628,1629,zhulab,167.9,C1=CN=C(N=C1)CC(=O)O,2.7983333333333333,2.0944476,是
1629,1630,zhulab,130.94,CCC(C)C(C(=O)N1CCCC1C(=O)NC(C(C)CC)C(=O)O)N,2.182333333333333,2.0717597,是
1630,1631,zhulab,232.76,C([C@@H](C(=O)O)NC(=O)CN)C(=O)O,3.879333333333333,3.7538345,是
1631,1632,zhulab,112.93,CC(C)C[C@@H](C(=O)N[C@@H](C(C)C)C(=O)O)N,1.8821666666666668,2.0410001,是
1633,1634,zhulab,156.9,CSCC[C@@H](C(=O)NCC(=O)O)N,2.615,2.8423052,是
1634,1635,zhulab,198.78,CC(=O)NC1C(C(C(OC1O)CO)OC2C(C(C(C(O2)CO)O)O)O)O,3.313,3.326927,是
1635,1636,zhulab,99.99,CC1=CC=CC=C1C(=O)NCC(=O)O,1.6665,1.5366116,是
1636,1637,zhulab,122.24,C[C@@H](C(=O)O)NC(=O)[C@H](CC1=CC=CC=C1)N,2.037333333333333,2.326178,是
1637,1638,zhulab,141.1,C1=CC=C(C=C1)O[C@H]2[C@@H]([C@H]([C@@H]([C@H](O2)C(=O)O)O)O)O,2.3516666666666666,2.2063653,是
1638,1639,zhulab,144.79,C1=CC=C2C(=C1)C(=CN2)C[C@@H](C(=O)NCC(=O)O)N,2.4131666666666667,2.5234413,是
1639,1640,zhulab,170.55,C#CCC(C(=O)O)N,2.8425,3.1175046,是
1640,1641,zhulab,189.29,CC(C(=O)O)NC(=O)C1CCCN1,3.1548333333333334,3.0845613,是
1641,1642,zhulab,117.85,C/C=C(\C)/C(=O)NCC(=O)O,1.9641666666666664,1.8941821,是
1642,1643,zhulab,169.67,C(CS(=O)(=O)O)N=C(N)N,2.827833333333333,2.464181,是
1643,1644,zhulab,155.52,CCCCCCCCCCCCCCCC(=O)OCC(COP(=O)(O)O)O,2.592,2.279399,是
1644,1645,zhulab,208.25,CC(=O)NC1C(C(C(OC1O)CO)O)OC2C(C(C(C(O2)CO)O)O)O,3.470833333333333,3.3315015,是
1645,1646,zhulab,106.18,CCOC1=CC2=C(C=C1)NC(C=C2C)(C)C,1.7696666666666667,3.2061558,是
1646,1647,zhulab,162.61,C1=NC2=C(NC1=O)N=C(NC2=O)N,2.710166666666667,1.541828,是
1647,1648,zhulab,74.56,CCCCCCCCCCCCCC(=O)O[C@H](COC(=O)CCCCCCC/C=C\CCCCCCCC)COP(=O)([O-])OCC[N+](C)(C)C,1.2426666666666668,1.4315841,是
1649,1650,zhulab,233.6,C1=CC(=CC=C1C(=O)N[C@@H](CCC(=O)O)C(=O)O)N,3.893333333333333,3.2920983,是
1650,1651,zhulab,127.73,C1=CC=C2C(=C1)C(C(=O)N2)CC(=O)O,2.1288333333333336,1.6532432,是
1651,1652,zhulab,108.87,C1=CC=C(C=C1)C[C@@H](C(=O)N[C@@H](CC2=CC=C(C=C2)O)C(=O)O)N,1.8145,2.1114085,是
1652,1653,zhulab,138.5,C1C[C@H](NC1)C(=O)N[C@@H](CC2=CC=CC=C2)C(=O)O,2.308333333333333,2.238411,是
1653,1654,zhulab,74.56,C1CCC(CC1)(CC(=O)O)O,1.2426666666666668,1.748687,是
1654,1655,zhulab,134.75,C[C@H]([C@@H](C(=O)N[C@@H](CC1=CC=CC=C1)C(=O)O)N)O,2.245833333333333,2.3960319,是
1655,1656,zhulab,81.04,CCCCCCCCCCCCCCCCC(=O)OCC(COP(=O)([O-])OCC[N+](C)(C)C)OC(CCCCCCCCCCCCCCCC)=O,1.350666666666667,1.3905137,是
1656,1657,zhulab,82.42,CCCCCCCCCCCCCCCCC(=O)OCC(COP(O)(=O)OCCN)(OC(CCCCCCCCCCCCCCCC)=O)[H],1.3736666666666666,1.4872506,是
1657,1658,zhulab,129.23,CCCCCCCCCCCCCCCCC(=O)OCC(COP(=O)(O)O)OC(=O)CCCCCCCCCCCCCCCC,2.153833333333333,2.1805282,是
1658,1659,zhulab,115.54,CCCCCCCCCCCCCCCCC(=O)OCC(COP(=O)([O-])OCC[N+](C)(C)C)(O)[H],1.9256666666666669,1.866746,是
1659,1660,zhulab,107.95,CCCCCCCCCCCCCCCCC(=NC(COP([O-])(=O)OCC[N+](C)(C)C)(C(C(=C(CCCCCCCCCCCCC)[H])[H])(O)[H])[H])O,1.7991666666666668,1.7094889,是
1660,1661,zhulab,123.66,CCCCCCCCCCCCCC(=O)OCC(COP(=O)(O)OCCN)O,2.061,2.077176,是
1661,1662,zhulab,109.91,[C@](COP(=O)([O-])OCC[N+](C)(C)C)([H])(O)CO/C=C\CCCCCCCCCCCCCC,1.8318333333333328,1.8886843,是
1662,1663,zhulab,116.45,CCCCCCCCCCCCCCCC(=O)OCC(COP(=O)([O-])OCC[N+](C)(C)C)(O)[H],1.9408333333333332,1.9033986,是
1663,1664,zhulab,112.29,[C@](COP(=O)(O)OCCN)([H])(O)CO/C=C\CCCCCCCCCCCCCCCC,1.8715,1.8909109,是
1664,1665,zhulab,98.67,CCCCCCCC/C=C\CCCCCCCC(=O)O[C@H](CC(=O)[O-])C[N+](C)(C)C,1.6445,1.6530936,是
1665,1666,zhulab,143.08,CCCCCCCCCCCCCC=CC(C(COP(=O)(O)O)NC(=O)CCCCCCCC=CCCCCCCCC)O,2.384666666666667,1.9640181,是
1666,1667,zhulab,74.43,CCCCCCCCCCCCCCCCC=COCC(COP(=O)([O-])OCC[N+](C)(C)C)OC(=O)CCCCCCCC=CCCCCCCCC,1.2405000000000002,1.3409939,是
1667,1668,zhulab,76.04,CCCCCCCCCCCCCCCCC=COCC(COP(=O)(O)OCCN)OC(=O)CCCCCCCC=CCCCCCCCC,1.2673333333333334,1.4453585,是
1668,1669,zhulab,81.79,CCCCCCCCC(=C(CCCCCCCC(=O)OC(COC(CCCCCCCCCCCCCCC)=O)(COP(O)(=O)OCCN)[H])[H])[H],1.3631666666666669,1.4784526,是
1669,1670,zhulab,122.6,CCCCCCCCCCCCCCCC(=O)OCC(COP(=O)(O)O)OC(=O)CCCCCCCC=CCCCCCCCC,2.043333333333333,2.2296023,是
1670,1671,zhulab,153.06,CCCCCCCCCCCCCCCCCC(=O)OCC(COP(=O)(O)O)O,2.551,2.189276,是
1671,1672,zhulab,75.97,CCCCCCCCC=CCCCCCCCC(=O)OCC(COP(=O)(O)OCC(CO)O)O,1.2661666666666669,1.8150027,是
1672,1673,zhulab,144.26,CCCCCCCC=CCCCCCCCC(=O)OCC(COP(=O)(O)OCC(C(=O)O)N)O,2.404333333333333,2.3658319,是
1673,1674,zhulab,107.11,CCCCCCCCCCCCCCCC(=O)NC(COC1C(C(C(C(O1)CO)OC2C(C(C(C(O2)CO)O)O)O)O)O)C(C=CCCCCCCCCCCCCC)O,1.7851666666666666,1.9604633,是
1674,1675,zhulab,146.2,CCCCCCCC=CCCCCCCCC(=O)OCC(COP(=O)(O)OC1C(C(C(C(C1O)O)O)O)O)O,2.4366666666666665,2.251997,是
1675,1676,zhulab,76.12,CCCCCCCCCCCC=CCCCCC(=O)OCC(COP(=O)([O-])OCC[N+](C)(C)C)OC(=O)CCCCC=CCCCCCCCCCCC,1.2686666666666668,1.351736,是
1676,1677,zhulab,76.73,CCCCCCCCC(=C(CCCCCCCC(=O)OCC(COP(=O)([O-])OCC[N+](C)(C)C)(OC(CCCCCCCC(=C(CCCCCCCC)[H])[H])=O)[H])[H])[H],1.2788333333333337,1.3518169,是
1677,1678,zhulab,76.51,CCCCCCCCC(=C(CCCCCCCC(=O)OCC(COP(=O)([O-])OCC[N+](C)(C)C)OC(CCCCCCCC(=C(CCCCCCCC)[H])[H])=O)[H])[H],1.2751666666666668,1.3518169,是
1678,1679,zhulab,81.07,CCCCCCCCCCCCCCCCCC(=O)OCC(COP(=O)([O-])OCC[N+](C)(C)C)OC(=O)CCCCCCCCCCCCCCC,1.3511666666666666,1.3905135,是
1679,1680,zhulab,78.88,CCCCCCCCCCCCCCCCCC(=O)OC(COC(=O)CCCCCCCCCCCCCCC)COP(=O)([O-])OCC[N+](C)(C)C,1.3146666666666669,1.3905137,是
1680,1681,zhulab,81.95,[H][C@@](COC(=O)CCCCCCCCCCCCC)(COP([O-])(=O)OCC[N+](C)(C)C)OC(=O)CCCCCCCCCCCCCCCCC,1.3658333333333337,1.4173428,是
1681,1682,zhulab,81.9,CCCCCCCCCCCCCCCCCC(=O)OCC(COP(=O)([O-])OCC[N+](C)(C)C)(OC(CCCCCCCCCCCCC)=O)[H],1.365,1.4173429,是
1682,1683,zhulab,96.26,CCCCCCCC(=O)OCC(COP(=O)([O-])OCC[N+](C)(C)C)OC(=O)CCCCCCC,1.6043333333333334,1.7887467,是
1683,1684,zhulab,89.65,CCCCCCCCCC(=O)OCC(COP(=O)([O-])OCC[N+](C)(C)C)OC(=O)CCCCCCCCC,1.4941666666666669,1.6661086,是
1684,1685,zhulab,85.78,CCCCCCCCCCCC(=O)OCC(COP(=O)([O-])OCC[N+](C)(C)C)(OC(CCCCCCCCCCC)=O)[H],1.4296666666666666,1.5653263,是
1685,1686,zhulab,82.64,CCCCCCCCCCCCCC(=O)OCC(COP(=O)([O-])OCC[N+](C)(C)C)(OC(CCCCCCCCCCCCC)=O)[H],1.3773333333333333,1.4827955,是
1686,1687,zhulab,77.93,CCCCCCCCCCCCCCCCCC(=O)OCC(COP(=O)([O-])OCC[N+](C)(C)C)(OC(CCCCCCCCCCCCCCCCC)=O)[H],1.2988333333333335,1.3672445,是
1687,1688,zhulab,79.09,CCCCCCCCCCCCCCCCCCCC(=O)OCC(COP(=O)([O-])OCC[N+](C)(C)C)(OC(CCCCCCCCCCCCCCCCCCC)=O)[H],1.3181666666666667,1.3302579,是
1688,1689,zhulab,81.12,CCCCCCCCCCCCCCCCCCCCCC(=O)OCC(COP(=O)([O-])OCC[N+](C)(C)C)OC(CCCCCCCCCCCCCCCCCCCCC)=O,1.352,1.3043754,是
1689,1690,zhulab,142.42,CCCCCCCCC=CCCCCCCCC(OCC(O)COP(O)(OCC(N)C(O)=O)=O)=O,2.3736666666666664,2.306837,是
1690,1691,zhulab,80.46,CCCCCCCCCCCCCCCCCC(=O)OCC(COP(=O)(O)OCCN)OC(=O)CCCCCCCC=CCC=CCCCCC,1.341,1.4545118,是
1691,1692,zhulab,75.1,CCCCCCCCCCCCCCCC(=O)OCC(COP(=O)([O-])OCC[N+](C)(C)C)OC(=O)CCCC=CCC=CCC=CCC=CCCCCC,1.2516666666666665,1.341498,是
1692,1693,zhulab,113.99,CCCCCCCCCCCCCCCCCC(=O)OCC(COP(=O)(O)OCC(C(=O)O)N)OC(=O)CCCCCCCC=CCC=CCCCCC,1.8998333333333333,1.6921673,是
1693,1694,zhulab,118.17,CCCCCCCCCCCCCCC(=O)OCC(COP(=O)([O-])OCC[N+](C)(C)C)O,1.9695,1.9424822,是
1694,1695,zhulab,114.73,CCCCCCCCCCCCC(=O)OCC(COP(=O)([O-])OCC[N+](C)(C)C)O,1.9121666666666668,2.0297155,是
1695,1696,zhulab,112.3,CCCCCCCCCCCCCCCCCCCC(=O)OCC(COP(=O)([O-])OCC[N+](C)(C)C)O,1.8716666666666664,1.7682366,是
1696,1697,zhulab,115.12,CCCCCCCCC=CCCCCCCCC(OCC(OC(CCCCCCCC=CCCCCCCCC)=O)COP(O)(OC1C(O)C(O)C(O)C(O)C1O)=O)=O,1.9186666666666667,1.7519689,是
1697,1698,zhulab,77.78,CCCCCCCC=CCCCCCCCC(OCC(O)COP(O)(OCC(O)CO)=O)=O,1.2963333333333331,1.8281529,是
1698,1699,zhulab,184.6,C(=O)C(=O)O,3.0766666666666667,3.5674498,是
1700,1701,zhulab,207.76,C(=C/C(=O)O)\C(=O)O,3.4626666666666663,3.5410447,是
1701,1702,zhulab,193.51,C(C(=O)O)N=C(N)N,3.2251666666666665,3.178138,是
1702,1703,zhulab,213.28,C(CC(=O)O)C(=O)O,3.554666666666667,3.3820617,是
1703,1704,zhulab,80.95,CSCCC(=O)O,1.3491666666666666,1.4295151,是
1704,1705,zhulab,124.53,C1=CC(=CN=C1)C(=O)O,2.0755,2.1966257,是
1705,1706,zhulab,168.79,C(CS(=O)(=O)O)N,2.8131666666666666,2.648621,是
1706,1707,zhulab,172.94,C1CC(=O)N[C@@H]1C(=O)O,2.8823333333333334,2.3566248,是
1707,1708,zhulab,217.85,C(C(C(=O)O)O)C(=O)O,3.630833333333333,3.516975,是
1708,1709,zhulab,83.22,C1=NC2=C(N1)C(=O)N=CN2,1.387,1.2886649,是
1709,1710,zhulab,62.94,C1=CC(=CC=C1C(=O)O)N,1.049,1.7229719,是
1710,1711,zhulab,90.55,C1=CC(=CC=C1C(=O)O)O,1.5091666666666663,1.7004712,是
1711,1712,zhulab,132.11,OC(=O)C1=CC(=O)NC(=O)N1,2.201833333333333,2.0375752,是
1713,1714,zhulab,214.53,C1=CC(=C(N=C1)C(=O)O)C(=O)O,3.5755,3.23348,是
1714,1715,zhulab,185.16,C12=C(NC(=O)N1)NC(=O)NC2=O,3.086,2.4335618,是
1715,1716,zhulab,197.76,C1[C@H]([C@@H]([C@@H](C=C1C(=O)O)O)O)O,3.296,3.2130365,是
1716,1717,zhulab,78.07,C([C@@H]1[C@H]([C@@H]([C@H](C(=O)O1)O)O)O)O,1.3011666666666666,1.7015841,是
1717,1718,zhulab,211.64,C1(C(C(C(C(C1O)O)O)O)O)O,3.527333333333333,2.9927194,是
1720,1721,zhulab,225.75,C(C(=O)O)C(CC(=O)O)(C(=O)O)O,3.7625,3.8812556,是
1721,1722,zhulab,122.24,C1=CC2=C(C(=C1)O)NC(=CC2=O)C(=O)O,2.037333333333333,1.8808396,是
1724,1725,zhulab,81.04,C1=CN(C(=O)NC1=O)[C@H]2[C@@H]([C@@H]([C@H](O2)CO)O)O,1.350666666666667,1.5874021,是
1725,1726,zhulab,120.2,C1=NC(=O)C2=C(N1)N(C=N2)[C@H]3[C@@H]([C@@H]([C@H](O3)CO)O)O,2.0033333333333334,1.9152892,是
1726,1727,zhulab,201.57,C([C@@H]1[C@H]([C@@H]([C@H]([C@H](O1)O[C@]2([C@H]([C@@H]([C@H](O2)CO)O)O)CO)O)O)O)O,3.3595,3.403749,是
1727,1728,zhulab,129.87,C[C@H](CCC(=O)O)[C@H]1CC[C@@H]2[C@@]1([C@H](C[C@H]3[C@H]2[C@@H](C[C@H]4[C@@]3(CC[C@H](C4)O)C)O)O)C,2.1645,2.1917279,是
1729,1730,zhulab,175.63,C(CO)N,2.9271666666666665,2.0354235,是
1730,1731,zhulab,198.31,C(C(=O)O)N,3.3051666666666666,3.1761882,是
1731,1732,zhulab,100.94,C1=C(NC(=O)N=C1)N,1.6823333333333332,1.3342699,是
1732,1733,zhulab,84.82,CN1CC(=O)N=C1N,1.4136666666666666,1.5017204,是
1733,1734,zhulab,192.6,C[C@H]([C@@H](C(=O)O)N)O,3.21,3.173815,是
1734,1735,zhulab,192.2,CN(CC(=O)O)C(=N)N,3.203333333333333,3.018518,是
1736,1737,zhulab,175.65,C1CCNC(C1)C(=O)O,2.9275,2.902597,是
1737,1738,zhulab,190.97,C1[C@H](CN[C@@H]1C(=O)O)O,3.1828333333333334,3.0842915,是
1738,1739,zhulab,151.13,CC(C)C[C@@H](C(=O)O)N,2.5188333333333333,2.4546661,是
1739,1740,zhulab,217.35,C([C@@H](C(=O)O)N)C(=O)O,3.6225,3.7026806,是
1740,1741,zhulab,78.22,C1=NC2=C(N1)C(=NC=N2)N,1.3036666666666668,1.3296144,是
1741,1742,zhulab,203.29,C(CC(=O)N)[C@@H](C(=O)O)N,3.3881666666666663,3.358242,是
1742,1743,zhulab,215.56,C(CC(=O)O)[C@@H](C(=O)O)N,3.5926666666666667,3.7314012,是
1743,1744,zhulab,162.43,CSCCC(C(=O)O)N,2.7071666666666667,2.6792297,是
1744,1745,zhulab,126.17,NC1=NC(=O)C2=C(N1)N=CN2,2.1028333333333333,1.6278255,是
1745,1746,zhulab,203.51,C1=C(NC=N1)C[C@@H](C(=O)O)N,3.391833333333333,3.4817483,是
1746,1747,zhulab,194.7,C[N+](C)(C)C[C@@H](CC(=O)[O-])O,3.245,3.0716643,是
1747,1748,zhulab,147.19,C1=CC=C(C=C1)CC(C(=O)O)N,2.4531666666666667,2.1833115,是
1748,1749,zhulab,261.42,C(CC(C(=O)O)(N)[H])CNC(=N)N,4.357,3.6817966,是
1749,1750,zhulab,210.79,C(C[C@@H](C(=O)O)N)CNC(=O)N,3.5131666666666663,3.5373845,是
1750,1751,zhulab,169.91,C1=CC(=CC=C1C[C@@H](C(=O)O)N)O,2.831833333333333,2.7668583,是
1751,1752,zhulab,247.2,C([C@@H](C(=O)O)N)OP(=O)(O)O,4.12,4.242607,是
1752,1753,zhulab,179.06,CC(=O)N[C@@H](CCC(N)=O)C(O)=O,2.9843333333333333,2.764246,是
1753,1754,zhulab,147.55,C1=CC=C2C(=C1)C(=CN2)C[C@@H](C(=O)O)N,2.459166666666667,2.3997424,是
1754,1755,zhulab,148.81,[H]C(=O)[C@H](NC(C)=O)[C@@H](O)[C@H](O)[C@H](O)CO,2.480166666666667,2.2811718,是
1755,1756,zhulab,228.63,C([C@@H](C(=O)O)N)SSC[C@@H](C(=O)O)N,3.8105,3.9926407,是
1756,1757,zhulab,130.13,C1[C@@H]([C@H](O[C@H]1N2C=NC3=C2NC(=NC3=O)N)CO)O,2.168833333333333,1.8925214,是
1757,1758,zhulab,150.46,C1=NC2=C(N1[C@H]3[C@@H]([C@@H]([C@H](O3)CO)O)O)NC(=NC2=O)N,2.5076666666666667,2.2044907,是
1758,1759,zhulab,118.41,CC1=CC2=C(C=C1C)N(CC(C(C(CO)(O)[H])(O)[H])(O)[H])C=3C(C(=NC(N3)=O)O)=N2,1.9735,2.0268183,是
1759,1760,zhulab,184.08,CNCC(=O)O,3.068,3.2685058,是
1760,1761,zhulab,128.45,CC(C(=O)O)O,2.140833333333333,2.339221,是
1762,1763,zhulab,114.79,C1=NC2=C(N1)C(=O)NC(=O)N2,1.913166666666667,1.3526454,是
1763,1764,zhulab,97.57,C1=CC=C2C(=C1)C(=O)C=C(N2)C(=O)O,1.6261666666666663,1.651662,是
1765,1766,zhulab,203.65,CN1C=NC=C1CC(C(=O)O)(N)[H],3.3941666666666666,3.2460318,是
1766,1767,zhulab,180.39,C([C@@H]1[C@H]([C@@H]([C@H](C(O1)O)N)O)O)O,3.0065,3.121571,是
1767,1768,zhulab,148.81,C1=CC=C(C(=C1)C(=O)C[C@@H](C(=O)O)N)N,2.480166666666667,2.5306244,是
1768,1769,zhulab,188.0,CC1=C(SC=[N+]1CC2=CN=C(N=C2N)C)CCO,3.1333333333333333,2.5341187,是
1769,1770,zhulab,231.52,C1=CC(=CC=C1C(=O)N[C@@H](CCC(=O)O)C(=O)O)NCC2=CN=C3C(=N2)C(=O)N=C(N3)N,3.8586666666666662,3.6141555,是
1770,1771,zhulab,191.07,C[C@@H](C(=O)O)N,3.1845,3.131599,是
1771,1772,zhulab,173.96,C1C[C@H](NC1)C(=O)O,2.8993333333333333,2.9656801,是
1772,1773,zhulab,155.41,CC[C@H](C)[C@@H](C(=O)O)N,2.5901666666666667,2.46289,是
1773,1774,zhulab,204.26,C(C(C(=O)O)N)O,3.404333333333333,3.2139065,是
1774,1775,zhulab,169.75,CC(C)[C@@H](C(=O)O)N,2.8291666666666666,2.6509657,是
1775,1776,zhulab,64.33,C1=CC=C(C=C1)COC(=O)NCC(=O)O,1.0721666666666667,1.5157919,是
1776,1777,zhulab,133.71,NC1=CC=C(C=C1)C(=O)NCC(O)=O,2.2285,2.0292826,是
1777,1778,zhulab,181.68,C1=C(C=C(C(=C1Br)O)Br)C[C@@H](C(=O)O)N,3.028,2.9642959,是
1778,1779,zhulab,130.71,NC(CC1=CC=C(Cl)C=C1)C(O)=O,2.1785,2.380997,是
1779,1780,zhulab,102.21,CSCC[C@@H](NC=O)C(O)=O,1.7034999999999998,1.9377615,是
1780,1781,zhulab,187.81,CC(C(=O)NCC(=O)O)S,3.1301666666666668,2.3734336,是
1781,1782,zhulab,173.4,C([C@@H]1[C@H]([C@@H]([C@H]([C@H](O1)O)O)O)O)O,2.89,2.3344264,是
1782,1783,zhulab,195.61,CC(C(=O)O)C(=O)O,3.260166666666667,3.3111358,是
1783,1784,zhulab,167.37,C1[C@H](NC(=O)NC1=O)C(=O)O,2.7895,2.5851016,是
1784,1785,zhulab,201.54,CS(=O)CCC(N)C(O)=O,3.359,3.2612882,是
1786,1787,zhulab,204.16,C([C@@H](C(=O)O)N)C(=O)N,3.4026666666666667,3.3425672,是
1787,1788,zhulab,267.23,C(CCN)C[C@@H](C(=O)O)N,4.453833333333334,4.021659,是
1788,1789,zhulab,209.47,C[N+](C)(C)CCOP([O-])(=O)OC[C@H](O)CO,3.4911666666666665,3.5420392,是
1789,1790,zhulab,197.65,C(CO)[C@@H](C(=O)O)N,3.294166666666667,3.2629342,是
1791,1792,zhulab,151.06,C[N+](C)(C)CCO,2.5176666666666665,2.8493729,是
1792,1793,zhulab,80.31,C[C@H](CCC(=O)O)[C@H]1CC[C@@H]2[C@@]1([C@H](C[C@H]3[C@H]2CC[C@H]4[C@@]3(CC[C@H](C4)O)C)O)C,1.3385,1.8890022,是
1793,1794,zhulab,166.47,CC(C)C(O)(CC(O)=O)C(O)=O,2.7745,3.1046858,是
1794,1795,zhulab,250.44,CN(C)C(=NCCC[C@@H](C(=O)O)N)N,4.174,3.7965689,是
1795,1796,zhulab,209.01,C(CS(=O)(=O)O)[C@@H](C(=O)O)N,3.4835,3.4228861,是
1796,1797,zhulab,225.72,C(C(C(C(=O)O)O)C(=O)O)C(=O)O,3.762,3.8810253,是
1797,1798,zhulab,169.41,CSC[C@H](N)C(O)=O,2.8235,2.7343826,是
1798,1799,zhulab,227.22,C([C@H]([C@H]([C@@H]([C@H](C(=O)O)O)O)O)O)O,3.787,3.6024995,是
1799,1800,zhulab,175.85,C1=NC2=C(N1[C@H]3[C@@H]([C@@H]([C@H](O3)CO)O)O)NC(=O)NC2=O,2.930833333333333,1.7417295,是
1800,1801,zhulab,173.12,OCC(O)C(O)=O,2.885333333333333,2.6750958,是
1801,1802,zhulab,111.63,NC(CC1=CC(I)=C(OC2=CC=C(O)C=C2)C(I)=C1)C(O)=O,1.8605,2.0801854,是
1802,1803,zhulab,196.9,C1=CC(=C(C=C1C[C@@H](C(=O)O)N)O)O,3.2816666666666667,3.22441,是
1803,1804,zhulab,133.19,C1=CC2=C(C=C1O)C(=CN2)CCN,2.2198333333333333,2.1142309,是
1804,1805,zhulab,119.28,C1=CC(=CC=C1CCN)O,1.988,2.0042162,是
1805,1806,zhulab,166.66,C1=CC2=C(C=C1O)C(=CN2)C[C@@H](C(=O)O)N,2.7776666666666667,2.8375382,是
1806,1807,zhulab,126.98,Cn1cc(CC(N)C(=O)O)c2ccccc12,2.1163333333333334,2.3059945,是
1807,1808,zhulab,107.47,C1=CC(=CC=C1CC(=O)O)O,1.7911666666666666,1.6328545,是
1808,1809,zhulab,109.25,COC1=C(C=CC(=C1)CCN)O,1.8208333333333333,2.0530698,是
1809,1810,zhulab,64.05,C1=CC=C2C(=C1)C(=CN2)CC(=O)O,1.0675,1.4220052,是
1810,1811,zhulab,172.65,C(C(C(C(C(CO)(O)[H])(O)[H])(O)[H])(O)[H])O,2.8775,2.6430933,是
1811,1812,zhulab,163.83,C([C@@H]1[C@H]([C@@H]([C@@H](C(O1)O)O)O)O)O,2.7305,2.3344264,是
1812,1813,zhulab,109.06,NC1=NC(=O)N(C=C1)[C@H]1C[C@H](O)[C@@H](CO)O1,1.8176666666666668,1.7141759,是
1813,1814,zhulab,169.04,C(C(C(C(C(CO)(O)[H])(O)[H])(O)[H])(O)[H])O,2.817333333333333,2.6430933,是
1814,1815,zhulab,93.66,[H][C@@](C)(O)[C@@]([H])(O)[C@@]([H])(O)[C@]([H])(O)C=O,1.561,1.5182836,是
1815,1816,zhulab,210.07,OC[C@H]1O[C@H](O[C@H]2[C@H](O)[C@H](O)[C@@H](O)O[C@@H]2CO)[C@H](O)[C@@H](O)[C@@H]1O,3.5011666666666668,3.5343184,是
1816,1817,zhulab,217.93,CC1=C(CCC(O)=O)/C2=C/C3=N/C(=C\C4=C(C)C(CCC(O)=O)=C(N4)/C=C4\N=C(\C=C\1/N\2)C(C)=C4CCC(O)=O)/C(CCC(O)=O)=C3C,3.632166666666667,3.7071617,是
1817,1818,zhulab,87.66,C1=COC(=C1)C(=O)O,1.461,1.4330552,是
1818,1819,zhulab,81.1,COC1=C(C=CC(=C1)C(=O)O)O,1.3516666666666666,1.7764869,是
1819,1820,zhulab,71.16,COC1=CC=C(CC(O)=O)C=C1OC,1.186,1.2522342,是
1820,1821,zhulab,179.54,CCC(C(=O)O)N,2.9923333333333333,2.911284,是
1821,1822,zhulab,201.14,C[C@@H](CCC(O)=O)CC(O)=O,3.352333333333333,3.1311622,是
1822,1823,zhulab,161.48,CC(=O)NCC(O)=O,2.691333333333333,2.542223,是
1823,1824,zhulab,199.21,C(/C=C/C(=O)O)C(=O)O,3.3201666666666667,3.4324899,是
1824,1825,zhulab,268.33,C(C[C@@H](C(=O)O)N)[C@H](CN)O,4.472166666666666,4.055393,是
1825,1826,zhulab,220.74,C1=C(NC=N1)C[C@@H](C(=O)O)NC(=O)CCN,3.679,3.7106848,是
1826,1827,zhulab,82.23,C1=CC(=C(C=C1O)CC(=O)O)O,1.3705,2.1282592,是
1827,1828,zhulab,87.64,COC1=C(O)C=CC(=C1)[C@H](O)C(O)=O,1.4606666666666668,2.0285969,是
1828,1829,zhulab,111.56,OC[C@@H](O)[C@H](O)[C@@H](O)C=O,1.8593333333333333,1.6409571,是
1829,1830,zhulab,98.84,COC1=C(C=CC(=C1)CC(=O)O)O,1.647333333333333,1.7300022,是
1830,1831,zhulab,275.6,C[S+](CC[C@@H](C(=O)[O-])N)C[C@@H]1[C@H]([C@H]([C@@H](O1)N2C=NC3=C2N=CN=C3N)O)O,4.593333333333334,4.257225,是
1831,1832,zhulab,208.89,C(CC(=O)O)CC(=O)O,3.4815,3.3834949,是
1832,1833,zhulab,121.03,CC(=O)N[C@@H](CC1=CC=C(O)C=C1)C(O)=O,2.0171666666666668,2.0720172,是
1833,1834,zhulab,78.98,C1=C2C(=NC(=O)NC2=O)NN1,1.3163333333333334,1.4051085,是
1834,1835,zhulab,201.2,C(CCC(=O)O)CCC(=O)O,3.353333333333333,3.249173,是
1835,1836,zhulab,190.27,N[C@@H](CC(O)=O)C(=O)N[C@@H](CC1=CC=CC=C1)C(O)=O,3.1711666666666667,3.2619238,是
1837,1838,zhulab,205.29,C1CC(N(C1)C(=O)CN)C(=O)O,3.4215,3.2882376,是
1838,1839,zhulab,203.73,CC(CC(O)=O)CC(O)=O,3.3955,3.1809883,是
1839,1840,zhulab,97.44,C1=CC=C(C=C1)C(=O)NCC(=O)O,1.624,1.5040425,是
1841,1842,zhulab,206.6,C(CCC(=O)O)CC(=O)O,3.4433333333333334,3.3440137,是
1842,1843,zhulab,132.95,OC[C@H](O)[C@@H](O)[C@H](O)CO,2.2158333333333333,2.0858254,是
1843,1844,zhulab,128.45,C1[C@@H]([C@@H]([C@H](C(O1)O)O)O)O,2.140833333333333,1.9639428,是
1844,1845,zhulab,203.04,CC(CCC(O)=O)C(O)=O,3.384,3.28725,是
1845,1846,zhulab,162.94,CCC(C(O)=O)C(O)=O,2.7156666666666665,3.031631,是
1846,1847,zhulab,101.87,C1=CC(=CC(=C1)O)CC(=O)O,1.6978333333333333,1.5578744,是
1847,1848,zhulab,172.38,NC1=NC(O)=NC2=C1NC=N2,2.873,1.7747495,是
1848,1849,zhulab,178.3,C1=C(NC=N1)CC(=O)O,2.9716666666666667,2.758489,是
1849,1850,zhulab,230.8,[C@H]([C@@H]([C@@H](C(=O)O)O)O)([C@H](C(=O)O)O)O,3.8466666666666662,3.90727,是
1850,1851,zhulab,144.91,CN=C(N)N,2.4151666666666665,2.164747,是
1851,1852,zhulab,126.08,CCCCCCC(N)C(O)=O,2.1013333333333333,2.284215,是
1852,1853,zhulab,190.98,CN1C=NC=C1CCN,3.183,2.560368,是
1853,1854,zhulab,188.16,C1=C(NC=N1)C[C@@H](CO)N,3.136,2.8036041,是
1854,1855,zhulab,183.43,C(CCCCC(=O)O)CCCC(=O)O,3.057166666666667,2.9919035,是
1855,1856,zhulab,94.94,C1=CC(=CC=C1CC(C(=O)O)O)O,1.5823333333333334,1.9122183,是
1856,1857,zhulab,103.13,CC(C)CC(=O)NCC(O)=O,1.7188333333333332,1.6114426,是
1857,1858,zhulab,190.97,CCCC(=O)CC,3.1828333333333334,3.015555,是
1859,1860,zhulab,89.55,CC(C)(CC(=O)O)O,1.4925,1.5667689,是
1860,1861,zhulab,190.39,C(CCCC(=O)O)CCCC(=O)O,3.1731666666666665,3.078553,是
1861,1862,zhulab,93.46,C1=CC=C(C=C1)CC(=O)NCC(=O)O,1.5576666666666663,1.5421541,是
1862,1863,zhulab,111.88,CC(=O)CCC(O)=O,1.8646666666666667,1.8799145,是
1863,1864,zhulab,138.75,CC(NC(C)=O)C(O)=O,2.3125,2.4901607,是
1864,1865,zhulab,207.31,C(C(=O)O)C(=O)O,3.4551666666666665,3.39679,是
1865,1866,zhulab,170.25,C([C@H]([C@H]([C@@H]([C@@H](CO)O)O)O)O)O,2.8375,2.6430933,是
1867,1868,zhulab,259.47,C(C[C@@H](C(=O)O)N)CN,4.3245000000000005,4.084618,是
1868,1869,zhulab,148.25,CCCCC(N)C(O)=O,2.470833333333333,2.5377827,是
1869,1870,zhulab,113.78,CN1C2=C(NC(=O)N2)C(=O)N(C)C1=O,1.8963333333333332,2.8230968,是
1870,1871,zhulab,270.03,NC(CCCC(N)C(O)=O)C(O)=O,4.5005,4.0911508,是
1871,1872,zhulab,238.52,C([C@@H]1[C@H]([C@@H]([C@H]([C@H](O1)O[C@@H]2[C@H](O[C@@H]([C@@H]([C@H]2O)O)O[C@@H]3[C@H](OC([C@@H]([C@H]3O)O)O)CO)CO)O)O)O)O,3.975333333333333,4.212103,是
1872,1873,zhulab,197.14,C(CCCC(=O)O)CCC(=O)O,3.2856666666666663,3.1624882,是
1873,1874,zhulab,187.6,CC(C)[C@@H]([C@H](C(=O)O)O)C(=O)O,3.1266666666666665,3.0657165,是
1874,1875,zhulab,198.7,C1=C(NC=N1)CCN,3.3116666666666665,2.899911,是
1875,1876,zhulab,130.75,CC(O)(CCO)CC(O)=O,2.1791666666666667,2.2434723,是
1876,1877,zhulab,67.65,CC(C)C(O)C(O)=O,1.1275000000000002,1.5188788,是
1877,1878,zhulab,108.42,OC(=O)CNC(=O)C1=CC=CO1,1.807,1.8524191,是
1878,1879,zhulab,224.43,CC1=C(C2=CC3=NC(=CC4=NC(=CC5=C(C(=C(N5)C=C1N2)CCC(=O)O)C)C(=C4C)CCC(=O)O)C(=C3C)CCC(=O)O)CCC(=O)O,3.7405,3.7026901,是
1879,1880,zhulab,209.29,CC(CC(=O)O)(C(=O)O)O,3.4881666666666664,3.458486,是
1880,1881,zhulab,182.04,C(CNC(=O)N)C(=O)O,3.034,2.9090106,是
1882,1883,zhulab,235.56,C(/C(=C\C(=O)O)/C(=O)O)C(=O)O,3.926,3.9021082,是
1883,1884,zhulab,68.38,CC1=CN([C@@H]2O[C@H](CO)[C@@H](O)[C@H]2O)C(=O)NC1=O,1.1396666666666666,1.5832233,是
1885,1886,zhulab,111.95,C1=CC(=C(C=C1[C@H](CN)O)O)O,1.8658333333333332,2.6270938,是
1886,1887,zhulab,126.69,CC1=CN(C(=O)N=C1N)[C@H]2[C@@H]([C@@H]([C@H](O2)CO)O)O,2.1115,1.7650785,是
1889,1890,zhulab,151.4,C([C@@H]1[C@H]([C@@H]([C@](O1)(CO)O)O)O)O,2.523333333333333,2.0779223,是
1890,1891,zhulab,214.94,CC(=C)CCOP(=O)(O)OP(=O)(O)O,3.582333333333333,3.8175306,是
1891,1892,zhulab,213.11,C([C@@H]1[C@@H]([C@@H]([C@H]([C@@H](O1)O[C@@H]2[C@H](O[C@H]([C@@H]([C@H]2O)O)O)CO)O)O)O)O,3.5518333333333336,3.5343184,是
1892,1893,zhulab,235.4,C[N+](C)(C)CCOP(=O)([O-])OP(=O)(O)OC[C@@H]1[C@H]([C@H]([C@@H](O1)N2C=CC(=NC2=O)N)O)O,3.923333333333333,3.9844456,是
1893,1894,zhulab,163.66,C1=C(NC=N1)/C=C/C(=O)O,2.7276666666666665,2.8717136,是
1894,1895,zhulab,110.53,[H][C@@]1(CC[C@@]2([H])[C@]3([H])[C@H](O)C[C@]4([H])C[C@H](O)CC[C@]4(C)[C@@]3([H])C[C@H](O)[C@]12C)[C@H](C)CCC(=O)NCCS(O)(=O)=O,1.8421666666666667,1.8605413,是
1895,1896,zhulab,110.03,C[C@H](CCC(=O)NCC(=O)O)[C@H]1CC[C@@H]2[C@@]1(CC[C@H]3[C@H]2[C@@H](C[C@H]4[C@@]3(CC[C@H](C4)O)C)O)C,1.8338333333333332,1.982105,是
1897,1898,zhulab,212.83,CC(=O)N[C@@H](CC(=O)O)C(=O)O,3.547166666666667,3.4565468,是
1898,1899,zhulab,69.73,COC(=O)CCCC(O)=O,1.1621666666666668,1.470841,是
1899,1900,zhulab,205.61,C(CCN)CC(=O)O,3.4268333333333336,3.3761456,是
1900,1901,zhulab,171.07,CC(=O)NCCCCCN,2.8511666666666664,2.7366664,是
1901,1902,zhulab,156.21,C1=CC(=CN=C1)C(=O)NCC(=O)O,2.6035,2.4763334,是
1903,1904,zhulab,159.6,CN1C(=O)C2=C(NC(=O)N2)NC1=O,2.66,2.447513,是
1905,1906,zhulab,247.7,C1=CC(=CC=C1C[C@@H](C(=O)O)N)OP(=O)(O)O,4.128333333333333,3.9767764,是
1906,1907,zhulab,143.11,NC(CC1=CC=CC=C1O)C(O)=O,2.385166666666667,2.720298,是
1907,1908,zhulab,129.33,CN1C2=C(NC1=O)N(C(=O)NC2=O)C,2.1555000000000004,2.4560885,是
1908,1909,zhulab,71.69,[H][C@@]1(OC(=O)C(=O)C1=O)[C@H](O)CO,1.1948333333333332,1.181236,是
1909,1910,zhulab,167.26,C1=CC(=O)NC=C1C(=O)O,2.7876666666666665,1.7451422,是
1910,1911,zhulab,132.93,CC(O)CCCC(O)=O,2.2155,1.8368387,是
1912,1913,zhulab,73.26,C1=CC(=CC(=C1)O)CCC(=O)O,1.221,1.6021913,是
1913,1914,zhulab,78.31,C1=CC(=CC=C1O)O[C@H]2[C@@H]([C@H]([C@@H]([C@H](O2)CO)O)O)O,1.3051666666666668,1.7520599,是
1914,1915,zhulab,127.42,C1=CC(=C(C=C1/C=C/C(=O)O)O)O,2.123666666666667,2.3761916,是
1915,1916,zhulab,63.54,C(C(C1(C(C(C(=O)O1)(O)[H])(O)[H])[H])(O)[H])O,1.059,1.684349,是
1916,1917,zhulab,140.75,OC[C@@H](O)[C@H](O)[C@H](O)C(=O)CO,2.345833333333333,2.1257324,是
1917,1918,zhulab,170.63,C(CCCCC(=O)O)CCC/C=C/C(=O)O,2.843833333333333,2.874455,是
1918,1919,zhulab,101.15,COC1=CC2=C(C=C1)NC=C2CCN,1.6858333333333335,1.8457847,是
1919,1920,zhulab,237.9,C1[C@@H]([C@H](O[C@H]1N2C=NC3=C2NC(=NC3=O)N)COP(=O)(O)O)O,3.965,3.9244184,是
1920,1921,zhulab,134.59,CCC(=O)NCC(O)=O,2.2431666666666668,2.0867507,是
1921,1922,zhulab,71.6,COC1C(O)C(CO)OC1N1C=NC2=C1NC=NC2=O,1.1933333333333331,1.5222446,是
1922,1923,zhulab,205.61,CN1C=C(N=C1)C[C@@H](C(=O)O)N,3.4268333333333336,3.3489304,是
1923,1924,zhulab,228.41,C1[C@@H](N(C2=C(N1)NC(=NC2=O)N)C=O)CNC3=CC=C(C=C3)C(=O)N[C@@H](CCC(=O)O)C(=O)O,3.806833333333333,3.5344667,是
1925,1926,zhulab,221.69,OC[C@H]1O[C@H](OC[C@H]2O[C@H](O)[C@H](O)[C@@H](O)[C@@H]2O)[C@H](O)[C@@H](O)[C@H]1O,3.694833333333333,3.6292186,是
1926,1927,zhulab,180.1,C(C1(C(C(C(C(O)(O1)[H])(O)[H])(O)[H])(O)[H])[H])O,3.0016666666666665,2.3344266,是
1927,1928,zhulab,234.97,C([C@@H]1[C@@H]([C@@H]([C@H]([C@H](O1)OC[C@@H]2[C@H]([C@@H]([C@H]([C@H](O2)O[C@]3([C@H]([C@@H]([C@H](O3)CO)O)O)CO)O)O)O)O)O)O)O,3.916166666666667,4.1914225,是
1929,1930,zhulab,212.84,C([C@@H]1[C@H]([C@@H]([C@H]([C@H](O1)O[C@@H]2[C@@H]([C@H]([C@@H]([C@H](O2)CO)O)O)O)O)O)O)O,3.547333333333333,3.5496657,是
1931,1932,zhulab,95.18,CCC(=O)O,1.5863333333333334,1.9324912,是
1932,1933,zhulab,73.31,[H][C@@]1(CC[C@@]2([H])[C@]3([H])CC[C@]4([H])C[C@H](O)CC[C@]4(C)[C@@]3([H])C[C@H](O)[C@]12C)[C@H](C)CCC(=O)NCCS(O)(=O)=O,1.221833333333333,1.7715163,是
1934,1935,zhulab,137.99,C(C(C(C(CO)O)O)O)O,2.2998333333333334,2.0858254,是
1935,1936,zhulab,76.69,O[C@@H]1O[C@@H]2[C@@H](O)C(=O)O[C@@H]2[C@H]1O,1.278166666666667,1.4309397,是
1936,1937,zhulab,209.63,C(C1(C(C(C(C(O1)(OC2(C(CO)(OC(C(C2(O)[H])(O)[H])(O)[H])[H])[H])[H])(O)[H])(O)[H])(O)[H])[H])O,3.4938333333333333,3.5343184,是
1938,1939,zhulab,87.47,C1=CNC(=C1)C(=O)O,1.457833333333333,1.5782652,是
1940,1941,zhulab,218.55,C([C@@H]1[C@H]([C@@H]([C@H]([C@H](O1)OC[C@@H]2[C@H]([C@@H]([C@H](C(O2)O)O)O)O)O)O)O)O,3.6425,3.6292186,是
1941,1942,zhulab,129.61,COC1=CC(=CC=C1O)C(O)CN,2.160166666666667,2.1097472,是
1942,1943,zhulab,218.78,C[C@H](NC(=O)CC[C@H](N)C(O)=O)C(O)=O,3.646333333333333,3.7387266,是
1943,1944,zhulab,235.33,C(CN(CC(=O)O)CC(=O)O)N(CC(=O)O)CC(=O)O,3.922166666666667,4.040424,是
1944,1945,zhulab,76.91,C1=CC=C(C(=C1)/C=C/C(=O)O)O,1.2818333333333334,1.7553134,是
1945,1946,zhulab,89.03,C([C@H]([C@@H](CO)O)O)O,1.4838333333333331,1.4877677,是
1946,1947,zhulab,210.64,NCCO[P@@](O)(=O)OC[C@@H](O)CO,3.5106666666666664,3.8420618,是
1948,1949,zhulab,198.6,NC(CS(O)(=O)=O)C(O)=O,3.31,3.3783057,是
1949,1950,zhulab,95.04,CNCCC1=CNC2=CC=CC=C21,1.584,1.9597691,是
1950,1951,zhulab,246.61,C(CP(=O)(O)O)N,4.110166666666667,4.206741,是
1951,1952,zhulab,89.85,C#CCC(=O)O,1.4974999999999998,2.1487393,是
1952,1953,zhulab,165.94,C[N+]1=CC=CC(=C1)C(=O)N,2.7656666666666667,2.6964388,是
1954,1955,zhulab,157.5,OCC(O)C(O)C(O)C(=O)CO,2.625,2.1257322,是
1955,1956,zhulab,191.17,[C@@H]([C@@H]([C@H](C(=O)O)O)O)([C@@H](C(=O)O)O)O,3.1861666666666664,3.90727,是
1956,1957,zhulab,144.75,C1C(=O)NC(=O)NC1=O,2.4125,1.5739148,是
1957,1958,zhulab,221.23,C(=O)(C(=O)O)O,3.6871666666666663,3.6396677,是
1958,1959,zhulab,132.42,OC(C#N)C1=CC=CC=C1,2.207,2.3643658,是
1959,1960,zhulab,75.51,[H][C@@](C)(O)[C@]([H])(O)[C@@]([H])(O)[C@@]([H])(O)C=O,1.2585000000000002,1.5182836,是
1960,1961,zhulab,84.76,C1=CC(=CC(=C1)O)C(=O)O,1.4126666666666667,1.6402371,是
1961,1962,zhulab,108.24,C1C(C(C(C(O)(O1)[H])(O)[H])(O)[H])(O)[H],1.804,1.9639428,是
1962,1963,zhulab,146.22,C1=CC=C2C=CC=CC2=C1,2.437,3.2754798,是
1963,1964,zhulab,139.25,C([C@@H](C([C@H](CO)O)O)O)O,2.3208333333333333,2.0858254,是
1965,1966,zhulab,90.88,CN1C=NC(N)=C2N=CN=C12,1.5146666666666666,2.1870074,是
1966,1967,zhulab,198.99,C=C(CC(=O)O)C(=O)O,3.3165,3.4316773,是
1967,1968,zhulab,203.3,C(CC(=O)O)CN,3.3883333333333336,3.3838077,是
1968,1969,zhulab,208.45,CC(C)CC(C)(C1=CC=C(C=C1)O)C2=CC=C(C=C2)O,3.474166666666666,3.4325173,是
1969,1970,zhulab,179.61,CCNC(=O)CC[C@@H](C(=O)O)N,2.9935,3.2396688,是
1970,1971,zhulab,119.57,C(CCCCCCCC(=O)O)CCCCCCC(=O)O,1.9928333333333328,2.2908492,是
1971,1972,zhulab,165.51,CC(=O)NCCCC(=O)O,2.7585,2.6704931,是
1972,1973,zhulab,112.93,C1[C@@H]([C@H]([C@@H]([C@H](O1)CO)O)O)O,1.8821666666666668,1.7784771,是
1973,1974,zhulab,157.72,C[N+]1(CCC[C@H]1C(=O)[O-])C,2.6286666666666667,2.874217,是
1974,1975,zhulab,264.97,C(CCN=C(N)N)C[C@@H](C(=O)O)N,4.416166666666667,3.8387365,是
1975,1976,zhulab,178.77,CC(=O)N[C@@H](CC1=CN=CN1)C(=O)O,2.9795000000000003,2.9651413,是
1976,1977,zhulab,205.49,C(CCNC(=O)N)C[C@@H](C(=O)O)N,3.4248333333333334,3.4604888,是
1977,1978,zhulab,165.19,CCC1C(C(=O)NC1CC2=NC(=CC3=C(C(=C(N3)CC4C(C(C(=O)N4)CC)C)C)CCC(=O)O)C(=C2C)CCC(=O)O)C,2.7531666666666665,2.5379033,是
1979,1980,zhulab,276.59,CN(C)CCCCC(N)C(O)=O,4.609833333333333,3.8970628,是
1981,1982,zhulab,100.69,CCOC(=O)[C@H](CCC1=CC=CC=C1)N[C@@H](C)C(=O)N2CCC[C@H]2C(=O)O,1.6781666666666666,1.9123918,是
1982,1983,zhulab,199.42,C(CSCCC(=O)O)C(=O)O,3.3236666666666665,3.284813,是
1983,1984,zhulab,199.47,CC(CC(=O)O)C(=O)O,3.3245,3.274826,是
1984,1985,zhulab,141.79,CCCCC[C@@H](C(=O)O)N,2.3631666666666664,2.415254,是
1985,1986,zhulab,75.05,CCC(C)(C(=O)O)O,1.2508333333333332,1.7579873,是
1988,1989,zhulab,226.58,C(CC(=O)N[C@@H](CCC(=O)N)C(=O)O)[C@@H](C(=O)O)N,3.7763333333333335,3.8127913,是
1989,1990,zhulab,103.8,CC[C@@H](C(=O)O)O,1.73,1.8578296,是
1991,1992,zhulab,79.58,CN1C(N)=NC2=C(NC=N2)C1=O,1.3263333333333334,1.5777429,是
1992,1993,zhulab,116.32,CCCCCCCCCCCCCCCCOC[C@H](COP(=O)([O-])OCC[N+](C)(C)C)O,1.9386666666666663,1.912125,是
1993,1994,zhulab,167.34,OCCC(O)C(O)=O,2.789,2.6428638,是
1994,1995,zhulab,108.5,CCC(C)C(=O)NCC(O)=O,1.8083333333333331,1.6047964,是
1996,1997,zhulab,77.13,OC(=O)C1=COC=C1,1.2855,1.5685034,是
1998,1999,zhulab,151.66,OC(=O)CC1=CN=CC=C1,2.5276666666666667,2.2659512,是
1999,2000,zhulab,119.19,CC1=CC(=NC=C1)C2=NC=CC(=C2)CCCC(=O)O,1.9865,1.802465,是
2000,2001,zhulab,101.49,NC1CNC(C1)C(O)=O,1.6915,3.5748599,是
2002,2003,zhulab,194.01,NC(=N)NCCC(O)=O,3.2335,3.157773,是
2003,2004,zhulab,164.34,OC(=O)CCCCCCCCCCC(O)=O,2.739,2.7940066,是
2006,2007,zhulab,121.86,CC(C)[C@H](NC(C)=O)C(O)=O,2.031,1.785418,是
2007,2008,zhulab,80.72,CCCCCCCC(=O)NCC(O)=O,1.3453333333333333,1.5129604,是
2008,2009,zhulab,138.1,C1CNC(C1)C1=CC=CN=C1,2.3016666666666667,1.9856355,是
2009,2010,zhulab,244.72,OP(=O)(O)O,4.078666666666667,4.189802,是
2010,2011,zhulab,273.34,OP(O)(=O)OP(O)(O)=O,4.555666666666666,4.570071,是
2011,2012,zhulab,159.64,C1CCNC1,2.6606666666666663,2.1049428,是
2012,2013,zhulab,183.07,C[N+](C)(C)[O-],3.0511666666666666,2.8511271,是
2015,2016,zhulab,105.25,CC1=C(NC(=O)N=C1)N,1.7541666666666669,1.346868,是
2017,2018,zhulab,72.19,C1CC1CC(=O)O,1.2031666666666667,1.7304616,是
2018,2019,zhulab,71.53,C(CO)N(CCO)CCO,1.1921666666666666,1.481036,是
2019,2020,zhulab,173.48,C(CO)NCCO,2.8913333333333333,1.9978156,是
2020,2021,zhulab,193.72,C(C(=O)NCC(=O)O)N,3.228666666666667,3.3058476,是
2021,2022,zhulab,162.58,C(C(CO)(CO)N)O,2.7096666666666667,2.1000068,是
2024,2025,zhulab,82.85,C1=CC(=CC=C1CCC(=O)O)O,1.3808333333333331,1.6623712,是
2026,2027,zhulab,95.24,C(CCCCCCCCC(=O)O)CCCCCCCC(=O)O,1.5873333333333333,2.0975008,是
2028,2029,zhulab,97.75,C1=CN=C(N=C1)CN,1.6291666666666669,1.900391,是
2029,2030,zhulab,76.4,CCCCCCCCCCCC[N+](C)(C)[O-],1.2733333333333334,1.747306,是
2030,2031,zhulab,102.49,CC[C@H](C)[C@@H](C(=O)O)NC(=O)[C@H](CC(C)C)N,1.7081666666666666,1.9197907,是
2031,2032,zhulab,216.41,C(C(=O)O)OCC(=O)O,3.606833333333333,3.3378923,是
2034,2035,zhulab,135.54,C1=CC(=CC=C1CC(=O)NCC(=O)O)O,2.259,2.0054805,是
2035,2036,zhulab,205.21,C(COCC(=O)O)OCCOCC(=O)O,3.420166666666667,3.299827,是
2037,2038,zhulab,120.23,C1=CC(=C(N=C1)N)C(=O)O,2.0038333333333336,2.1573603,是
2039,2040,zhulab,75.39,COC1=C(C=CC(=C1)CCC(=O)O)O,1.2565,1.7503653,是
2040,2041,zhulab,215.88,C(C1C(C(C(C(O1)OCC(C(C(C(CO)O)O)O)O)O)O)O)O,3.598,3.846104,是
2042,2043,zhulab,109.14,C1=CC=C2C(=C1)C(=CN2)CC(C(=O)O)NC=O,1.819,1.7362156,是
2043,2044,zhulab,92.0,CCCCOCCOCC(=O)O,1.5333333333333334,1.3077881,是
2044,2045,zhulab,80.46,C(CO)N(CCO)C(CO)(CO)CO,1.341,2.0273921,是
2045,2046,zhulab,157.17,C1=CC(=NC=C1C(=O)O)N,2.6195,2.2591295,是
2046,2047,zhulab,128.24,CCN(CC)CCO,2.1373333333333333,1.3823364,是
2048,2049,zhulab,207.81,C(CCC(=O)O)CCN,3.4635,3.2778463,是
2049,2050,zhulab,106.02,CC[C@H](C)[C@@H](C(=O)N[C@@H](CC(C)C)C(=O)O)N,1.767,1.9007851,是
2050,2051,zhulab,114.73,CC[C@H](C)[C@H](C(=O)O)NC(=O)[C@@H](C(C)C)N,1.9121666666666668,1.965894,是
2051,2052,zhulab,225.5,C(CCC(=O)O)CC(C(=O)O)N,3.758333333333333,3.6448655,是
2052,2053,zhulab,115.18,C1CCNC(C1)C(=O)N,1.9196666666666669,2.0751662,是
2053,2054,zhulab,191.09,C[C@@H](C(=O)O)NC(=O)CN,3.184833333333333,3.2764626,是
2054,2055,zhulab,208.51,C(C(C(=O)O)NC(=O)CN)C(=O)N,3.4751666666666665,3.4508097,是
2055,2056,zhulab,147.34,C[C@H]([C@@H](C(=O)N[C@@H](CC(C)C)C(=O)O)N)O,2.4556666666666667,2.6516933,是
2056,2057,zhulab,166.08,CC(=O)NCCCCC(C(=O)O)NC(=O)C,2.768,2.68685,是
2057,2058,zhulab,184.96,C1=CC=C(C=C1)C[C@@H](C(=O)N[C@@H](CCCCN)C(=O)O)N,3.082666666666667,3.3391323,是
2058,2059,zhulab,80.36,COC1=C(C=CC(=C1)/C=C/C(=O)O)O,1.3393333333333333,1.8369936,是
2059,2060,zhulab,196.08,C[C@@H](C(=O)N[C@@H](CCC(=O)N)C(=O)O)N,3.268,3.364876,是
2061,2062,zhulab,167.6,COC(=O)CCC(C(=O)O)N,2.793333333333333,2.717097,是
2062,2063,zhulab,101.3,CC(=O)CCCC(=O)O,1.6883333333333332,1.7709846,是
2063,2064,zhulab,86.65,CCC(=O)CCC(=O)O,1.4441666666666668,1.6391872,是
